[14-Jun-2025 09:41:13 Europe/Berlin] Attempting database connection. DreamHost environment: false
[14-Jun-2025 09:41:17 Europe/Berlin] Database connection error: No connection could be made because the target machine actively refused it
[14-Jun-2025 09:41:17 Europe/Berlin] Database initialization error: No connection could be made because the target machine actively refused it
[14-Jun-2025 09:41:24 Europe/Berlin] Attempting database connection. DreamHost environment: false
[14-Jun-2025 09:41:28 Europe/Berlin] Database connection error: No connection could be made because the target machine actively refused it
[14-Jun-2025 09:41:28 Europe/Berlin] Database initialization error: No connection could be made because the target machine actively refused it
[14-Jun-2025 09:41:28 Europe/Berlin] Attempting database connection. DreamHost environment: false
[14-Jun-2025 09:41:32 Europe/Berlin] Database connection error: No connection could be made because the target machine actively refused it
[14-Jun-2025 09:41:32 Europe/Berlin] PHP Fatal error:  Uncaught mysqli_sql_exception: No connection could be made because the target machine actively refused it in C:\xampp\htdocs\lead-management\config\database.php:85
Stack trace:
#0 C:\xampp\htdocs\lead-management\config\database.php(85): mysqli->__construct('localhost', 'root', Object(SensitiveParameterValue), 'real_estate_lea...')
#1 C:\xampp\htdocs\lead-management\includes\functions.php(283): getDbConnection()
#2 C:\xampp\htdocs\lead-management\login.php(20): validateLogin('markpatigayon.i...', 'markpatigayon22')
#3 {main}
  thrown in C:\xampp\htdocs\lead-management\config\database.php on line 85
[14-Jun-2025 09:43:01 Europe/Berlin] Attempting database connection. DreamHost environment: false
[14-Jun-2025 09:43:05 Europe/Berlin] Database connection error: No connection could be made because the target machine actively refused it
[14-Jun-2025 09:43:05 Europe/Berlin] Database initialization error: No connection could be made because the target machine actively refused it
[14-Jun-2025 09:43:05 Europe/Berlin] Attempting database connection. DreamHost environment: false
[14-Jun-2025 09:43:09 Europe/Berlin] Database connection error: No connection could be made because the target machine actively refused it
[14-Jun-2025 09:43:09 Europe/Berlin] PHP Fatal error:  Uncaught mysqli_sql_exception: No connection could be made because the target machine actively refused it in C:\xampp\htdocs\lead-management\config\database.php:85
Stack trace:
#0 C:\xampp\htdocs\lead-management\config\database.php(85): mysqli->__construct('localhost', 'root', Object(SensitiveParameterValue), 'real_estate_lea...')
#1 C:\xampp\htdocs\lead-management\includes\functions.php(283): getDbConnection()
#2 C:\xampp\htdocs\lead-management\login.php(20): validateLogin('markpatigayon.i...', 'markpatigayon22')
#3 {main}
  thrown in C:\xampp\htdocs\lead-management\config\database.php on line 85
[14-Jun-2025 09:46:24 Europe/Berlin] Attempting database connection. DreamHost environment: false
[14-Jun-2025 09:46:24 Europe/Berlin] Database connection successful to localhost/real_estate_leads
[14-Jun-2025 09:46:24 Europe/Berlin] Database initialization error: Can't create table `real_estate_leads`.`projects` (errno: 150 "Foreign key constraint is incorrectly formed")
[14-Jun-2025 09:46:24 Europe/Berlin] Attempting database connection. DreamHost environment: false
[14-Jun-2025 09:46:24 Europe/Berlin] Database connection successful to localhost/real_estate_leads
[14-Jun-2025 09:46:24 Europe/Berlin] Attempting database connection. DreamHost environment: false
[14-Jun-2025 09:46:24 Europe/Berlin] Database connection successful to localhost/real_estate_leads
[14-Jun-2025 09:46:24 Europe/Berlin] Database initialization error: Can't create table `real_estate_leads`.`projects` (errno: 150 "Foreign key constraint is incorrectly formed")
[14-Jun-2025 09:46:24 Europe/Berlin] Attempting database connection. DreamHost environment: false
[14-Jun-2025 09:46:24 Europe/Berlin] Database connection successful to localhost/real_estate_leads
[14-Jun-2025 09:46:24 Europe/Berlin] Attempting database connection. DreamHost environment: false
[14-Jun-2025 09:46:24 Europe/Berlin] Database connection successful to localhost/real_estate_leads
[14-Jun-2025 09:46:24 Europe/Berlin] Attempting database connection. DreamHost environment: false
[14-Jun-2025 09:46:24 Europe/Berlin] Database connection successful to localhost/real_estate_leads
[14-Jun-2025 09:46:24 Europe/Berlin] getRecentNotifications - User ID: 15, Last Read: 2025-06-09 08:38:30
[14-Jun-2025 09:46:24 Europe/Berlin] Notification: Lead Update, Created: 2025-06-09 17:16:57 (1749482217), Last Read: 2025-06-09 08:38:30 (1749451110), Is Read: false
[14-Jun-2025 09:46:24 Europe/Berlin] Notification: Lead Update, Created: 2025-06-09 11:04:26 (1749459866), Last Read: 2025-06-09 08:38:30 (1749451110), Is Read: false
[14-Jun-2025 09:46:24 Europe/Berlin] Notification: Downpayment Tracker, Created: 2025-06-09 11:04:10 (1749459850), Last Read: 2025-06-09 08:38:30 (1749451110), Is Read: false
[14-Jun-2025 09:46:24 Europe/Berlin] Header loaded - Total notifications: 3, Unread count: 3
[14-Jun-2025 09:46:45 Europe/Berlin] Attempting database connection. DreamHost environment: false
[14-Jun-2025 09:46:45 Europe/Berlin] Database connection successful to localhost/real_estate_leads
[14-Jun-2025 09:46:45 Europe/Berlin] Database initialization error: Can't create table `real_estate_leads`.`projects` (errno: 150 "Foreign key constraint is incorrectly formed")
[14-Jun-2025 09:46:45 Europe/Berlin] Attempting database connection. DreamHost environment: false
[14-Jun-2025 09:46:45 Europe/Berlin] Database connection successful to localhost/real_estate_leads
[14-Jun-2025 09:46:45 Europe/Berlin] Attempting database connection. DreamHost environment: false
[14-Jun-2025 09:46:45 Europe/Berlin] Database connection successful to localhost/real_estate_leads
[14-Jun-2025 09:46:45 Europe/Berlin] Attempting database connection. DreamHost environment: false
[14-Jun-2025 09:46:45 Europe/Berlin] Database connection successful to localhost/real_estate_leads
[14-Jun-2025 09:46:45 Europe/Berlin] getRecentNotifications - User ID: 15, Last Read: 2025-06-09 08:38:30
[14-Jun-2025 09:46:45 Europe/Berlin] Notification: Lead Update, Created: 2025-06-09 17:16:57 (1749482217), Last Read: 2025-06-09 08:38:30 (1749451110), Is Read: false
[14-Jun-2025 09:46:45 Europe/Berlin] Notification: Lead Update, Created: 2025-06-09 11:04:26 (1749459866), Last Read: 2025-06-09 08:38:30 (1749451110), Is Read: false
[14-Jun-2025 09:46:45 Europe/Berlin] Notification: Downpayment Tracker, Created: 2025-06-09 11:04:10 (1749459850), Last Read: 2025-06-09 08:38:30 (1749451110), Is Read: false
[14-Jun-2025 09:46:45 Europe/Berlin] Header loaded - Total notifications: 3, Unread count: 3
[14-Jun-2025 09:46:49 Europe/Berlin] Attempting database connection. DreamHost environment: false
[14-Jun-2025 09:46:49 Europe/Berlin] Database connection successful to localhost/real_estate_leads
[14-Jun-2025 09:46:49 Europe/Berlin] Database initialization error: Can't create table `real_estate_leads`.`projects` (errno: 150 "Foreign key constraint is incorrectly formed")
[14-Jun-2025 09:46:49 Europe/Berlin] Attempting database connection. DreamHost environment: false
[14-Jun-2025 09:46:49 Europe/Berlin] Database connection successful to localhost/real_estate_leads
[14-Jun-2025 09:46:49 Europe/Berlin] Attempting database connection. DreamHost environment: false
[14-Jun-2025 09:46:49 Europe/Berlin] Database connection successful to localhost/real_estate_leads
[14-Jun-2025 09:46:49 Europe/Berlin] PHP Warning:  Undefined array key "admin_only" in C:\xampp\htdocs\lead-management\links.php on line 163
[14-Jun-2025 09:46:49 Europe/Berlin] PHP Warning:  Undefined array key "manager_only" in C:\xampp\htdocs\lead-management\links.php on line 168
[14-Jun-2025 09:46:49 Europe/Berlin] Attempting database connection. DreamHost environment: false
[14-Jun-2025 09:46:49 Europe/Berlin] Database connection successful to localhost/real_estate_leads
[14-Jun-2025 09:46:49 Europe/Berlin] getRecentNotifications - User ID: 15, Last Read: 2025-06-09 08:38:30
[14-Jun-2025 09:46:49 Europe/Berlin] Notification: Lead Update, Created: 2025-06-09 17:16:57 (1749482217), Last Read: 2025-06-09 08:38:30 (1749451110), Is Read: false
[14-Jun-2025 09:46:49 Europe/Berlin] Notification: Lead Update, Created: 2025-06-09 11:04:26 (1749459866), Last Read: 2025-06-09 08:38:30 (1749451110), Is Read: false
[14-Jun-2025 09:46:49 Europe/Berlin] Notification: Downpayment Tracker, Created: 2025-06-09 11:04:10 (1749459850), Last Read: 2025-06-09 08:38:30 (1749451110), Is Read: false
[14-Jun-2025 09:46:49 Europe/Berlin] Header loaded - Total notifications: 3, Unread count: 3
[14-Jun-2025 09:46:49 Europe/Berlin] PHP Warning:  Undefined array key "admin_only" in C:\xampp\htdocs\lead-management\links.php on line 692
[14-Jun-2025 09:46:49 Europe/Berlin] PHP Warning:  Undefined array key "manager_only" in C:\xampp\htdocs\lead-management\links.php on line 692
[14-Jun-2025 09:46:49 Europe/Berlin] PHP Warning:  Undefined array key "admin_only" in C:\xampp\htdocs\lead-management\links.php on line 703
[14-Jun-2025 09:46:49 Europe/Berlin] PHP Warning:  Undefined array key "manager_only" in C:\xampp\htdocs\lead-management\links.php on line 705
[14-Jun-2025 09:48:09 Europe/Berlin] Attempting database connection. DreamHost environment: false
[14-Jun-2025 09:48:09 Europe/Berlin] Database connection successful to localhost/real_estate_leads
[14-Jun-2025 09:48:09 Europe/Berlin] Database initialization error: Can't create table `real_estate_leads`.`projects` (errno: 150 "Foreign key constraint is incorrectly formed")
[14-Jun-2025 09:48:09 Europe/Berlin] Attempting database connection. DreamHost environment: false
[14-Jun-2025 09:48:09 Europe/Berlin] Database connection successful to localhost/real_estate_leads
[14-Jun-2025 09:48:09 Europe/Berlin] Attempting database connection. DreamHost environment: false
[14-Jun-2025 09:48:09 Europe/Berlin] Database connection successful to localhost/real_estate_leads
[14-Jun-2025 09:48:09 Europe/Berlin] Attempting database connection. DreamHost environment: false
[14-Jun-2025 09:48:09 Europe/Berlin] Database connection successful to localhost/real_estate_leads
[14-Jun-2025 09:48:09 Europe/Berlin] getRecentNotifications - User ID: 15, Last Read: 2025-06-09 08:38:30
[14-Jun-2025 09:48:09 Europe/Berlin] Notification: Lead Update, Created: 2025-06-09 17:16:57 (1749482217), Last Read: 2025-06-09 08:38:30 (1749451110), Is Read: false
[14-Jun-2025 09:48:09 Europe/Berlin] Notification: Lead Update, Created: 2025-06-09 11:04:26 (1749459866), Last Read: 2025-06-09 08:38:30 (1749451110), Is Read: false
[14-Jun-2025 09:48:09 Europe/Berlin] Notification: Downpayment Tracker, Created: 2025-06-09 11:04:10 (1749459850), Last Read: 2025-06-09 08:38:30 (1749451110), Is Read: false
[14-Jun-2025 09:48:09 Europe/Berlin] Header loaded - Total notifications: 3, Unread count: 3
[14-Jun-2025 09:48:50 Europe/Berlin] Attempting database connection. DreamHost environment: false
[14-Jun-2025 09:48:50 Europe/Berlin] Database connection successful to localhost/real_estate_leads
[14-Jun-2025 09:48:50 Europe/Berlin] Database initialization error: Can't create table `real_estate_leads`.`projects` (errno: 150 "Foreign key constraint is incorrectly formed")
[14-Jun-2025 09:48:50 Europe/Berlin] Attempting database connection. DreamHost environment: false
[14-Jun-2025 09:48:50 Europe/Berlin] Database connection successful to localhost/real_estate_leads
[14-Jun-2025 09:48:50 Europe/Berlin] Attempting database connection. DreamHost environment: false
[14-Jun-2025 09:48:50 Europe/Berlin] Database connection successful to localhost/real_estate_leads
[14-Jun-2025 09:48:50 Europe/Berlin] Attempting database connection. DreamHost environment: false
[14-Jun-2025 09:48:50 Europe/Berlin] Database connection successful to localhost/real_estate_leads
[14-Jun-2025 09:48:50 Europe/Berlin] getRecentNotifications - User ID: 15, Last Read: 2025-06-09 08:38:30
[14-Jun-2025 09:48:50 Europe/Berlin] Notification: Lead Update, Created: 2025-06-09 17:16:57 (1749482217), Last Read: 2025-06-09 08:38:30 (1749451110), Is Read: false
[14-Jun-2025 09:48:50 Europe/Berlin] Notification: Lead Update, Created: 2025-06-09 11:04:26 (1749459866), Last Read: 2025-06-09 08:38:30 (1749451110), Is Read: false
[14-Jun-2025 09:48:50 Europe/Berlin] Notification: Downpayment Tracker, Created: 2025-06-09 11:04:10 (1749459850), Last Read: 2025-06-09 08:38:30 (1749451110), Is Read: false
[14-Jun-2025 09:48:50 Europe/Berlin] Header loaded - Total notifications: 3, Unread count: 3
[14-Jun-2025 09:49:45 Europe/Berlin] Attempting database connection. DreamHost environment: false
[14-Jun-2025 09:49:45 Europe/Berlin] Database connection successful to localhost/real_estate_leads
[14-Jun-2025 09:49:45 Europe/Berlin] Database initialization error: Can't create table `real_estate_leads`.`projects` (errno: 150 "Foreign key constraint is incorrectly formed")
[14-Jun-2025 09:49:45 Europe/Berlin] Attempting database connection. DreamHost environment: false
[14-Jun-2025 09:49:45 Europe/Berlin] Database connection successful to localhost/real_estate_leads
[14-Jun-2025 09:49:45 Europe/Berlin] Attempting database connection. DreamHost environment: false
[14-Jun-2025 09:49:45 Europe/Berlin] Database connection successful to localhost/real_estate_leads
[14-Jun-2025 09:49:45 Europe/Berlin] Attempting database connection. DreamHost environment: false
[14-Jun-2025 09:49:45 Europe/Berlin] Database connection successful to localhost/real_estate_leads
[14-Jun-2025 09:49:45 Europe/Berlin] getRecentNotifications - User ID: 15, Last Read: 2025-06-09 08:38:30
[14-Jun-2025 09:49:45 Europe/Berlin] Notification: Lead Update, Created: 2025-06-09 17:16:57 (1749482217), Last Read: 2025-06-09 08:38:30 (1749451110), Is Read: false
[14-Jun-2025 09:49:45 Europe/Berlin] Notification: Lead Update, Created: 2025-06-09 11:04:26 (1749459866), Last Read: 2025-06-09 08:38:30 (1749451110), Is Read: false
[14-Jun-2025 09:49:45 Europe/Berlin] Notification: Downpayment Tracker, Created: 2025-06-09 11:04:10 (1749459850), Last Read: 2025-06-09 08:38:30 (1749451110), Is Read: false
[14-Jun-2025 09:49:45 Europe/Berlin] Header loaded - Total notifications: 3, Unread count: 3
[14-Jun-2025 09:50:53 Europe/Berlin] Attempting database connection. DreamHost environment: false
[14-Jun-2025 09:50:53 Europe/Berlin] Database connection successful to localhost/real_estate_leads
[14-Jun-2025 09:50:53 Europe/Berlin] Database initialization error: Can't create table `real_estate_leads`.`projects` (errno: 150 "Foreign key constraint is incorrectly formed")
[14-Jun-2025 09:50:53 Europe/Berlin] Attempting database connection. DreamHost environment: false
[14-Jun-2025 09:50:53 Europe/Berlin] Database connection successful to localhost/real_estate_leads
[14-Jun-2025 09:50:53 Europe/Berlin] Attempting database connection. DreamHost environment: false
[14-Jun-2025 09:50:53 Europe/Berlin] Database connection successful to localhost/real_estate_leads
[14-Jun-2025 09:50:53 Europe/Berlin] Attempting database connection. DreamHost environment: false
[14-Jun-2025 09:50:53 Europe/Berlin] Database connection successful to localhost/real_estate_leads
[14-Jun-2025 09:50:53 Europe/Berlin] getRecentNotifications - User ID: 15, Last Read: 2025-06-09 08:38:30
[14-Jun-2025 09:50:53 Europe/Berlin] Notification: Lead Update, Created: 2025-06-09 17:16:57 (1749482217), Last Read: 2025-06-09 08:38:30 (1749451110), Is Read: false
[14-Jun-2025 09:50:53 Europe/Berlin] Notification: Lead Update, Created: 2025-06-09 11:04:26 (1749459866), Last Read: 2025-06-09 08:38:30 (1749451110), Is Read: false
[14-Jun-2025 09:50:53 Europe/Berlin] Notification: Downpayment Tracker, Created: 2025-06-09 11:04:10 (1749459850), Last Read: 2025-06-09 08:38:30 (1749451110), Is Read: false
[14-Jun-2025 09:50:53 Europe/Berlin] Header loaded - Total notifications: 3, Unread count: 3
[14-Jun-2025 13:47:59 Europe/Berlin] Attempting database connection. DreamHost environment: false
[14-Jun-2025 13:47:59 Europe/Berlin] Database connection successful to localhost/real_estate_leads
[14-Jun-2025 13:47:59 Europe/Berlin] Database initialization error: Can't create table `real_estate_leads`.`projects` (errno: 150 "Foreign key constraint is incorrectly formed")
[14-Jun-2025 13:47:59 Europe/Berlin] Attempting database connection. DreamHost environment: false
[14-Jun-2025 13:47:59 Europe/Berlin] Database connection successful to localhost/real_estate_leads
[14-Jun-2025 13:47:59 Europe/Berlin] Database initialization error: Can't create table `real_estate_leads`.`projects` (errno: 150 "Foreign key constraint is incorrectly formed")
[14-Jun-2025 14:30:27 Europe/Berlin] Attempting database connection. DreamHost environment: false
[14-Jun-2025 14:30:27 Europe/Berlin] Database connection successful to localhost/real_estate_leads
[14-Jun-2025 14:30:27 Europe/Berlin] Database initialization error: Can't create table `real_estate_leads`.`projects` (errno: 150 "Foreign key constraint is incorrectly formed")
[14-Jun-2025 14:30:37 Europe/Berlin] Attempting database connection. DreamHost environment: false
[14-Jun-2025 14:30:37 Europe/Berlin] Database connection successful to localhost/real_estate_leads
[14-Jun-2025 14:30:37 Europe/Berlin] Database initialization error: Can't create table `real_estate_leads`.`projects` (errno: 150 "Foreign key constraint is incorrectly formed")
[14-Jun-2025 14:30:37 Europe/Berlin] Attempting database connection. DreamHost environment: false
[14-Jun-2025 14:30:37 Europe/Berlin] Database connection successful to localhost/real_estate_leads
[14-Jun-2025 14:30:37 Europe/Berlin] Attempting database connection. DreamHost environment: false
[14-Jun-2025 14:30:37 Europe/Berlin] Database connection successful to localhost/real_estate_leads
[14-Jun-2025 14:30:37 Europe/Berlin] Database initialization error: Can't create table `real_estate_leads`.`projects` (errno: 150 "Foreign key constraint is incorrectly formed")
[14-Jun-2025 14:30:37 Europe/Berlin] Attempting database connection. DreamHost environment: false
[14-Jun-2025 14:30:37 Europe/Berlin] Database connection successful to localhost/real_estate_leads
[14-Jun-2025 14:30:37 Europe/Berlin] Attempting database connection. DreamHost environment: false
[14-Jun-2025 14:30:37 Europe/Berlin] Database connection successful to localhost/real_estate_leads
[14-Jun-2025 14:30:37 Europe/Berlin] Attempting database connection. DreamHost environment: false
[14-Jun-2025 14:30:37 Europe/Berlin] Database connection successful to localhost/real_estate_leads
[14-Jun-2025 14:30:37 Europe/Berlin] getRecentNotifications - User ID: 15, Last Read: 2025-06-09 08:38:30
[14-Jun-2025 14:30:37 Europe/Berlin] Notification: Lead Update, Created: 2025-06-09 17:16:57 (1749482217), Last Read: 2025-06-09 08:38:30 (1749451110), Is Read: false
[14-Jun-2025 14:30:37 Europe/Berlin] Notification: Lead Update, Created: 2025-06-09 11:04:26 (1749459866), Last Read: 2025-06-09 08:38:30 (1749451110), Is Read: false
[14-Jun-2025 14:30:37 Europe/Berlin] Notification: Downpayment Tracker, Created: 2025-06-09 11:04:10 (1749459850), Last Read: 2025-06-09 08:38:30 (1749451110), Is Read: false
[14-Jun-2025 14:30:37 Europe/Berlin] Header loaded - Total notifications: 3, Unread count: 3
[14-Jun-2025 14:30:41 Europe/Berlin] Attempting database connection. DreamHost environment: false
[14-Jun-2025 14:30:41 Europe/Berlin] Database connection successful to localhost/real_estate_leads
[14-Jun-2025 14:30:41 Europe/Berlin] Database initialization error: Can't create table `real_estate_leads`.`projects` (errno: 150 "Foreign key constraint is incorrectly formed")
[14-Jun-2025 14:30:41 Europe/Berlin] Attempting database connection. DreamHost environment: false
[14-Jun-2025 14:30:41 Europe/Berlin] Database connection successful to localhost/real_estate_leads
[14-Jun-2025 14:30:41 Europe/Berlin] Attempting database connection. DreamHost environment: false
[14-Jun-2025 14:30:41 Europe/Berlin] Database connection successful to localhost/real_estate_leads
[14-Jun-2025 14:30:41 Europe/Berlin] getRecentNotifications - User ID: 15, Last Read: 2025-06-09 08:38:30
[14-Jun-2025 14:30:41 Europe/Berlin] Notification: Lead Update, Created: 2025-06-09 17:16:57 (1749482217), Last Read: 2025-06-09 08:38:30 (1749451110), Is Read: false
[14-Jun-2025 14:30:41 Europe/Berlin] Notification: Lead Update, Created: 2025-06-09 11:04:26 (1749459866), Last Read: 2025-06-09 08:38:30 (1749451110), Is Read: false
[14-Jun-2025 14:30:41 Europe/Berlin] Notification: Downpayment Tracker, Created: 2025-06-09 11:04:10 (1749459850), Last Read: 2025-06-09 08:38:30 (1749451110), Is Read: false
[14-Jun-2025 14:30:41 Europe/Berlin] Header loaded - Total notifications: 3, Unread count: 3
[14-Jun-2025 14:30:44 Europe/Berlin] Attempting database connection. DreamHost environment: false
[14-Jun-2025 14:30:44 Europe/Berlin] Database connection successful to localhost/real_estate_leads
[14-Jun-2025 14:30:44 Europe/Berlin] Database initialization error: Can't create table `real_estate_leads`.`projects` (errno: 150 "Foreign key constraint is incorrectly formed")
[14-Jun-2025 14:30:44 Europe/Berlin] Attempting database connection. DreamHost environment: false
[14-Jun-2025 14:30:44 Europe/Berlin] Database connection successful to localhost/real_estate_leads
[14-Jun-2025 14:30:44 Europe/Berlin] Attempting database connection. DreamHost environment: false
[14-Jun-2025 14:30:44 Europe/Berlin] Database connection successful to localhost/real_estate_leads
[14-Jun-2025 14:30:44 Europe/Berlin] getRecentNotifications - User ID: 15, Last Read: 2025-06-09 08:38:30
[14-Jun-2025 14:30:44 Europe/Berlin] Notification: Lead Update, Created: 2025-06-09 17:16:57 (1749482217), Last Read: 2025-06-09 08:38:30 (1749451110), Is Read: false
[14-Jun-2025 14:30:44 Europe/Berlin] Notification: Lead Update, Created: 2025-06-09 11:04:26 (1749459866), Last Read: 2025-06-09 08:38:30 (1749451110), Is Read: false
[14-Jun-2025 14:30:44 Europe/Berlin] Notification: Downpayment Tracker, Created: 2025-06-09 11:04:10 (1749459850), Last Read: 2025-06-09 08:38:30 (1749451110), Is Read: false
[14-Jun-2025 14:30:44 Europe/Berlin] Header loaded - Total notifications: 3, Unread count: 3
[14-Jun-2025 14:30:52 Europe/Berlin] Attempting database connection. DreamHost environment: false
[14-Jun-2025 14:30:52 Europe/Berlin] Database connection successful to localhost/real_estate_leads
[14-Jun-2025 14:30:52 Europe/Berlin] Database initialization error: Can't create table `real_estate_leads`.`projects` (errno: 150 "Foreign key constraint is incorrectly formed")
[14-Jun-2025 14:31:01 Europe/Berlin] Attempting database connection. DreamHost environment: false
[14-Jun-2025 14:31:01 Europe/Berlin] Database connection successful to localhost/real_estate_leads
[14-Jun-2025 14:31:01 Europe/Berlin] Database initialization error: Can't create table `real_estate_leads`.`projects` (errno: 150 "Foreign key constraint is incorrectly formed")
[14-Jun-2025 14:31:01 Europe/Berlin] Attempting database connection. DreamHost environment: false
[14-Jun-2025 14:31:01 Europe/Berlin] Database connection successful to localhost/real_estate_leads
[14-Jun-2025 14:31:01 Europe/Berlin] Attempting database connection. DreamHost environment: false
[14-Jun-2025 14:31:01 Europe/Berlin] Database connection successful to localhost/real_estate_leads
[14-Jun-2025 14:31:01 Europe/Berlin] Database initialization error: Can't create table `real_estate_leads`.`projects` (errno: 150 "Foreign key constraint is incorrectly formed")
[14-Jun-2025 14:31:01 Europe/Berlin] Attempting database connection. DreamHost environment: false
[14-Jun-2025 14:31:01 Europe/Berlin] Database connection successful to localhost/real_estate_leads
[14-Jun-2025 14:31:01 Europe/Berlin] Attempting database connection. DreamHost environment: false
[14-Jun-2025 14:31:01 Europe/Berlin] Database connection successful to localhost/real_estate_leads
[14-Jun-2025 14:31:01 Europe/Berlin] Attempting database connection. DreamHost environment: false
[14-Jun-2025 14:31:01 Europe/Berlin] Database connection successful to localhost/real_estate_leads
[14-Jun-2025 14:31:01 Europe/Berlin] getRecentNotifications - User ID: 8, Last Read: NULL
[14-Jun-2025 14:31:01 Europe/Berlin] No last_read timestamp, marking as unread: Lead Update
[14-Jun-2025 14:31:01 Europe/Berlin] No last_read timestamp, marking as unread: Lead Update
[14-Jun-2025 14:31:01 Europe/Berlin] Header loaded - Total notifications: 2, Unread count: 2
[14-Jun-2025 14:31:03 Europe/Berlin] Attempting database connection. DreamHost environment: false
[14-Jun-2025 14:31:03 Europe/Berlin] Database connection successful to localhost/real_estate_leads
[14-Jun-2025 14:31:03 Europe/Berlin] Database initialization error: Can't create table `real_estate_leads`.`projects` (errno: 150 "Foreign key constraint is incorrectly formed")
[14-Jun-2025 14:31:03 Europe/Berlin] Attempting database connection. DreamHost environment: false
[14-Jun-2025 14:31:03 Europe/Berlin] Database connection successful to localhost/real_estate_leads
[14-Jun-2025 14:31:03 Europe/Berlin] Attempting database connection. DreamHost environment: false
[14-Jun-2025 14:31:03 Europe/Berlin] Database connection successful to localhost/real_estate_leads
[14-Jun-2025 14:31:03 Europe/Berlin] getRecentNotifications - User ID: 8, Last Read: NULL
[14-Jun-2025 14:31:03 Europe/Berlin] No last_read timestamp, marking as unread: Lead Update
[14-Jun-2025 14:31:03 Europe/Berlin] No last_read timestamp, marking as unread: Lead Update
[14-Jun-2025 14:31:03 Europe/Berlin] Header loaded - Total notifications: 2, Unread count: 2
[14-Jun-2025 14:31:05 Europe/Berlin] Attempting database connection. DreamHost environment: false
[14-Jun-2025 14:31:05 Europe/Berlin] Database connection successful to localhost/real_estate_leads
[14-Jun-2025 14:31:05 Europe/Berlin] Database initialization error: Can't create table `real_estate_leads`.`projects` (errno: 150 "Foreign key constraint is incorrectly formed")
[14-Jun-2025 14:31:05 Europe/Berlin] Attempting database connection. DreamHost environment: false
[14-Jun-2025 14:31:05 Europe/Berlin] Database connection successful to localhost/real_estate_leads
[14-Jun-2025 14:31:05 Europe/Berlin] Attempting database connection. DreamHost environment: false
[14-Jun-2025 14:31:05 Europe/Berlin] Database connection successful to localhost/real_estate_leads
[14-Jun-2025 14:31:05 Europe/Berlin] getRecentNotifications - User ID: 8, Last Read: NULL
[14-Jun-2025 14:31:05 Europe/Berlin] No last_read timestamp, marking as unread: Lead Update
[14-Jun-2025 14:31:05 Europe/Berlin] No last_read timestamp, marking as unread: Lead Update
[14-Jun-2025 14:31:05 Europe/Berlin] Header loaded - Total notifications: 2, Unread count: 2
[14-Jun-2025 14:31:17 Europe/Berlin] Attempting database connection. DreamHost environment: false
[14-Jun-2025 14:31:18 Europe/Berlin] Database connection successful to localhost/real_estate_leads
[14-Jun-2025 14:31:18 Europe/Berlin] Database initialization error: Can't create table `real_estate_leads`.`projects` (errno: 150 "Foreign key constraint is incorrectly formed")
[14-Jun-2025 14:31:18 Europe/Berlin] Attempting database connection. DreamHost environment: false
[14-Jun-2025 14:31:18 Europe/Berlin] Database connection successful to localhost/real_estate_leads
[14-Jun-2025 14:31:18 Europe/Berlin] Attempting database connection. DreamHost environment: false
[14-Jun-2025 14:31:18 Europe/Berlin] Database connection successful to localhost/real_estate_leads
[14-Jun-2025 14:31:18 Europe/Berlin] getRecentNotifications - User ID: 8, Last Read: NULL
[14-Jun-2025 14:31:18 Europe/Berlin] No last_read timestamp, marking as unread: Lead Update
[14-Jun-2025 14:31:18 Europe/Berlin] No last_read timestamp, marking as unread: Lead Update
[14-Jun-2025 14:31:18 Europe/Berlin] Header loaded - Total notifications: 2, Unread count: 2
[14-Jun-2025 14:31:19 Europe/Berlin] Attempting database connection. DreamHost environment: false
[14-Jun-2025 14:31:19 Europe/Berlin] Database connection successful to localhost/real_estate_leads
[14-Jun-2025 14:31:19 Europe/Berlin] Database initialization error: Can't create table `real_estate_leads`.`projects` (errno: 150 "Foreign key constraint is incorrectly formed")
[14-Jun-2025 14:31:19 Europe/Berlin] Attempting database connection. DreamHost environment: false
[14-Jun-2025 14:31:19 Europe/Berlin] Database connection successful to localhost/real_estate_leads
[14-Jun-2025 14:31:19 Europe/Berlin] Attempting database connection. DreamHost environment: false
[14-Jun-2025 14:31:20 Europe/Berlin] Database connection successful to localhost/real_estate_leads
[14-Jun-2025 14:31:20 Europe/Berlin] getRecentNotifications - User ID: 8, Last Read: NULL
[14-Jun-2025 14:31:20 Europe/Berlin] No last_read timestamp, marking as unread: Lead Update
[14-Jun-2025 14:31:20 Europe/Berlin] No last_read timestamp, marking as unread: Lead Update
[14-Jun-2025 14:31:20 Europe/Berlin] Header loaded - Total notifications: 2, Unread count: 2
[14-Jun-2025 14:31:23 Europe/Berlin] Attempting database connection. DreamHost environment: false
[14-Jun-2025 14:31:23 Europe/Berlin] Database connection successful to localhost/real_estate_leads
[14-Jun-2025 14:31:23 Europe/Berlin] Database initialization error: Can't create table `real_estate_leads`.`projects` (errno: 150 "Foreign key constraint is incorrectly formed")
[14-Jun-2025 14:31:23 Europe/Berlin] Attempting database connection. DreamHost environment: false
[14-Jun-2025 14:31:23 Europe/Berlin] Database connection successful to localhost/real_estate_leads
[14-Jun-2025 14:31:23 Europe/Berlin] Attempting database connection. DreamHost environment: false
[14-Jun-2025 14:31:23 Europe/Berlin] Database connection successful to localhost/real_estate_leads
[14-Jun-2025 14:31:23 Europe/Berlin] getRecentNotifications - User ID: 8, Last Read: NULL
[14-Jun-2025 14:31:23 Europe/Berlin] No last_read timestamp, marking as unread: Lead Update
[14-Jun-2025 14:31:23 Europe/Berlin] No last_read timestamp, marking as unread: Lead Update
[14-Jun-2025 14:31:23 Europe/Berlin] Header loaded - Total notifications: 2, Unread count: 2
[14-Jun-2025 14:31:24 Europe/Berlin] Attempting database connection. DreamHost environment: false
[14-Jun-2025 14:31:24 Europe/Berlin] Database connection successful to localhost/real_estate_leads
[14-Jun-2025 14:31:24 Europe/Berlin] Database initialization error: Can't create table `real_estate_leads`.`projects` (errno: 150 "Foreign key constraint is incorrectly formed")
[14-Jun-2025 14:31:24 Europe/Berlin] Attempting database connection. DreamHost environment: false
[14-Jun-2025 14:31:24 Europe/Berlin] Database connection successful to localhost/real_estate_leads
[14-Jun-2025 14:31:24 Europe/Berlin] Attempting database connection. DreamHost environment: false
[14-Jun-2025 14:31:24 Europe/Berlin] Database connection successful to localhost/real_estate_leads
[14-Jun-2025 14:31:24 Europe/Berlin] getRecentNotifications - User ID: 8, Last Read: NULL
[14-Jun-2025 14:31:25 Europe/Berlin] No last_read timestamp, marking as unread: Lead Update
[14-Jun-2025 14:31:25 Europe/Berlin] No last_read timestamp, marking as unread: Lead Update
[14-Jun-2025 14:31:25 Europe/Berlin] Header loaded - Total notifications: 2, Unread count: 2
[14-Jun-2025 14:31:27 Europe/Berlin] Attempting database connection. DreamHost environment: false
[14-Jun-2025 14:31:28 Europe/Berlin] Database connection successful to localhost/real_estate_leads
[14-Jun-2025 14:31:28 Europe/Berlin] Database initialization error: Can't create table `real_estate_leads`.`projects` (errno: 150 "Foreign key constraint is incorrectly formed")
[14-Jun-2025 14:31:28 Europe/Berlin] Attempting database connection. DreamHost environment: false
[14-Jun-2025 14:31:28 Europe/Berlin] Database connection successful to localhost/real_estate_leads
[14-Jun-2025 14:31:28 Europe/Berlin] Attempting database connection. DreamHost environment: false
[14-Jun-2025 14:31:28 Europe/Berlin] Database connection successful to localhost/real_estate_leads
[14-Jun-2025 14:31:28 Europe/Berlin] getRecentNotifications - User ID: 8, Last Read: NULL
[14-Jun-2025 14:31:28 Europe/Berlin] No last_read timestamp, marking as unread: Lead Update
[14-Jun-2025 14:31:28 Europe/Berlin] No last_read timestamp, marking as unread: Lead Update
[14-Jun-2025 14:31:28 Europe/Berlin] Header loaded - Total notifications: 2, Unread count: 2
[14-Jun-2025 14:32:05 Europe/Berlin] Attempting database connection. DreamHost environment: false
[14-Jun-2025 14:32:05 Europe/Berlin] Database connection successful to localhost/real_estate_leads
[14-Jun-2025 14:32:05 Europe/Berlin] Database initialization error: Can't create table `real_estate_leads`.`projects` (errno: 150 "Foreign key constraint is incorrectly formed")
[14-Jun-2025 14:32:05 Europe/Berlin] Attempting database connection. DreamHost environment: false
[14-Jun-2025 14:32:05 Europe/Berlin] Database connection successful to localhost/real_estate_leads
[14-Jun-2025 14:32:05 Europe/Berlin] Attempting database connection. DreamHost environment: false
[14-Jun-2025 14:32:05 Europe/Berlin] Database connection successful to localhost/real_estate_leads
[14-Jun-2025 14:32:05 Europe/Berlin] Attempting database connection. DreamHost environment: false
[14-Jun-2025 14:32:05 Europe/Berlin] Database connection successful to localhost/real_estate_leads
[14-Jun-2025 14:32:05 Europe/Berlin] getRecentNotifications - User ID: 8, Last Read: NULL
[14-Jun-2025 14:32:05 Europe/Berlin] No last_read timestamp, marking as unread: Lead Update
[14-Jun-2025 14:32:05 Europe/Berlin] No last_read timestamp, marking as unread: Lead Update
[14-Jun-2025 14:32:05 Europe/Berlin] Header loaded - Total notifications: 2, Unread count: 2
[14-Jun-2025 14:32:13 Europe/Berlin] Attempting database connection. DreamHost environment: false
[14-Jun-2025 14:32:13 Europe/Berlin] Database connection successful to localhost/real_estate_leads
[14-Jun-2025 14:32:13 Europe/Berlin] Database initialization error: Can't create table `real_estate_leads`.`projects` (errno: 150 "Foreign key constraint is incorrectly formed")
[14-Jun-2025 14:32:13 Europe/Berlin] Attempting database connection. DreamHost environment: false
[14-Jun-2025 14:32:13 Europe/Berlin] Database connection successful to localhost/real_estate_leads
[14-Jun-2025 14:32:13 Europe/Berlin] Attempting database connection. DreamHost environment: false
[14-Jun-2025 14:32:13 Europe/Berlin] Database connection successful to localhost/real_estate_leads
[14-Jun-2025 14:32:13 Europe/Berlin] Attempting database connection. DreamHost environment: false
[14-Jun-2025 14:32:13 Europe/Berlin] Database connection successful to localhost/real_estate_leads
[14-Jun-2025 14:32:13 Europe/Berlin] Database initialization error: Can't create table `real_estate_leads`.`projects` (errno: 150 "Foreign key constraint is incorrectly formed")
[14-Jun-2025 14:32:13 Europe/Berlin] Attempting database connection. DreamHost environment: false
[14-Jun-2025 14:32:13 Europe/Berlin] Database connection successful to localhost/real_estate_leads
[14-Jun-2025 14:32:13 Europe/Berlin] Attempting database connection. DreamHost environment: false
[14-Jun-2025 14:32:13 Europe/Berlin] Database connection successful to localhost/real_estate_leads
[14-Jun-2025 14:32:13 Europe/Berlin] getRecentNotifications - User ID: 8, Last Read: NULL
[14-Jun-2025 14:32:13 Europe/Berlin] No last_read timestamp, marking as unread: Memo
[14-Jun-2025 14:32:13 Europe/Berlin] No last_read timestamp, marking as unread: Lead Update
[14-Jun-2025 14:32:13 Europe/Berlin] No last_read timestamp, marking as unread: Lead Update
[14-Jun-2025 14:32:13 Europe/Berlin] Header loaded - Total notifications: 3, Unread count: 3
[14-Jun-2025 14:32:19 Europe/Berlin] Attempting database connection. DreamHost environment: false
[14-Jun-2025 14:32:19 Europe/Berlin] Database connection successful to localhost/real_estate_leads
[14-Jun-2025 14:32:19 Europe/Berlin] Database initialization error: Can't create table `real_estate_leads`.`projects` (errno: 150 "Foreign key constraint is incorrectly formed")
[14-Jun-2025 14:32:26 Europe/Berlin] Attempting database connection. DreamHost environment: false
[14-Jun-2025 14:32:26 Europe/Berlin] Database connection successful to localhost/real_estate_leads
[14-Jun-2025 14:32:26 Europe/Berlin] Database initialization error: Can't create table `real_estate_leads`.`projects` (errno: 150 "Foreign key constraint is incorrectly formed")
[14-Jun-2025 14:32:26 Europe/Berlin] Attempting database connection. DreamHost environment: false
[14-Jun-2025 14:32:26 Europe/Berlin] Database connection successful to localhost/real_estate_leads
[14-Jun-2025 14:32:26 Europe/Berlin] Attempting database connection. DreamHost environment: false
[14-Jun-2025 14:32:26 Europe/Berlin] Database connection successful to localhost/real_estate_leads
[14-Jun-2025 14:32:26 Europe/Berlin] Database initialization error: Can't create table `real_estate_leads`.`projects` (errno: 150 "Foreign key constraint is incorrectly formed")
[14-Jun-2025 14:32:26 Europe/Berlin] Attempting database connection. DreamHost environment: false
[14-Jun-2025 14:32:26 Europe/Berlin] Database connection successful to localhost/real_estate_leads
[14-Jun-2025 14:32:26 Europe/Berlin] Attempting database connection. DreamHost environment: false
[14-Jun-2025 14:32:26 Europe/Berlin] Database connection successful to localhost/real_estate_leads
[14-Jun-2025 14:32:26 Europe/Berlin] Attempting database connection. DreamHost environment: false
[14-Jun-2025 14:32:26 Europe/Berlin] Database connection successful to localhost/real_estate_leads
[14-Jun-2025 14:32:26 Europe/Berlin] getRecentNotifications - User ID: 15, Last Read: 2025-06-09 08:38:30
[14-Jun-2025 14:32:26 Europe/Berlin] Notification: Memo, Created: 2025-06-14 20:32:13 (1749925933), Last Read: 2025-06-09 08:38:30 (1749451110), Is Read: false
[14-Jun-2025 14:32:26 Europe/Berlin] Notification: Lead Update, Created: 2025-06-09 17:16:57 (1749482217), Last Read: 2025-06-09 08:38:30 (1749451110), Is Read: false
[14-Jun-2025 14:32:26 Europe/Berlin] Notification: Lead Update, Created: 2025-06-09 11:04:26 (1749459866), Last Read: 2025-06-09 08:38:30 (1749451110), Is Read: false
[14-Jun-2025 14:32:26 Europe/Berlin] Notification: Downpayment Tracker, Created: 2025-06-09 11:04:10 (1749459850), Last Read: 2025-06-09 08:38:30 (1749451110), Is Read: false
[14-Jun-2025 14:32:26 Europe/Berlin] Header loaded - Total notifications: 4, Unread count: 4
[14-Jun-2025 14:32:28 Europe/Berlin] Attempting database connection. DreamHost environment: false
[14-Jun-2025 14:32:28 Europe/Berlin] Database connection successful to localhost/real_estate_leads
[14-Jun-2025 14:32:28 Europe/Berlin] Database initialization error: Can't create table `real_estate_leads`.`projects` (errno: 150 "Foreign key constraint is incorrectly formed")
[14-Jun-2025 14:32:28 Europe/Berlin] Attempting database connection. DreamHost environment: false
[14-Jun-2025 14:32:28 Europe/Berlin] Database connection successful to localhost/real_estate_leads
[14-Jun-2025 14:32:28 Europe/Berlin] Attempting database connection. DreamHost environment: false
[14-Jun-2025 14:32:28 Europe/Berlin] Database connection successful to localhost/real_estate_leads
[14-Jun-2025 14:32:28 Europe/Berlin] getRecentNotifications - User ID: 15, Last Read: 2025-06-09 08:38:30
[14-Jun-2025 14:32:28 Europe/Berlin] Notification: Memo, Created: 2025-06-14 20:32:13 (1749925933), Last Read: 2025-06-09 08:38:30 (1749451110), Is Read: false
[14-Jun-2025 14:32:28 Europe/Berlin] Notification: Lead Update, Created: 2025-06-09 17:16:57 (1749482217), Last Read: 2025-06-09 08:38:30 (1749451110), Is Read: false
[14-Jun-2025 14:32:28 Europe/Berlin] Notification: Lead Update, Created: 2025-06-09 11:04:26 (1749459866), Last Read: 2025-06-09 08:38:30 (1749451110), Is Read: false
[14-Jun-2025 14:32:28 Europe/Berlin] Notification: Downpayment Tracker, Created: 2025-06-09 11:04:10 (1749459850), Last Read: 2025-06-09 08:38:30 (1749451110), Is Read: false
[14-Jun-2025 14:32:28 Europe/Berlin] Header loaded - Total notifications: 4, Unread count: 4
[14-Jun-2025 14:32:33 Europe/Berlin] Attempting database connection. DreamHost environment: false
[14-Jun-2025 14:32:33 Europe/Berlin] Database connection successful to localhost/real_estate_leads
[14-Jun-2025 14:32:33 Europe/Berlin] Database initialization error: Can't create table `real_estate_leads`.`projects` (errno: 150 "Foreign key constraint is incorrectly formed")
[14-Jun-2025 14:32:33 Europe/Berlin] Attempting database connection. DreamHost environment: false
[14-Jun-2025 14:32:33 Europe/Berlin] Database connection successful to localhost/real_estate_leads
[14-Jun-2025 14:32:33 Europe/Berlin] Attempting database connection. DreamHost environment: false
[14-Jun-2025 14:32:33 Europe/Berlin] Database connection successful to localhost/real_estate_leads
[14-Jun-2025 14:32:33 Europe/Berlin] getRecentNotifications - User ID: 15, Last Read: 2025-06-09 08:38:30
[14-Jun-2025 14:32:33 Europe/Berlin] Notification: Memo, Created: 2025-06-14 20:32:13 (1749925933), Last Read: 2025-06-09 08:38:30 (1749451110), Is Read: false
[14-Jun-2025 14:32:33 Europe/Berlin] Notification: Lead Update, Created: 2025-06-09 17:16:57 (1749482217), Last Read: 2025-06-09 08:38:30 (1749451110), Is Read: false
[14-Jun-2025 14:32:33 Europe/Berlin] Notification: Lead Update, Created: 2025-06-09 11:04:26 (1749459866), Last Read: 2025-06-09 08:38:30 (1749451110), Is Read: false
[14-Jun-2025 14:32:33 Europe/Berlin] Notification: Downpayment Tracker, Created: 2025-06-09 11:04:10 (1749459850), Last Read: 2025-06-09 08:38:30 (1749451110), Is Read: false
[14-Jun-2025 14:32:33 Europe/Berlin] Header loaded - Total notifications: 4, Unread count: 4
[14-Jun-2025 14:32:40 Europe/Berlin] Attempting database connection. DreamHost environment: false
[14-Jun-2025 14:32:40 Europe/Berlin] Database connection successful to localhost/real_estate_leads
[14-Jun-2025 14:32:40 Europe/Berlin] Database initialization error: Can't create table `real_estate_leads`.`projects` (errno: 150 "Foreign key constraint is incorrectly formed")
[14-Jun-2025 14:32:40 Europe/Berlin] Attempting database connection. DreamHost environment: false
[14-Jun-2025 14:32:40 Europe/Berlin] Database connection successful to localhost/real_estate_leads
[14-Jun-2025 14:32:40 Europe/Berlin] Attempting database connection. DreamHost environment: false
[14-Jun-2025 14:32:40 Europe/Berlin] Database connection successful to localhost/real_estate_leads
[14-Jun-2025 14:32:40 Europe/Berlin] getRecentNotifications - User ID: 15, Last Read: 2025-06-09 08:38:30
[14-Jun-2025 14:32:41 Europe/Berlin] Notification: Memo, Created: 2025-06-14 20:32:13 (1749925933), Last Read: 2025-06-09 08:38:30 (1749451110), Is Read: false
[14-Jun-2025 14:32:41 Europe/Berlin] Notification: Lead Update, Created: 2025-06-09 17:16:57 (1749482217), Last Read: 2025-06-09 08:38:30 (1749451110), Is Read: false
[14-Jun-2025 14:32:41 Europe/Berlin] Notification: Lead Update, Created: 2025-06-09 11:04:26 (1749459866), Last Read: 2025-06-09 08:38:30 (1749451110), Is Read: false
[14-Jun-2025 14:32:41 Europe/Berlin] Notification: Downpayment Tracker, Created: 2025-06-09 11:04:10 (1749459850), Last Read: 2025-06-09 08:38:30 (1749451110), Is Read: false
[14-Jun-2025 14:32:41 Europe/Berlin] Header loaded - Total notifications: 4, Unread count: 4
[14-Jun-2025 14:32:43 Europe/Berlin] Attempting database connection. DreamHost environment: false
[14-Jun-2025 14:32:43 Europe/Berlin] Database connection successful to localhost/real_estate_leads
[14-Jun-2025 14:32:43 Europe/Berlin] Database initialization error: Can't create table `real_estate_leads`.`projects` (errno: 150 "Foreign key constraint is incorrectly formed")
[14-Jun-2025 14:32:43 Europe/Berlin] Attempting database connection. DreamHost environment: false
[14-Jun-2025 14:32:43 Europe/Berlin] Database connection successful to localhost/real_estate_leads
[14-Jun-2025 14:32:44 Europe/Berlin] Attempting database connection. DreamHost environment: false
[14-Jun-2025 14:32:44 Europe/Berlin] Database connection successful to localhost/real_estate_leads
[14-Jun-2025 14:32:44 Europe/Berlin] getRecentNotifications - User ID: 15, Last Read: 2025-06-09 08:38:30
[14-Jun-2025 14:32:44 Europe/Berlin] Notification: Memo, Created: 2025-06-14 20:32:13 (1749925933), Last Read: 2025-06-09 08:38:30 (1749451110), Is Read: false
[14-Jun-2025 14:32:44 Europe/Berlin] Notification: Lead Update, Created: 2025-06-09 17:16:57 (1749482217), Last Read: 2025-06-09 08:38:30 (1749451110), Is Read: false
[14-Jun-2025 14:32:44 Europe/Berlin] Notification: Lead Update, Created: 2025-06-09 11:04:26 (1749459866), Last Read: 2025-06-09 08:38:30 (1749451110), Is Read: false
[14-Jun-2025 14:32:44 Europe/Berlin] Notification: Downpayment Tracker, Created: 2025-06-09 11:04:10 (1749459850), Last Read: 2025-06-09 08:38:30 (1749451110), Is Read: false
[14-Jun-2025 14:32:44 Europe/Berlin] Header loaded - Total notifications: 4, Unread count: 4
[14-Jun-2025 14:36:51 Europe/Berlin] Attempting database connection. DreamHost environment: false
[14-Jun-2025 14:36:51 Europe/Berlin] Database connection successful to localhost/real_estate_leads
[14-Jun-2025 14:36:51 Europe/Berlin] Database initialization error: Can't create table `real_estate_leads`.`projects` (errno: 150 "Foreign key constraint is incorrectly formed")
[14-Jun-2025 14:36:51 Europe/Berlin] Attempting database connection. DreamHost environment: false
[14-Jun-2025 14:36:51 Europe/Berlin] Database connection successful to localhost/real_estate_leads
[14-Jun-2025 14:36:51 Europe/Berlin] Attempting database connection. DreamHost environment: false
[14-Jun-2025 14:36:51 Europe/Berlin] Database connection successful to localhost/real_estate_leads
[14-Jun-2025 14:36:51 Europe/Berlin] getRecentNotifications - User ID: 15, Last Read: 2025-06-09 08:38:30
[14-Jun-2025 14:36:51 Europe/Berlin] Notification: Memo, Created: 2025-06-14 20:32:13 (1749925933), Last Read: 2025-06-09 08:38:30 (1749451110), Is Read: false
[14-Jun-2025 14:36:51 Europe/Berlin] Notification: Lead Update, Created: 2025-06-09 17:16:57 (1749482217), Last Read: 2025-06-09 08:38:30 (1749451110), Is Read: false
[14-Jun-2025 14:36:51 Europe/Berlin] Notification: Lead Update, Created: 2025-06-09 11:04:26 (1749459866), Last Read: 2025-06-09 08:38:30 (1749451110), Is Read: false
[14-Jun-2025 14:36:51 Europe/Berlin] Notification: Downpayment Tracker, Created: 2025-06-09 11:04:10 (1749459850), Last Read: 2025-06-09 08:38:30 (1749451110), Is Read: false
[14-Jun-2025 14:36:51 Europe/Berlin] Header loaded - Total notifications: 4, Unread count: 4
[14-Jun-2025 14:36:54 Europe/Berlin] Attempting database connection. DreamHost environment: false
[14-Jun-2025 14:36:54 Europe/Berlin] Database connection successful to localhost/real_estate_leads
[14-Jun-2025 14:36:54 Europe/Berlin] Database initialization error: Can't create table `real_estate_leads`.`projects` (errno: 150 "Foreign key constraint is incorrectly formed")
[14-Jun-2025 14:36:54 Europe/Berlin] Attempting database connection. DreamHost environment: false
[14-Jun-2025 14:36:54 Europe/Berlin] Database connection successful to localhost/real_estate_leads
[14-Jun-2025 14:36:55 Europe/Berlin] Attempting database connection. DreamHost environment: false
[14-Jun-2025 14:36:55 Europe/Berlin] Database connection successful to localhost/real_estate_leads
[14-Jun-2025 14:36:55 Europe/Berlin] getRecentNotifications - User ID: 15, Last Read: 2025-06-09 08:38:30
[14-Jun-2025 14:36:55 Europe/Berlin] Notification: Memo, Created: 2025-06-14 20:32:13 (1749925933), Last Read: 2025-06-09 08:38:30 (1749451110), Is Read: false
[14-Jun-2025 14:36:55 Europe/Berlin] Notification: Lead Update, Created: 2025-06-09 17:16:57 (1749482217), Last Read: 2025-06-09 08:38:30 (1749451110), Is Read: false
[14-Jun-2025 14:36:55 Europe/Berlin] Notification: Lead Update, Created: 2025-06-09 11:04:26 (1749459866), Last Read: 2025-06-09 08:38:30 (1749451110), Is Read: false
[14-Jun-2025 14:36:55 Europe/Berlin] Notification: Downpayment Tracker, Created: 2025-06-09 11:04:10 (1749459850), Last Read: 2025-06-09 08:38:30 (1749451110), Is Read: false
[14-Jun-2025 14:36:55 Europe/Berlin] Header loaded - Total notifications: 4, Unread count: 4
[14-Jun-2025 14:36:57 Europe/Berlin] Attempting database connection. DreamHost environment: false
[14-Jun-2025 14:36:57 Europe/Berlin] Database connection successful to localhost/real_estate_leads
[14-Jun-2025 14:36:57 Europe/Berlin] Database initialization error: Can't create table `real_estate_leads`.`projects` (errno: 150 "Foreign key constraint is incorrectly formed")
[14-Jun-2025 14:36:57 Europe/Berlin] Attempting database connection. DreamHost environment: false
[14-Jun-2025 14:36:57 Europe/Berlin] Database connection successful to localhost/real_estate_leads
[14-Jun-2025 14:36:57 Europe/Berlin] Attempting database connection. DreamHost environment: false
[14-Jun-2025 14:36:57 Europe/Berlin] Database connection successful to localhost/real_estate_leads
[14-Jun-2025 14:36:57 Europe/Berlin] Attempting database connection. DreamHost environment: false
[14-Jun-2025 14:36:57 Europe/Berlin] Database connection successful to localhost/real_estate_leads
[14-Jun-2025 14:36:57 Europe/Berlin] getRecentNotifications - User ID: 15, Last Read: 2025-06-09 08:38:30
[14-Jun-2025 14:36:57 Europe/Berlin] Notification: Memo, Created: 2025-06-14 20:32:13 (1749925933), Last Read: 2025-06-09 08:38:30 (1749451110), Is Read: false
[14-Jun-2025 14:36:57 Europe/Berlin] Notification: Lead Update, Created: 2025-06-09 17:16:57 (1749482217), Last Read: 2025-06-09 08:38:30 (1749451110), Is Read: false
[14-Jun-2025 14:36:57 Europe/Berlin] Notification: Lead Update, Created: 2025-06-09 11:04:26 (1749459866), Last Read: 2025-06-09 08:38:30 (1749451110), Is Read: false
[14-Jun-2025 14:36:57 Europe/Berlin] Notification: Downpayment Tracker, Created: 2025-06-09 11:04:10 (1749459850), Last Read: 2025-06-09 08:38:30 (1749451110), Is Read: false
[14-Jun-2025 14:36:57 Europe/Berlin] Header loaded - Total notifications: 4, Unread count: 4
[14-Jun-2025 14:37:11 Europe/Berlin] Attempting database connection. DreamHost environment: false
[14-Jun-2025 14:37:11 Europe/Berlin] Database connection successful to localhost/real_estate_leads
[14-Jun-2025 14:37:11 Europe/Berlin] Database initialization error: Can't create table `real_estate_leads`.`projects` (errno: 150 "Foreign key constraint is incorrectly formed")
[14-Jun-2025 14:37:11 Europe/Berlin] Attempting database connection. DreamHost environment: false
[14-Jun-2025 14:37:11 Europe/Berlin] Database connection successful to localhost/real_estate_leads
[14-Jun-2025 14:37:11 Europe/Berlin] Attempting database connection. DreamHost environment: false
[14-Jun-2025 14:37:11 Europe/Berlin] Database connection successful to localhost/real_estate_leads
[14-Jun-2025 14:37:11 Europe/Berlin] Attempting database connection. DreamHost environment: false
[14-Jun-2025 14:37:11 Europe/Berlin] Database connection successful to localhost/real_estate_leads
[14-Jun-2025 14:37:11 Europe/Berlin] Database initialization error: Can't create table `real_estate_leads`.`projects` (errno: 150 "Foreign key constraint is incorrectly formed")
[14-Jun-2025 14:37:11 Europe/Berlin] Attempting database connection. DreamHost environment: false
[14-Jun-2025 14:37:11 Europe/Berlin] Database connection successful to localhost/real_estate_leads
[14-Jun-2025 14:37:11 Europe/Berlin] Attempting database connection. DreamHost environment: false
[14-Jun-2025 14:37:11 Europe/Berlin] Database connection successful to localhost/real_estate_leads
[14-Jun-2025 14:37:11 Europe/Berlin] getRecentNotifications - User ID: 15, Last Read: 2025-06-09 08:38:30
[14-Jun-2025 14:37:11 Europe/Berlin] Notification: Memo, Created: 2025-06-14 20:37:11 (1749926231), Last Read: 2025-06-09 08:38:30 (1749451110), Is Read: false
[14-Jun-2025 14:37:11 Europe/Berlin] Notification: Memo, Created: 2025-06-14 20:32:13 (1749925933), Last Read: 2025-06-09 08:38:30 (1749451110), Is Read: false
[14-Jun-2025 14:37:11 Europe/Berlin] Notification: Lead Update, Created: 2025-06-09 17:16:57 (1749482217), Last Read: 2025-06-09 08:38:30 (1749451110), Is Read: false
[14-Jun-2025 14:37:11 Europe/Berlin] Notification: Lead Update, Created: 2025-06-09 11:04:26 (1749459866), Last Read: 2025-06-09 08:38:30 (1749451110), Is Read: false
[14-Jun-2025 14:37:11 Europe/Berlin] Notification: Downpayment Tracker, Created: 2025-06-09 11:04:10 (1749459850), Last Read: 2025-06-09 08:38:30 (1749451110), Is Read: false
[14-Jun-2025 14:37:11 Europe/Berlin] Header loaded - Total notifications: 5, Unread count: 5
[14-Jun-2025 14:37:16 Europe/Berlin] Attempting database connection. DreamHost environment: false
[14-Jun-2025 14:37:16 Europe/Berlin] Database connection successful to localhost/real_estate_leads
[14-Jun-2025 14:37:16 Europe/Berlin] Database initialization error: Can't create table `real_estate_leads`.`projects` (errno: 150 "Foreign key constraint is incorrectly formed")
[14-Jun-2025 14:37:16 Europe/Berlin] Attempting database connection. DreamHost environment: false
[14-Jun-2025 14:37:16 Europe/Berlin] Database connection successful to localhost/real_estate_leads
[14-Jun-2025 14:37:16 Europe/Berlin] Attempting database connection. DreamHost environment: false
[14-Jun-2025 14:37:16 Europe/Berlin] Database connection successful to localhost/real_estate_leads
[14-Jun-2025 14:37:16 Europe/Berlin] getRecentNotifications - User ID: 15, Last Read: 2025-06-09 08:38:30
[14-Jun-2025 14:37:16 Europe/Berlin] Notification: Memo, Created: 2025-06-14 20:37:11 (1749926231), Last Read: 2025-06-09 08:38:30 (1749451110), Is Read: false
[14-Jun-2025 14:37:16 Europe/Berlin] Notification: Memo, Created: 2025-06-14 20:32:13 (1749925933), Last Read: 2025-06-09 08:38:30 (1749451110), Is Read: false
[14-Jun-2025 14:37:16 Europe/Berlin] Notification: Lead Update, Created: 2025-06-09 17:16:57 (1749482217), Last Read: 2025-06-09 08:38:30 (1749451110), Is Read: false
[14-Jun-2025 14:37:16 Europe/Berlin] Notification: Lead Update, Created: 2025-06-09 11:04:26 (1749459866), Last Read: 2025-06-09 08:38:30 (1749451110), Is Read: false
[14-Jun-2025 14:37:16 Europe/Berlin] Notification: Downpayment Tracker, Created: 2025-06-09 11:04:10 (1749459850), Last Read: 2025-06-09 08:38:30 (1749451110), Is Read: false
[14-Jun-2025 14:37:16 Europe/Berlin] Header loaded - Total notifications: 5, Unread count: 5
[14-Jun-2025 14:37:27 Europe/Berlin] Attempting database connection. DreamHost environment: false
[14-Jun-2025 14:37:27 Europe/Berlin] Database connection successful to localhost/real_estate_leads
[14-Jun-2025 14:37:27 Europe/Berlin] Database initialization error: Can't create table `real_estate_leads`.`projects` (errno: 150 "Foreign key constraint is incorrectly formed")
[14-Jun-2025 14:37:27 Europe/Berlin] Attempting database connection. DreamHost environment: false
[14-Jun-2025 14:37:27 Europe/Berlin] Database connection successful to localhost/real_estate_leads
[14-Jun-2025 14:37:27 Europe/Berlin] Attempting database connection. DreamHost environment: false
[14-Jun-2025 14:37:27 Europe/Berlin] Database connection successful to localhost/real_estate_leads
[14-Jun-2025 14:37:27 Europe/Berlin] getRecentNotifications - User ID: 15, Last Read: 2025-06-09 08:38:30
[14-Jun-2025 14:37:27 Europe/Berlin] Notification: Memo, Created: 2025-06-14 20:37:11 (1749926231), Last Read: 2025-06-09 08:38:30 (1749451110), Is Read: false
[14-Jun-2025 14:37:27 Europe/Berlin] Notification: Memo, Created: 2025-06-14 20:32:13 (1749925933), Last Read: 2025-06-09 08:38:30 (1749451110), Is Read: false
[14-Jun-2025 14:37:27 Europe/Berlin] Notification: Lead Update, Created: 2025-06-09 17:16:57 (1749482217), Last Read: 2025-06-09 08:38:30 (1749451110), Is Read: false
[14-Jun-2025 14:37:27 Europe/Berlin] Notification: Lead Update, Created: 2025-06-09 11:04:26 (1749459866), Last Read: 2025-06-09 08:38:30 (1749451110), Is Read: false
[14-Jun-2025 14:37:27 Europe/Berlin] Notification: Downpayment Tracker, Created: 2025-06-09 11:04:10 (1749459850), Last Read: 2025-06-09 08:38:30 (1749451110), Is Read: false
[14-Jun-2025 14:37:27 Europe/Berlin] Header loaded - Total notifications: 5, Unread count: 5
[14-Jun-2025 14:37:29 Europe/Berlin] Attempting database connection. DreamHost environment: false
[14-Jun-2025 14:37:29 Europe/Berlin] Database connection successful to localhost/real_estate_leads
[14-Jun-2025 14:37:29 Europe/Berlin] Database initialization error: Can't create table `real_estate_leads`.`projects` (errno: 150 "Foreign key constraint is incorrectly formed")
[14-Jun-2025 14:37:29 Europe/Berlin] Attempting database connection. DreamHost environment: false
[14-Jun-2025 14:37:29 Europe/Berlin] Database connection successful to localhost/real_estate_leads
[14-Jun-2025 14:37:29 Europe/Berlin] Attempting database connection. DreamHost environment: false
[14-Jun-2025 14:37:29 Europe/Berlin] Database connection successful to localhost/real_estate_leads
[14-Jun-2025 14:37:29 Europe/Berlin] getRecentNotifications - User ID: 15, Last Read: 2025-06-09 08:38:30
[14-Jun-2025 14:37:29 Europe/Berlin] Notification: Memo, Created: 2025-06-14 20:37:11 (1749926231), Last Read: 2025-06-09 08:38:30 (1749451110), Is Read: false
[14-Jun-2025 14:37:29 Europe/Berlin] Notification: Memo, Created: 2025-06-14 20:32:13 (1749925933), Last Read: 2025-06-09 08:38:30 (1749451110), Is Read: false
[14-Jun-2025 14:37:29 Europe/Berlin] Notification: Lead Update, Created: 2025-06-09 17:16:57 (1749482217), Last Read: 2025-06-09 08:38:30 (1749451110), Is Read: false
[14-Jun-2025 14:37:29 Europe/Berlin] Notification: Lead Update, Created: 2025-06-09 11:04:26 (1749459866), Last Read: 2025-06-09 08:38:30 (1749451110), Is Read: false
[14-Jun-2025 14:37:29 Europe/Berlin] Notification: Downpayment Tracker, Created: 2025-06-09 11:04:10 (1749459850), Last Read: 2025-06-09 08:38:30 (1749451110), Is Read: false
[14-Jun-2025 14:37:29 Europe/Berlin] Header loaded - Total notifications: 5, Unread count: 5
[14-Jun-2025 14:41:21 Europe/Berlin] Attempting database connection. DreamHost environment: false
[14-Jun-2025 14:41:21 Europe/Berlin] Database connection successful to localhost/real_estate_leads
[14-Jun-2025 14:41:21 Europe/Berlin] Database initialization error: Can't create table `real_estate_leads`.`projects` (errno: 150 "Foreign key constraint is incorrectly formed")
[14-Jun-2025 14:41:21 Europe/Berlin] Attempting database connection. DreamHost environment: false
[14-Jun-2025 14:41:21 Europe/Berlin] Database connection successful to localhost/real_estate_leads
[14-Jun-2025 14:41:21 Europe/Berlin] Attempting database connection. DreamHost environment: false
[14-Jun-2025 14:41:21 Europe/Berlin] Database connection successful to localhost/real_estate_leads
[14-Jun-2025 14:41:21 Europe/Berlin] getRecentNotifications - User ID: 15, Last Read: 2025-06-09 08:38:30
[14-Jun-2025 14:41:21 Europe/Berlin] Notification: Memo, Created: 2025-06-14 20:37:11 (1749926231), Last Read: 2025-06-09 08:38:30 (1749451110), Is Read: false
[14-Jun-2025 14:41:21 Europe/Berlin] Notification: Memo, Created: 2025-06-14 20:32:13 (1749925933), Last Read: 2025-06-09 08:38:30 (1749451110), Is Read: false
[14-Jun-2025 14:41:21 Europe/Berlin] Notification: Lead Update, Created: 2025-06-09 17:16:57 (1749482217), Last Read: 2025-06-09 08:38:30 (1749451110), Is Read: false
[14-Jun-2025 14:41:21 Europe/Berlin] Notification: Lead Update, Created: 2025-06-09 11:04:26 (1749459866), Last Read: 2025-06-09 08:38:30 (1749451110), Is Read: false
[14-Jun-2025 14:41:21 Europe/Berlin] Notification: Downpayment Tracker, Created: 2025-06-09 11:04:10 (1749459850), Last Read: 2025-06-09 08:38:30 (1749451110), Is Read: false
[14-Jun-2025 14:41:21 Europe/Berlin] Header loaded - Total notifications: 5, Unread count: 5
[14-Jun-2025 14:41:22 Europe/Berlin] Attempting database connection. DreamHost environment: false
[14-Jun-2025 14:41:22 Europe/Berlin] Database connection successful to localhost/real_estate_leads
[14-Jun-2025 14:41:22 Europe/Berlin] Database initialization error: Can't create table `real_estate_leads`.`projects` (errno: 150 "Foreign key constraint is incorrectly formed")
[14-Jun-2025 14:41:22 Europe/Berlin] Attempting database connection. DreamHost environment: false
[14-Jun-2025 14:41:22 Europe/Berlin] Database connection successful to localhost/real_estate_leads
[14-Jun-2025 14:41:22 Europe/Berlin] Attempting database connection. DreamHost environment: false
[14-Jun-2025 14:41:22 Europe/Berlin] Database connection successful to localhost/real_estate_leads
[14-Jun-2025 14:41:22 Europe/Berlin] Attempting database connection. DreamHost environment: false
[14-Jun-2025 14:41:22 Europe/Berlin] Database connection successful to localhost/real_estate_leads
[14-Jun-2025 14:41:22 Europe/Berlin] getRecentNotifications - User ID: 15, Last Read: 2025-06-09 08:38:30
[14-Jun-2025 14:41:23 Europe/Berlin] Notification: Memo, Created: 2025-06-14 20:37:11 (1749926231), Last Read: 2025-06-09 08:38:30 (1749451110), Is Read: false
[14-Jun-2025 14:41:23 Europe/Berlin] Notification: Memo, Created: 2025-06-14 20:32:13 (1749925933), Last Read: 2025-06-09 08:38:30 (1749451110), Is Read: false
[14-Jun-2025 14:41:23 Europe/Berlin] Notification: Lead Update, Created: 2025-06-09 17:16:57 (1749482217), Last Read: 2025-06-09 08:38:30 (1749451110), Is Read: false
[14-Jun-2025 14:41:23 Europe/Berlin] Notification: Lead Update, Created: 2025-06-09 11:04:26 (1749459866), Last Read: 2025-06-09 08:38:30 (1749451110), Is Read: false
[14-Jun-2025 14:41:23 Europe/Berlin] Notification: Downpayment Tracker, Created: 2025-06-09 11:04:10 (1749459850), Last Read: 2025-06-09 08:38:30 (1749451110), Is Read: false
[14-Jun-2025 14:41:23 Europe/Berlin] Header loaded - Total notifications: 5, Unread count: 5
[14-Jun-2025 14:41:29 Europe/Berlin] Attempting database connection. DreamHost environment: false
[14-Jun-2025 14:41:29 Europe/Berlin] Database connection successful to localhost/real_estate_leads
[14-Jun-2025 14:41:29 Europe/Berlin] Database initialization error: Can't create table `real_estate_leads`.`projects` (errno: 150 "Foreign key constraint is incorrectly formed")
[14-Jun-2025 14:41:29 Europe/Berlin] Attempting database connection. DreamHost environment: false
[14-Jun-2025 14:41:29 Europe/Berlin] Database connection successful to localhost/real_estate_leads
[14-Jun-2025 14:41:29 Europe/Berlin] Attempting database connection. DreamHost environment: false
[14-Jun-2025 14:41:29 Europe/Berlin] Database connection successful to localhost/real_estate_leads
[14-Jun-2025 14:41:29 Europe/Berlin] Attempting database connection. DreamHost environment: false
[14-Jun-2025 14:41:29 Europe/Berlin] Database connection successful to localhost/real_estate_leads
[14-Jun-2025 14:41:29 Europe/Berlin] Database initialization error: Can't create table `real_estate_leads`.`projects` (errno: 150 "Foreign key constraint is incorrectly formed")
[14-Jun-2025 14:41:29 Europe/Berlin] Attempting database connection. DreamHost environment: false
[14-Jun-2025 14:41:29 Europe/Berlin] Database connection successful to localhost/real_estate_leads
[14-Jun-2025 14:41:29 Europe/Berlin] Attempting database connection. DreamHost environment: false
[14-Jun-2025 14:41:29 Europe/Berlin] Database connection successful to localhost/real_estate_leads
[14-Jun-2025 14:41:29 Europe/Berlin] getRecentNotifications - User ID: 15, Last Read: 2025-06-09 08:38:30
[14-Jun-2025 14:41:29 Europe/Berlin] Notification: Memo, Created: 2025-06-14 20:41:29 (1749926489), Last Read: 2025-06-09 08:38:30 (1749451110), Is Read: false
[14-Jun-2025 14:41:29 Europe/Berlin] Notification: Memo, Created: 2025-06-14 20:37:11 (1749926231), Last Read: 2025-06-09 08:38:30 (1749451110), Is Read: false
[14-Jun-2025 14:41:29 Europe/Berlin] Notification: Memo, Created: 2025-06-14 20:32:13 (1749925933), Last Read: 2025-06-09 08:38:30 (1749451110), Is Read: false
[14-Jun-2025 14:41:29 Europe/Berlin] Notification: Lead Update, Created: 2025-06-09 17:16:57 (1749482217), Last Read: 2025-06-09 08:38:30 (1749451110), Is Read: false
[14-Jun-2025 14:41:29 Europe/Berlin] Notification: Lead Update, Created: 2025-06-09 11:04:26 (1749459866), Last Read: 2025-06-09 08:38:30 (1749451110), Is Read: false
[14-Jun-2025 14:41:29 Europe/Berlin] Notification: Downpayment Tracker, Created: 2025-06-09 11:04:10 (1749459850), Last Read: 2025-06-09 08:38:30 (1749451110), Is Read: false
[14-Jun-2025 14:41:29 Europe/Berlin] Header loaded - Total notifications: 6, Unread count: 6
[14-Jun-2025 14:41:31 Europe/Berlin] Attempting database connection. DreamHost environment: false
[14-Jun-2025 14:41:31 Europe/Berlin] Database connection successful to localhost/real_estate_leads
[14-Jun-2025 14:41:31 Europe/Berlin] Database initialization error: Can't create table `real_estate_leads`.`projects` (errno: 150 "Foreign key constraint is incorrectly formed")
[14-Jun-2025 14:41:31 Europe/Berlin] Attempting database connection. DreamHost environment: false
[14-Jun-2025 14:41:31 Europe/Berlin] Database connection successful to localhost/real_estate_leads
[14-Jun-2025 14:41:31 Europe/Berlin] Attempting database connection. DreamHost environment: false
[14-Jun-2025 14:41:31 Europe/Berlin] Database connection successful to localhost/real_estate_leads
[14-Jun-2025 14:41:31 Europe/Berlin] getRecentNotifications - User ID: 15, Last Read: 2025-06-09 08:38:30
[14-Jun-2025 14:41:31 Europe/Berlin] Notification: Memo, Created: 2025-06-14 20:41:29 (1749926489), Last Read: 2025-06-09 08:38:30 (1749451110), Is Read: false
[14-Jun-2025 14:41:31 Europe/Berlin] Notification: Memo, Created: 2025-06-14 20:37:11 (1749926231), Last Read: 2025-06-09 08:38:30 (1749451110), Is Read: false
[14-Jun-2025 14:41:31 Europe/Berlin] Notification: Memo, Created: 2025-06-14 20:32:13 (1749925933), Last Read: 2025-06-09 08:38:30 (1749451110), Is Read: false
[14-Jun-2025 14:41:31 Europe/Berlin] Notification: Lead Update, Created: 2025-06-09 17:16:57 (1749482217), Last Read: 2025-06-09 08:38:30 (1749451110), Is Read: false
[14-Jun-2025 14:41:31 Europe/Berlin] Notification: Lead Update, Created: 2025-06-09 11:04:26 (1749459866), Last Read: 2025-06-09 08:38:30 (1749451110), Is Read: false
[14-Jun-2025 14:41:31 Europe/Berlin] Notification: Downpayment Tracker, Created: 2025-06-09 11:04:10 (1749459850), Last Read: 2025-06-09 08:38:30 (1749451110), Is Read: false
[14-Jun-2025 14:41:31 Europe/Berlin] Header loaded - Total notifications: 6, Unread count: 6
[14-Jun-2025 14:41:37 Europe/Berlin] Attempting database connection. DreamHost environment: false
[14-Jun-2025 14:41:37 Europe/Berlin] Database connection successful to localhost/real_estate_leads
[14-Jun-2025 14:41:37 Europe/Berlin] Database initialization error: Can't create table `real_estate_leads`.`projects` (errno: 150 "Foreign key constraint is incorrectly formed")
[14-Jun-2025 14:41:37 Europe/Berlin] Attempting database connection. DreamHost environment: false
[14-Jun-2025 14:41:37 Europe/Berlin] Database connection successful to localhost/real_estate_leads
[14-Jun-2025 14:41:37 Europe/Berlin] Attempting database connection. DreamHost environment: false
[14-Jun-2025 14:41:37 Europe/Berlin] Database connection successful to localhost/real_estate_leads
[14-Jun-2025 14:41:37 Europe/Berlin] getRecentNotifications - User ID: 15, Last Read: 2025-06-09 08:38:30
[14-Jun-2025 14:41:37 Europe/Berlin] Notification: Memo, Created: 2025-06-14 20:41:29 (1749926489), Last Read: 2025-06-09 08:38:30 (1749451110), Is Read: false
[14-Jun-2025 14:41:37 Europe/Berlin] Notification: Memo, Created: 2025-06-14 20:37:11 (1749926231), Last Read: 2025-06-09 08:38:30 (1749451110), Is Read: false
[14-Jun-2025 14:41:37 Europe/Berlin] Notification: Memo, Created: 2025-06-14 20:32:13 (1749925933), Last Read: 2025-06-09 08:38:30 (1749451110), Is Read: false
[14-Jun-2025 14:41:37 Europe/Berlin] Notification: Lead Update, Created: 2025-06-09 17:16:57 (1749482217), Last Read: 2025-06-09 08:38:30 (1749451110), Is Read: false
[14-Jun-2025 14:41:37 Europe/Berlin] Notification: Lead Update, Created: 2025-06-09 11:04:26 (1749459866), Last Read: 2025-06-09 08:38:30 (1749451110), Is Read: false
[14-Jun-2025 14:41:37 Europe/Berlin] Notification: Downpayment Tracker, Created: 2025-06-09 11:04:10 (1749459850), Last Read: 2025-06-09 08:38:30 (1749451110), Is Read: false
[14-Jun-2025 14:41:37 Europe/Berlin] Header loaded - Total notifications: 6, Unread count: 6
[14-Jun-2025 14:41:39 Europe/Berlin] Attempting database connection. DreamHost environment: false
[14-Jun-2025 14:41:39 Europe/Berlin] Database connection successful to localhost/real_estate_leads
[14-Jun-2025 14:41:39 Europe/Berlin] Database initialization error: Can't create table `real_estate_leads`.`projects` (errno: 150 "Foreign key constraint is incorrectly formed")
[14-Jun-2025 14:41:39 Europe/Berlin] Attempting database connection. DreamHost environment: false
[14-Jun-2025 14:41:39 Europe/Berlin] Database connection successful to localhost/real_estate_leads
[14-Jun-2025 14:41:39 Europe/Berlin] Attempting database connection. DreamHost environment: false
[14-Jun-2025 14:41:39 Europe/Berlin] Database connection successful to localhost/real_estate_leads
[14-Jun-2025 14:41:39 Europe/Berlin] getRecentNotifications - User ID: 15, Last Read: 2025-06-09 08:38:30
[14-Jun-2025 14:41:39 Europe/Berlin] Notification: Memo, Created: 2025-06-14 20:41:29 (1749926489), Last Read: 2025-06-09 08:38:30 (1749451110), Is Read: false
[14-Jun-2025 14:41:39 Europe/Berlin] Notification: Memo, Created: 2025-06-14 20:37:11 (1749926231), Last Read: 2025-06-09 08:38:30 (1749451110), Is Read: false
[14-Jun-2025 14:41:39 Europe/Berlin] Notification: Memo, Created: 2025-06-14 20:32:13 (1749925933), Last Read: 2025-06-09 08:38:30 (1749451110), Is Read: false
[14-Jun-2025 14:41:39 Europe/Berlin] Notification: Lead Update, Created: 2025-06-09 17:16:57 (1749482217), Last Read: 2025-06-09 08:38:30 (1749451110), Is Read: false
[14-Jun-2025 14:41:39 Europe/Berlin] Notification: Lead Update, Created: 2025-06-09 11:04:26 (1749459866), Last Read: 2025-06-09 08:38:30 (1749451110), Is Read: false
[14-Jun-2025 14:41:39 Europe/Berlin] Notification: Downpayment Tracker, Created: 2025-06-09 11:04:10 (1749459850), Last Read: 2025-06-09 08:38:30 (1749451110), Is Read: false
[14-Jun-2025 14:41:39 Europe/Berlin] Header loaded - Total notifications: 6, Unread count: 6
[14-Jun-2025 14:41:52 Europe/Berlin] Attempting database connection. DreamHost environment: false
[14-Jun-2025 14:41:52 Europe/Berlin] Database connection successful to localhost/real_estate_leads
[14-Jun-2025 14:41:52 Europe/Berlin] Database initialization error: Can't create table `real_estate_leads`.`projects` (errno: 150 "Foreign key constraint is incorrectly formed")
[14-Jun-2025 14:41:52 Europe/Berlin] Attempting database connection. DreamHost environment: false
[14-Jun-2025 14:41:52 Europe/Berlin] Database connection successful to localhost/real_estate_leads
[14-Jun-2025 14:41:52 Europe/Berlin] Attempting database connection. DreamHost environment: false
[14-Jun-2025 14:41:52 Europe/Berlin] Database connection successful to localhost/real_estate_leads
[14-Jun-2025 14:41:52 Europe/Berlin] getRecentNotifications - User ID: 15, Last Read: 2025-06-09 08:38:30
[14-Jun-2025 14:41:52 Europe/Berlin] Notification: Memo, Created: 2025-06-14 20:41:29 (1749926489), Last Read: 2025-06-09 08:38:30 (1749451110), Is Read: false
[14-Jun-2025 14:41:52 Europe/Berlin] Notification: Memo, Created: 2025-06-14 20:37:11 (1749926231), Last Read: 2025-06-09 08:38:30 (1749451110), Is Read: false
[14-Jun-2025 14:41:52 Europe/Berlin] Notification: Memo, Created: 2025-06-14 20:32:13 (1749925933), Last Read: 2025-06-09 08:38:30 (1749451110), Is Read: false
[14-Jun-2025 14:41:52 Europe/Berlin] Notification: Lead Update, Created: 2025-06-09 17:16:57 (1749482217), Last Read: 2025-06-09 08:38:30 (1749451110), Is Read: false
[14-Jun-2025 14:41:52 Europe/Berlin] Notification: Lead Update, Created: 2025-06-09 11:04:26 (1749459866), Last Read: 2025-06-09 08:38:30 (1749451110), Is Read: false
[14-Jun-2025 14:41:52 Europe/Berlin] Notification: Downpayment Tracker, Created: 2025-06-09 11:04:10 (1749459850), Last Read: 2025-06-09 08:38:30 (1749451110), Is Read: false
[14-Jun-2025 14:41:52 Europe/Berlin] Header loaded - Total notifications: 6, Unread count: 6
[14-Jun-2025 14:41:55 Europe/Berlin] Attempting database connection. DreamHost environment: false
[14-Jun-2025 14:41:55 Europe/Berlin] Database connection successful to localhost/real_estate_leads
[14-Jun-2025 14:41:55 Europe/Berlin] Database initialization error: Can't create table `real_estate_leads`.`projects` (errno: 150 "Foreign key constraint is incorrectly formed")
[14-Jun-2025 14:41:55 Europe/Berlin] Attempting database connection. DreamHost environment: false
[14-Jun-2025 14:41:55 Europe/Berlin] Database connection successful to localhost/real_estate_leads
[14-Jun-2025 14:41:55 Europe/Berlin] Attempting database connection. DreamHost environment: false
[14-Jun-2025 14:41:55 Europe/Berlin] Database connection successful to localhost/real_estate_leads
[14-Jun-2025 14:41:55 Europe/Berlin] getRecentNotifications - User ID: 15, Last Read: 2025-06-09 08:38:30
[14-Jun-2025 14:41:55 Europe/Berlin] Notification: Memo, Created: 2025-06-14 20:41:29 (1749926489), Last Read: 2025-06-09 08:38:30 (1749451110), Is Read: false
[14-Jun-2025 14:41:55 Europe/Berlin] Notification: Memo, Created: 2025-06-14 20:37:11 (1749926231), Last Read: 2025-06-09 08:38:30 (1749451110), Is Read: false
[14-Jun-2025 14:41:55 Europe/Berlin] Notification: Memo, Created: 2025-06-14 20:32:13 (1749925933), Last Read: 2025-06-09 08:38:30 (1749451110), Is Read: false
[14-Jun-2025 14:41:55 Europe/Berlin] Notification: Lead Update, Created: 2025-06-09 17:16:57 (1749482217), Last Read: 2025-06-09 08:38:30 (1749451110), Is Read: false
[14-Jun-2025 14:41:55 Europe/Berlin] Notification: Lead Update, Created: 2025-06-09 11:04:26 (1749459866), Last Read: 2025-06-09 08:38:30 (1749451110), Is Read: false
[14-Jun-2025 14:41:55 Europe/Berlin] Notification: Downpayment Tracker, Created: 2025-06-09 11:04:10 (1749459850), Last Read: 2025-06-09 08:38:30 (1749451110), Is Read: false
[14-Jun-2025 14:41:55 Europe/Berlin] Header loaded - Total notifications: 6, Unread count: 6
[14-Jun-2025 14:44:17 Europe/Berlin] Attempting database connection. DreamHost environment: false
[14-Jun-2025 14:44:17 Europe/Berlin] Database connection successful to localhost/real_estate_leads
[14-Jun-2025 14:44:17 Europe/Berlin] Database initialization error: Can't create table `real_estate_leads`.`projects` (errno: 150 "Foreign key constraint is incorrectly formed")
[14-Jun-2025 14:44:17 Europe/Berlin] Attempting database connection. DreamHost environment: false
[14-Jun-2025 14:44:17 Europe/Berlin] Database connection successful to localhost/real_estate_leads
[14-Jun-2025 14:44:17 Europe/Berlin] Attempting database connection. DreamHost environment: false
[14-Jun-2025 14:44:17 Europe/Berlin] Database connection successful to localhost/real_estate_leads
[14-Jun-2025 14:44:17 Europe/Berlin] getRecentNotifications - User ID: 15, Last Read: 2025-06-09 08:38:30
[14-Jun-2025 14:44:17 Europe/Berlin] Notification: Memo, Created: 2025-06-14 20:41:29 (1749926489), Last Read: 2025-06-09 08:38:30 (1749451110), Is Read: false
[14-Jun-2025 14:44:17 Europe/Berlin] Notification: Memo, Created: 2025-06-14 20:37:11 (1749926231), Last Read: 2025-06-09 08:38:30 (1749451110), Is Read: false
[14-Jun-2025 14:44:17 Europe/Berlin] Notification: Memo, Created: 2025-06-14 20:32:13 (1749925933), Last Read: 2025-06-09 08:38:30 (1749451110), Is Read: false
[14-Jun-2025 14:44:17 Europe/Berlin] Notification: Lead Update, Created: 2025-06-09 17:16:57 (1749482217), Last Read: 2025-06-09 08:38:30 (1749451110), Is Read: false
[14-Jun-2025 14:44:17 Europe/Berlin] Notification: Lead Update, Created: 2025-06-09 11:04:26 (1749459866), Last Read: 2025-06-09 08:38:30 (1749451110), Is Read: false
[14-Jun-2025 14:44:17 Europe/Berlin] Notification: Downpayment Tracker, Created: 2025-06-09 11:04:10 (1749459850), Last Read: 2025-06-09 08:38:30 (1749451110), Is Read: false
[14-Jun-2025 14:44:17 Europe/Berlin] Header loaded - Total notifications: 6, Unread count: 6
[14-Jun-2025 14:45:17 Europe/Berlin] Attempting database connection. DreamHost environment: false
[14-Jun-2025 14:45:17 Europe/Berlin] Database connection successful to localhost/real_estate_leads
[14-Jun-2025 14:45:18 Europe/Berlin] Database initialization error: Can't create table `real_estate_leads`.`projects` (errno: 150 "Foreign key constraint is incorrectly formed")
[14-Jun-2025 14:45:18 Europe/Berlin] Attempting database connection. DreamHost environment: false
[14-Jun-2025 14:45:18 Europe/Berlin] Database connection successful to localhost/real_estate_leads
[14-Jun-2025 14:45:18 Europe/Berlin] Attempting database connection. DreamHost environment: false
[14-Jun-2025 14:45:18 Europe/Berlin] Database connection successful to localhost/real_estate_leads
[14-Jun-2025 14:45:18 Europe/Berlin] getRecentNotifications - User ID: 15, Last Read: 2025-06-09 08:38:30
[14-Jun-2025 14:45:18 Europe/Berlin] Notification: Memo, Created: 2025-06-14 20:41:29 (1749926489), Last Read: 2025-06-09 08:38:30 (1749451110), Is Read: false
[14-Jun-2025 14:45:18 Europe/Berlin] Notification: Memo, Created: 2025-06-14 20:37:11 (1749926231), Last Read: 2025-06-09 08:38:30 (1749451110), Is Read: false
[14-Jun-2025 14:45:18 Europe/Berlin] Notification: Memo, Created: 2025-06-14 20:32:13 (1749925933), Last Read: 2025-06-09 08:38:30 (1749451110), Is Read: false
[14-Jun-2025 14:45:18 Europe/Berlin] Notification: Lead Update, Created: 2025-06-09 17:16:57 (1749482217), Last Read: 2025-06-09 08:38:30 (1749451110), Is Read: false
[14-Jun-2025 14:45:18 Europe/Berlin] Notification: Lead Update, Created: 2025-06-09 11:04:26 (1749459866), Last Read: 2025-06-09 08:38:30 (1749451110), Is Read: false
[14-Jun-2025 14:45:18 Europe/Berlin] Notification: Downpayment Tracker, Created: 2025-06-09 11:04:10 (1749459850), Last Read: 2025-06-09 08:38:30 (1749451110), Is Read: false
[14-Jun-2025 14:45:18 Europe/Berlin] Header loaded - Total notifications: 6, Unread count: 6
[14-Jun-2025 14:49:10 Europe/Berlin] Attempting database connection. DreamHost environment: false
[14-Jun-2025 14:49:10 Europe/Berlin] Database connection successful to localhost/real_estate_leads
[14-Jun-2025 14:49:10 Europe/Berlin] Database initialization error: Can't create table `real_estate_leads`.`projects` (errno: 150 "Foreign key constraint is incorrectly formed")
[14-Jun-2025 14:49:10 Europe/Berlin] Attempting database connection. DreamHost environment: false
[14-Jun-2025 14:49:10 Europe/Berlin] Database connection successful to localhost/real_estate_leads
[14-Jun-2025 14:49:10 Europe/Berlin] Attempting database connection. DreamHost environment: false
[14-Jun-2025 14:49:10 Europe/Berlin] Database connection successful to localhost/real_estate_leads
[14-Jun-2025 14:49:10 Europe/Berlin] getRecentNotifications - User ID: 15, Last Read: 2025-06-09 08:38:30
[14-Jun-2025 14:49:10 Europe/Berlin] Notification: Memo, Created: 2025-06-14 20:41:29 (1749926489), Last Read: 2025-06-09 08:38:30 (1749451110), Is Read: false
[14-Jun-2025 14:49:10 Europe/Berlin] Notification: Memo, Created: 2025-06-14 20:37:11 (1749926231), Last Read: 2025-06-09 08:38:30 (1749451110), Is Read: false
[14-Jun-2025 14:49:10 Europe/Berlin] Notification: Memo, Created: 2025-06-14 20:32:13 (1749925933), Last Read: 2025-06-09 08:38:30 (1749451110), Is Read: false
[14-Jun-2025 14:49:10 Europe/Berlin] Notification: Lead Update, Created: 2025-06-09 17:16:57 (1749482217), Last Read: 2025-06-09 08:38:30 (1749451110), Is Read: false
[14-Jun-2025 14:49:10 Europe/Berlin] Notification: Lead Update, Created: 2025-06-09 11:04:26 (1749459866), Last Read: 2025-06-09 08:38:30 (1749451110), Is Read: false
[14-Jun-2025 14:49:10 Europe/Berlin] Notification: Downpayment Tracker, Created: 2025-06-09 11:04:10 (1749459850), Last Read: 2025-06-09 08:38:30 (1749451110), Is Read: false
[14-Jun-2025 14:49:10 Europe/Berlin] Header loaded - Total notifications: 6, Unread count: 6
[14-Jun-2025 15:01:40 Europe/Berlin] Attempting database connection. DreamHost environment: false
[14-Jun-2025 15:01:40 Europe/Berlin] Database connection successful to localhost/real_estate_leads
[14-Jun-2025 15:01:40 Europe/Berlin] Database initialization error: Can't create table `real_estate_leads`.`projects` (errno: 150 "Foreign key constraint is incorrectly formed")
[14-Jun-2025 15:01:40 Europe/Berlin] Attempting database connection. DreamHost environment: false
[14-Jun-2025 15:01:40 Europe/Berlin] Database connection successful to localhost/real_estate_leads
[14-Jun-2025 15:01:40 Europe/Berlin] Attempting database connection. DreamHost environment: false
[14-Jun-2025 15:01:40 Europe/Berlin] Database connection successful to localhost/real_estate_leads
[14-Jun-2025 15:01:40 Europe/Berlin] getRecentNotifications - User ID: 15, Last Read: 2025-06-09 08:38:30
[14-Jun-2025 15:01:40 Europe/Berlin] Notification: Memo, Created: 2025-06-14 20:41:29 (1749926489), Last Read: 2025-06-09 08:38:30 (1749451110), Is Read: false
[14-Jun-2025 15:01:40 Europe/Berlin] Notification: Memo, Created: 2025-06-14 20:37:11 (1749926231), Last Read: 2025-06-09 08:38:30 (1749451110), Is Read: false
[14-Jun-2025 15:01:40 Europe/Berlin] Notification: Memo, Created: 2025-06-14 20:32:13 (1749925933), Last Read: 2025-06-09 08:38:30 (1749451110), Is Read: false
[14-Jun-2025 15:01:40 Europe/Berlin] Notification: Lead Update, Created: 2025-06-09 17:16:57 (1749482217), Last Read: 2025-06-09 08:38:30 (1749451110), Is Read: false
[14-Jun-2025 15:01:40 Europe/Berlin] Notification: Lead Update, Created: 2025-06-09 11:04:26 (1749459866), Last Read: 2025-06-09 08:38:30 (1749451110), Is Read: false
[14-Jun-2025 15:01:40 Europe/Berlin] Notification: Downpayment Tracker, Created: 2025-06-09 11:04:10 (1749459850), Last Read: 2025-06-09 08:38:30 (1749451110), Is Read: false
[14-Jun-2025 15:01:40 Europe/Berlin] Header loaded - Total notifications: 6, Unread count: 6
[14-Jun-2025 15:01:43 Europe/Berlin] Attempting database connection. DreamHost environment: false
[14-Jun-2025 15:01:43 Europe/Berlin] Database connection successful to localhost/real_estate_leads
[14-Jun-2025 15:01:43 Europe/Berlin] Database initialization error: Can't create table `real_estate_leads`.`projects` (errno: 150 "Foreign key constraint is incorrectly formed")
[14-Jun-2025 15:01:43 Europe/Berlin] Attempting database connection. DreamHost environment: false
[14-Jun-2025 15:01:43 Europe/Berlin] Database connection successful to localhost/real_estate_leads
[14-Jun-2025 15:01:43 Europe/Berlin] Attempting database connection. DreamHost environment: false
[14-Jun-2025 15:01:43 Europe/Berlin] Database connection successful to localhost/real_estate_leads
[14-Jun-2025 15:01:43 Europe/Berlin] getRecentNotifications - User ID: 15, Last Read: 2025-06-09 08:38:30
[14-Jun-2025 15:01:43 Europe/Berlin] Notification: Memo, Created: 2025-06-14 20:41:29 (1749926489), Last Read: 2025-06-09 08:38:30 (1749451110), Is Read: false
[14-Jun-2025 15:01:43 Europe/Berlin] Notification: Memo, Created: 2025-06-14 20:37:11 (1749926231), Last Read: 2025-06-09 08:38:30 (1749451110), Is Read: false
[14-Jun-2025 15:01:43 Europe/Berlin] Notification: Memo, Created: 2025-06-14 20:32:13 (1749925933), Last Read: 2025-06-09 08:38:30 (1749451110), Is Read: false
[14-Jun-2025 15:01:43 Europe/Berlin] Notification: Lead Update, Created: 2025-06-09 17:16:57 (1749482217), Last Read: 2025-06-09 08:38:30 (1749451110), Is Read: false
[14-Jun-2025 15:01:43 Europe/Berlin] Notification: Lead Update, Created: 2025-06-09 11:04:26 (1749459866), Last Read: 2025-06-09 08:38:30 (1749451110), Is Read: false
[14-Jun-2025 15:01:43 Europe/Berlin] Notification: Downpayment Tracker, Created: 2025-06-09 11:04:10 (1749459850), Last Read: 2025-06-09 08:38:30 (1749451110), Is Read: false
[14-Jun-2025 15:01:43 Europe/Berlin] Header loaded - Total notifications: 6, Unread count: 6
[14-Jun-2025 15:01:46 Europe/Berlin] Attempting database connection. DreamHost environment: false
[14-Jun-2025 15:01:46 Europe/Berlin] Database connection successful to localhost/real_estate_leads
[14-Jun-2025 15:01:46 Europe/Berlin] Database initialization error: Can't create table `real_estate_leads`.`projects` (errno: 150 "Foreign key constraint is incorrectly formed")
[14-Jun-2025 09:01:46 America/New_York] Attempting database connection. DreamHost environment: false
[14-Jun-2025 09:01:46 America/New_York] Database connection successful to localhost/real_estate_leads
[14-Jun-2025 09:01:46 America/New_York] Attempting database connection. DreamHost environment: false
[14-Jun-2025 09:01:46 America/New_York] Database connection successful to localhost/real_estate_leads
[14-Jun-2025 09:01:46 America/New_York] getRecentNotifications - User ID: 15, Last Read: 2025-06-09 08:38:30
[14-Jun-2025 09:01:46 America/New_York] Notification: Memo, Created: 2025-06-14 20:41:29 (1749948089), Last Read: 2025-06-09 08:38:30 (1749472710), Is Read: false
[14-Jun-2025 09:01:46 America/New_York] Notification: Memo, Created: 2025-06-14 20:37:11 (1749947831), Last Read: 2025-06-09 08:38:30 (1749472710), Is Read: false
[14-Jun-2025 09:01:46 America/New_York] Notification: Memo, Created: 2025-06-14 20:32:13 (1749947533), Last Read: 2025-06-09 08:38:30 (1749472710), Is Read: false
[14-Jun-2025 09:01:46 America/New_York] Notification: Lead Update, Created: 2025-06-09 17:16:57 (1749503817), Last Read: 2025-06-09 08:38:30 (1749472710), Is Read: false
[14-Jun-2025 09:01:46 America/New_York] Notification: Lead Update, Created: 2025-06-09 11:04:26 (1749481466), Last Read: 2025-06-09 08:38:30 (1749472710), Is Read: false
[14-Jun-2025 09:01:46 America/New_York] Notification: Downpayment Tracker, Created: 2025-06-09 11:04:10 (1749481450), Last Read: 2025-06-09 08:38:30 (1749472710), Is Read: false
[14-Jun-2025 09:01:46 America/New_York] Header loaded - Total notifications: 6, Unread count: 6
[14-Jun-2025 15:04:05 Europe/Berlin] Attempting database connection. DreamHost environment: false
[14-Jun-2025 15:04:05 Europe/Berlin] Database connection successful to localhost/real_estate_leads
[14-Jun-2025 15:04:06 Europe/Berlin] Database initialization error: Can't create table `real_estate_leads`.`projects` (errno: 150 "Foreign key constraint is incorrectly formed")
[14-Jun-2025 15:04:06 Europe/Berlin] Attempting database connection. DreamHost environment: false
[14-Jun-2025 15:04:06 Europe/Berlin] Database connection successful to localhost/real_estate_leads
[14-Jun-2025 15:04:06 Europe/Berlin] Attempting database connection. DreamHost environment: false
[14-Jun-2025 15:04:06 Europe/Berlin] Database connection successful to localhost/real_estate_leads
[14-Jun-2025 15:04:06 Europe/Berlin] getRecentNotifications - User ID: 15, Last Read: 2025-06-09 08:38:30
[14-Jun-2025 15:04:06 Europe/Berlin] Notification: Memo, Created: 2025-06-14 20:41:29 (1749926489), Last Read: 2025-06-09 08:38:30 (1749451110), Is Read: false
[14-Jun-2025 15:04:06 Europe/Berlin] Notification: Memo, Created: 2025-06-14 20:37:11 (1749926231), Last Read: 2025-06-09 08:38:30 (1749451110), Is Read: false
[14-Jun-2025 15:04:06 Europe/Berlin] Notification: Memo, Created: 2025-06-14 20:32:13 (1749925933), Last Read: 2025-06-09 08:38:30 (1749451110), Is Read: false
[14-Jun-2025 15:04:06 Europe/Berlin] Notification: Lead Update, Created: 2025-06-09 17:16:57 (1749482217), Last Read: 2025-06-09 08:38:30 (1749451110), Is Read: false
[14-Jun-2025 15:04:06 Europe/Berlin] Notification: Lead Update, Created: 2025-06-09 11:04:26 (1749459866), Last Read: 2025-06-09 08:38:30 (1749451110), Is Read: false
[14-Jun-2025 15:04:06 Europe/Berlin] Notification: Downpayment Tracker, Created: 2025-06-09 11:04:10 (1749459850), Last Read: 2025-06-09 08:38:30 (1749451110), Is Read: false
[14-Jun-2025 15:04:06 Europe/Berlin] Header loaded - Total notifications: 6, Unread count: 6
[14-Jun-2025 15:04:10 Europe/Berlin] Attempting database connection. DreamHost environment: false
[14-Jun-2025 15:04:10 Europe/Berlin] Database connection successful to localhost/real_estate_leads
[14-Jun-2025 15:04:10 Europe/Berlin] Database initialization error: Can't create table `real_estate_leads`.`projects` (errno: 150 "Foreign key constraint is incorrectly formed")
[14-Jun-2025 15:04:10 Europe/Berlin] Attempting database connection. DreamHost environment: false
[14-Jun-2025 15:04:10 Europe/Berlin] Database connection successful to localhost/real_estate_leads
[14-Jun-2025 15:04:10 Europe/Berlin] Attempting database connection. DreamHost environment: false
[14-Jun-2025 15:04:10 Europe/Berlin] Database connection successful to localhost/real_estate_leads
[14-Jun-2025 15:04:10 Europe/Berlin] Database initialization error: Can't create table `real_estate_leads`.`projects` (errno: 150 "Foreign key constraint is incorrectly formed")
[14-Jun-2025 15:04:10 Europe/Berlin] Attempting database connection. DreamHost environment: false
[14-Jun-2025 15:04:10 Europe/Berlin] Database connection successful to localhost/real_estate_leads
[14-Jun-2025 15:04:10 Europe/Berlin] Attempting database connection. DreamHost environment: false
[14-Jun-2025 15:04:10 Europe/Berlin] Database connection successful to localhost/real_estate_leads
[14-Jun-2025 15:04:10 Europe/Berlin] getRecentNotifications - User ID: 15, Last Read: 2025-06-09 08:38:30
[14-Jun-2025 15:04:10 Europe/Berlin] Notification: Memo, Created: 2025-06-14 20:41:29 (1749926489), Last Read: 2025-06-09 08:38:30 (1749451110), Is Read: false
[14-Jun-2025 15:04:10 Europe/Berlin] Notification: Memo, Created: 2025-06-14 20:37:11 (1749926231), Last Read: 2025-06-09 08:38:30 (1749451110), Is Read: false
[14-Jun-2025 15:04:10 Europe/Berlin] Notification: Memo, Created: 2025-06-14 20:32:13 (1749925933), Last Read: 2025-06-09 08:38:30 (1749451110), Is Read: false
[14-Jun-2025 15:04:10 Europe/Berlin] Notification: Lead Update, Created: 2025-06-09 17:16:57 (1749482217), Last Read: 2025-06-09 08:38:30 (1749451110), Is Read: false
[14-Jun-2025 15:04:10 Europe/Berlin] Notification: Lead Update, Created: 2025-06-09 11:04:26 (1749459866), Last Read: 2025-06-09 08:38:30 (1749451110), Is Read: false
[14-Jun-2025 15:04:10 Europe/Berlin] Notification: Downpayment Tracker, Created: 2025-06-09 11:04:10 (1749459850), Last Read: 2025-06-09 08:38:30 (1749451110), Is Read: false
[14-Jun-2025 15:04:10 Europe/Berlin] Header loaded - Total notifications: 6, Unread count: 6
[14-Jun-2025 15:04:12 Europe/Berlin] Attempting database connection. DreamHost environment: false
[14-Jun-2025 15:04:12 Europe/Berlin] Database connection successful to localhost/real_estate_leads
[14-Jun-2025 15:04:12 Europe/Berlin] Database initialization error: Can't create table `real_estate_leads`.`projects` (errno: 150 "Foreign key constraint is incorrectly formed")
[14-Jun-2025 09:04:12 America/New_York] Attempting database connection. DreamHost environment: false
[14-Jun-2025 09:04:12 America/New_York] Database connection successful to localhost/real_estate_leads
[14-Jun-2025 09:04:12 America/New_York] Attempting database connection. DreamHost environment: false
[14-Jun-2025 09:04:12 America/New_York] Database connection successful to localhost/real_estate_leads
[14-Jun-2025 09:04:12 America/New_York] getRecentNotifications - User ID: 15, Last Read: 2025-06-09 08:38:30
[14-Jun-2025 09:04:12 America/New_York] Notification: Memo, Created: 2025-06-14 20:41:29 (1749948089), Last Read: 2025-06-09 08:38:30 (1749472710), Is Read: false
[14-Jun-2025 09:04:12 America/New_York] Notification: Memo, Created: 2025-06-14 20:37:11 (1749947831), Last Read: 2025-06-09 08:38:30 (1749472710), Is Read: false
[14-Jun-2025 09:04:12 America/New_York] Notification: Memo, Created: 2025-06-14 20:32:13 (1749947533), Last Read: 2025-06-09 08:38:30 (1749472710), Is Read: false
[14-Jun-2025 09:04:12 America/New_York] Notification: Lead Update, Created: 2025-06-09 17:16:57 (1749503817), Last Read: 2025-06-09 08:38:30 (1749472710), Is Read: false
[14-Jun-2025 09:04:12 America/New_York] Notification: Lead Update, Created: 2025-06-09 11:04:26 (1749481466), Last Read: 2025-06-09 08:38:30 (1749472710), Is Read: false
[14-Jun-2025 09:04:12 America/New_York] Notification: Downpayment Tracker, Created: 2025-06-09 11:04:10 (1749481450), Last Read: 2025-06-09 08:38:30 (1749472710), Is Read: false
[14-Jun-2025 09:04:12 America/New_York] Header loaded - Total notifications: 6, Unread count: 6
[14-Jun-2025 15:06:45 Europe/Berlin] Attempting database connection. DreamHost environment: false
[14-Jun-2025 15:06:45 Europe/Berlin] Database connection successful to localhost/real_estate_leads
[14-Jun-2025 15:06:45 Europe/Berlin] Database initialization error: Can't create table `real_estate_leads`.`projects` (errno: 150 "Foreign key constraint is incorrectly formed")
[14-Jun-2025 15:06:45 Europe/Berlin] Attempting database connection. DreamHost environment: false
[14-Jun-2025 15:06:45 Europe/Berlin] Database connection successful to localhost/real_estate_leads
[14-Jun-2025 15:06:45 Europe/Berlin] Attempting database connection. DreamHost environment: false
[14-Jun-2025 15:06:45 Europe/Berlin] Database connection successful to localhost/real_estate_leads
[14-Jun-2025 15:06:45 Europe/Berlin] PHP Fatal error:  Uncaught mysqli_sql_exception: Unknown column 'setting_description' in 'field list' in C:\xampp\htdocs\lead-management\settings.php:98
Stack trace:
#0 C:\xampp\htdocs\lead-management\settings.php(98): mysqli->prepare('INSERT INTO set...')
#1 {main}
  thrown in C:\xampp\htdocs\lead-management\settings.php on line 98
[14-Jun-2025 15:12:09 Europe/Berlin] Attempting database connection. DreamHost environment: false
[14-Jun-2025 15:12:09 Europe/Berlin] Database connection successful to localhost/real_estate_leads
[14-Jun-2025 15:12:09 Europe/Berlin] Database initialization error: Can't create table `real_estate_leads`.`projects` (errno: 150 "Foreign key constraint is incorrectly formed")
[14-Jun-2025 15:12:09 Europe/Berlin] Attempting database connection. DreamHost environment: false
[14-Jun-2025 15:12:09 Europe/Berlin] Database connection successful to localhost/real_estate_leads
[14-Jun-2025 15:12:09 Europe/Berlin] Attempting database connection. DreamHost environment: false
[14-Jun-2025 15:12:09 Europe/Berlin] Database connection successful to localhost/real_estate_leads
[14-Jun-2025 15:12:09 Europe/Berlin] PHP Fatal error:  Uncaught mysqli_sql_exception: Unknown column 'setting_group' in 'field list' in C:\xampp\htdocs\lead-management\settings.php:113
Stack trace:
#0 C:\xampp\htdocs\lead-management\settings.php(113): mysqli->prepare('INSERT INTO set...')
#1 {main}
  thrown in C:\xampp\htdocs\lead-management\settings.php on line 113
[14-Jun-2025 15:17:40 Europe/Berlin] Attempting database connection. DreamHost environment: false
[14-Jun-2025 15:17:40 Europe/Berlin] Database connection successful to localhost/real_estate_leads
[14-Jun-2025 15:17:40 Europe/Berlin] Database initialization error: Can't create table `real_estate_leads`.`projects` (errno: 150 "Foreign key constraint is incorrectly formed")
[14-Jun-2025 15:17:40 Europe/Berlin] Attempting database connection. DreamHost environment: false
[14-Jun-2025 15:17:40 Europe/Berlin] Database connection successful to localhost/real_estate_leads
[14-Jun-2025 15:17:40 Europe/Berlin] Attempting database connection. DreamHost environment: false
[14-Jun-2025 15:17:40 Europe/Berlin] Database connection successful to localhost/real_estate_leads
[14-Jun-2025 15:17:41 Europe/Berlin] Attempting database connection. DreamHost environment: false
[14-Jun-2025 15:17:41 Europe/Berlin] Database connection successful to localhost/real_estate_leads
[14-Jun-2025 15:17:41 Europe/Berlin] getRecentNotifications - User ID: 15, Last Read: 2025-06-09 08:38:30
[14-Jun-2025 15:17:41 Europe/Berlin] Notification: Memo, Created: 2025-06-14 20:41:29 (1749926489), Last Read: 2025-06-09 08:38:30 (1749451110), Is Read: false
[14-Jun-2025 15:17:41 Europe/Berlin] Notification: Memo, Created: 2025-06-14 20:37:11 (1749926231), Last Read: 2025-06-09 08:38:30 (1749451110), Is Read: false
[14-Jun-2025 15:17:41 Europe/Berlin] Notification: Memo, Created: 2025-06-14 20:32:13 (1749925933), Last Read: 2025-06-09 08:38:30 (1749451110), Is Read: false
[14-Jun-2025 15:17:41 Europe/Berlin] Notification: Lead Update, Created: 2025-06-09 17:16:57 (1749482217), Last Read: 2025-06-09 08:38:30 (1749451110), Is Read: false
[14-Jun-2025 15:17:41 Europe/Berlin] Notification: Lead Update, Created: 2025-06-09 11:04:26 (1749459866), Last Read: 2025-06-09 08:38:30 (1749451110), Is Read: false
[14-Jun-2025 15:17:41 Europe/Berlin] Notification: Downpayment Tracker, Created: 2025-06-09 11:04:10 (1749459850), Last Read: 2025-06-09 08:38:30 (1749451110), Is Read: false
[14-Jun-2025 15:17:41 Europe/Berlin] Header loaded - Total notifications: 6, Unread count: 6
[14-Jun-2025 15:17:45 Europe/Berlin] Attempting database connection. DreamHost environment: false
[14-Jun-2025 15:17:45 Europe/Berlin] Database connection successful to localhost/real_estate_leads
[14-Jun-2025 15:17:45 Europe/Berlin] Database initialization error: Can't create table `real_estate_leads`.`projects` (errno: 150 "Foreign key constraint is incorrectly formed")
[14-Jun-2025 15:17:45 Europe/Berlin] Attempting database connection. DreamHost environment: false
[14-Jun-2025 15:17:45 Europe/Berlin] Database connection successful to localhost/real_estate_leads
[14-Jun-2025 15:17:45 Europe/Berlin] Attempting database connection. DreamHost environment: false
[14-Jun-2025 15:17:45 Europe/Berlin] Database connection successful to localhost/real_estate_leads
[14-Jun-2025 15:17:45 Europe/Berlin] Attempting database connection. DreamHost environment: false
[14-Jun-2025 15:17:45 Europe/Berlin] Database connection successful to localhost/real_estate_leads
[14-Jun-2025 15:17:45 Europe/Berlin] getRecentNotifications - User ID: 15, Last Read: 2025-06-09 08:38:30
[14-Jun-2025 15:17:45 Europe/Berlin] Notification: Memo, Created: 2025-06-14 20:41:29 (1749926489), Last Read: 2025-06-09 08:38:30 (1749451110), Is Read: false
[14-Jun-2025 15:17:45 Europe/Berlin] Notification: Memo, Created: 2025-06-14 20:37:11 (1749926231), Last Read: 2025-06-09 08:38:30 (1749451110), Is Read: false
[14-Jun-2025 15:17:45 Europe/Berlin] Notification: Memo, Created: 2025-06-14 20:32:13 (1749925933), Last Read: 2025-06-09 08:38:30 (1749451110), Is Read: false
[14-Jun-2025 15:17:45 Europe/Berlin] Notification: Lead Update, Created: 2025-06-09 17:16:57 (1749482217), Last Read: 2025-06-09 08:38:30 (1749451110), Is Read: false
[14-Jun-2025 15:17:45 Europe/Berlin] Notification: Lead Update, Created: 2025-06-09 11:04:26 (1749459866), Last Read: 2025-06-09 08:38:30 (1749451110), Is Read: false
[14-Jun-2025 15:17:45 Europe/Berlin] Notification: Downpayment Tracker, Created: 2025-06-09 11:04:10 (1749459850), Last Read: 2025-06-09 08:38:30 (1749451110), Is Read: false
[14-Jun-2025 15:17:45 Europe/Berlin] Header loaded - Total notifications: 6, Unread count: 6
[14-Jun-2025 15:17:46 Europe/Berlin] Attempting database connection. DreamHost environment: false
[14-Jun-2025 15:17:46 Europe/Berlin] Database connection successful to localhost/real_estate_leads
[14-Jun-2025 15:17:46 Europe/Berlin] Database initialization error: Can't create table `real_estate_leads`.`projects` (errno: 150 "Foreign key constraint is incorrectly formed")
[14-Jun-2025 15:17:46 Europe/Berlin] Attempting database connection. DreamHost environment: false
[14-Jun-2025 15:17:46 Europe/Berlin] Database connection successful to localhost/real_estate_leads
[14-Jun-2025 15:17:46 Europe/Berlin] Attempting database connection. DreamHost environment: false
[14-Jun-2025 15:17:46 Europe/Berlin] Database connection successful to localhost/real_estate_leads
[14-Jun-2025 15:17:46 Europe/Berlin] Attempting database connection. DreamHost environment: false
[14-Jun-2025 15:17:46 Europe/Berlin] Database connection successful to localhost/real_estate_leads
[14-Jun-2025 15:17:46 Europe/Berlin] getRecentNotifications - User ID: 15, Last Read: 2025-06-09 08:38:30
[14-Jun-2025 15:17:46 Europe/Berlin] Notification: Memo, Created: 2025-06-14 20:41:29 (1749926489), Last Read: 2025-06-09 08:38:30 (1749451110), Is Read: false
[14-Jun-2025 15:17:46 Europe/Berlin] Notification: Memo, Created: 2025-06-14 20:37:11 (1749926231), Last Read: 2025-06-09 08:38:30 (1749451110), Is Read: false
[14-Jun-2025 15:17:46 Europe/Berlin] Notification: Memo, Created: 2025-06-14 20:32:13 (1749925933), Last Read: 2025-06-09 08:38:30 (1749451110), Is Read: false
[14-Jun-2025 15:17:46 Europe/Berlin] Notification: Lead Update, Created: 2025-06-09 17:16:57 (1749482217), Last Read: 2025-06-09 08:38:30 (1749451110), Is Read: false
[14-Jun-2025 15:17:46 Europe/Berlin] Notification: Lead Update, Created: 2025-06-09 11:04:26 (1749459866), Last Read: 2025-06-09 08:38:30 (1749451110), Is Read: false
[14-Jun-2025 15:17:46 Europe/Berlin] Notification: Downpayment Tracker, Created: 2025-06-09 11:04:10 (1749459850), Last Read: 2025-06-09 08:38:30 (1749451110), Is Read: false
[14-Jun-2025 15:17:46 Europe/Berlin] Header loaded - Total notifications: 6, Unread count: 6
[14-Jun-2025 15:17:56 Europe/Berlin] Attempting database connection. DreamHost environment: false
[14-Jun-2025 15:17:56 Europe/Berlin] Database connection successful to localhost/real_estate_leads
[14-Jun-2025 15:17:56 Europe/Berlin] Database initialization error: Can't create table `real_estate_leads`.`projects` (errno: 150 "Foreign key constraint is incorrectly formed")
[14-Jun-2025 15:17:56 Europe/Berlin] Attempting database connection. DreamHost environment: false
[14-Jun-2025 15:17:56 Europe/Berlin] Database connection successful to localhost/real_estate_leads
[14-Jun-2025 15:17:56 Europe/Berlin] Attempting database connection. DreamHost environment: false
[14-Jun-2025 15:17:56 Europe/Berlin] Database connection successful to localhost/real_estate_leads
[14-Jun-2025 15:17:56 Europe/Berlin] Attempting database connection. DreamHost environment: false
[14-Jun-2025 15:17:56 Europe/Berlin] Database connection successful to localhost/real_estate_leads
[14-Jun-2025 15:17:56 Europe/Berlin] Database initialization error: Can't create table `real_estate_leads`.`projects` (errno: 150 "Foreign key constraint is incorrectly formed")
[14-Jun-2025 15:17:56 Europe/Berlin] Attempting database connection. DreamHost environment: false
[14-Jun-2025 15:17:56 Europe/Berlin] Database connection successful to localhost/real_estate_leads
[14-Jun-2025 15:17:56 Europe/Berlin] Attempting database connection. DreamHost environment: false
[14-Jun-2025 15:17:56 Europe/Berlin] Database connection successful to localhost/real_estate_leads
[14-Jun-2025 15:17:56 Europe/Berlin] Attempting database connection. DreamHost environment: false
[14-Jun-2025 15:17:56 Europe/Berlin] Database connection successful to localhost/real_estate_leads
[14-Jun-2025 15:17:56 Europe/Berlin] getRecentNotifications - User ID: 15, Last Read: 2025-06-09 08:38:30
[14-Jun-2025 15:17:56 Europe/Berlin] Notification: Memo, Created: 2025-06-14 20:41:29 (1749926489), Last Read: 2025-06-09 08:38:30 (1749451110), Is Read: false
[14-Jun-2025 15:17:56 Europe/Berlin] Notification: Memo, Created: 2025-06-14 20:37:11 (1749926231), Last Read: 2025-06-09 08:38:30 (1749451110), Is Read: false
[14-Jun-2025 15:17:56 Europe/Berlin] Notification: Memo, Created: 2025-06-14 20:32:13 (1749925933), Last Read: 2025-06-09 08:38:30 (1749451110), Is Read: false
[14-Jun-2025 15:17:56 Europe/Berlin] Notification: Lead Update, Created: 2025-06-09 17:16:57 (1749482217), Last Read: 2025-06-09 08:38:30 (1749451110), Is Read: false
[14-Jun-2025 15:17:56 Europe/Berlin] Notification: Lead Update, Created: 2025-06-09 11:04:26 (1749459866), Last Read: 2025-06-09 08:38:30 (1749451110), Is Read: false
[14-Jun-2025 15:17:56 Europe/Berlin] Notification: Downpayment Tracker, Created: 2025-06-09 11:04:10 (1749459850), Last Read: 2025-06-09 08:38:30 (1749451110), Is Read: false
[14-Jun-2025 15:17:56 Europe/Berlin] Header loaded - Total notifications: 6, Unread count: 6
[14-Jun-2025 15:17:59 Europe/Berlin] Attempting database connection. DreamHost environment: false
[14-Jun-2025 15:17:59 Europe/Berlin] Database connection successful to localhost/real_estate_leads
[14-Jun-2025 15:17:59 Europe/Berlin] Database initialization error: Can't create table `real_estate_leads`.`projects` (errno: 150 "Foreign key constraint is incorrectly formed")
[14-Jun-2025 15:17:59 Europe/Berlin] Attempting database connection. DreamHost environment: false
[14-Jun-2025 15:17:59 Europe/Berlin] Database connection successful to localhost/real_estate_leads
[14-Jun-2025 15:17:59 Europe/Berlin] Attempting database connection. DreamHost environment: false
[14-Jun-2025 15:17:59 Europe/Berlin] Database connection successful to localhost/real_estate_leads
[14-Jun-2025 15:17:59 Europe/Berlin] Attempting database connection. DreamHost environment: false
[14-Jun-2025 15:17:59 Europe/Berlin] Database connection successful to localhost/real_estate_leads
[14-Jun-2025 15:17:59 Europe/Berlin] getRecentNotifications - User ID: 15, Last Read: 2025-06-09 08:38:30
[14-Jun-2025 15:17:59 Europe/Berlin] Notification: Memo, Created: 2025-06-14 20:41:29 (1749926489), Last Read: 2025-06-09 08:38:30 (1749451110), Is Read: false
[14-Jun-2025 15:17:59 Europe/Berlin] Notification: Memo, Created: 2025-06-14 20:37:11 (1749926231), Last Read: 2025-06-09 08:38:30 (1749451110), Is Read: false
[14-Jun-2025 15:17:59 Europe/Berlin] Notification: Memo, Created: 2025-06-14 20:32:13 (1749925933), Last Read: 2025-06-09 08:38:30 (1749451110), Is Read: false
[14-Jun-2025 15:17:59 Europe/Berlin] Notification: Lead Update, Created: 2025-06-09 17:16:57 (1749482217), Last Read: 2025-06-09 08:38:30 (1749451110), Is Read: false
[14-Jun-2025 15:17:59 Europe/Berlin] Notification: Lead Update, Created: 2025-06-09 11:04:26 (1749459866), Last Read: 2025-06-09 08:38:30 (1749451110), Is Read: false
[14-Jun-2025 15:17:59 Europe/Berlin] Notification: Downpayment Tracker, Created: 2025-06-09 11:04:10 (1749459850), Last Read: 2025-06-09 08:38:30 (1749451110), Is Read: false
[14-Jun-2025 15:17:59 Europe/Berlin] Header loaded - Total notifications: 6, Unread count: 6
[14-Jun-2025 15:18:04 Europe/Berlin] Attempting database connection. DreamHost environment: false
[14-Jun-2025 15:18:04 Europe/Berlin] Database connection successful to localhost/real_estate_leads
[14-Jun-2025 15:18:04 Europe/Berlin] Database initialization error: Can't create table `real_estate_leads`.`projects` (errno: 150 "Foreign key constraint is incorrectly formed")
[14-Jun-2025 15:18:04 Europe/Berlin] Attempting database connection. DreamHost environment: false
[14-Jun-2025 15:18:04 Europe/Berlin] Database connection successful to localhost/real_estate_leads
[14-Jun-2025 15:18:04 Europe/Berlin] Attempting database connection. DreamHost environment: false
[14-Jun-2025 15:18:04 Europe/Berlin] Database connection successful to localhost/real_estate_leads
[14-Jun-2025 15:18:05 Europe/Berlin] Attempting database connection. DreamHost environment: false
[14-Jun-2025 15:18:05 Europe/Berlin] Database connection successful to localhost/real_estate_leads
[14-Jun-2025 15:18:05 Europe/Berlin] getRecentNotifications - User ID: 15, Last Read: 2025-06-09 08:38:30
[14-Jun-2025 15:18:05 Europe/Berlin] Notification: Memo, Created: 2025-06-14 20:41:29 (1749926489), Last Read: 2025-06-09 08:38:30 (1749451110), Is Read: false
[14-Jun-2025 15:18:05 Europe/Berlin] Notification: Memo, Created: 2025-06-14 20:37:11 (1749926231), Last Read: 2025-06-09 08:38:30 (1749451110), Is Read: false
[14-Jun-2025 15:18:05 Europe/Berlin] Notification: Memo, Created: 2025-06-14 20:32:13 (1749925933), Last Read: 2025-06-09 08:38:30 (1749451110), Is Read: false
[14-Jun-2025 15:18:05 Europe/Berlin] Notification: Lead Update, Created: 2025-06-09 17:16:57 (1749482217), Last Read: 2025-06-09 08:38:30 (1749451110), Is Read: false
[14-Jun-2025 15:18:05 Europe/Berlin] Notification: Lead Update, Created: 2025-06-09 11:04:26 (1749459866), Last Read: 2025-06-09 08:38:30 (1749451110), Is Read: false
[14-Jun-2025 15:18:05 Europe/Berlin] Notification: Downpayment Tracker, Created: 2025-06-09 11:04:10 (1749459850), Last Read: 2025-06-09 08:38:30 (1749451110), Is Read: false
[14-Jun-2025 15:18:05 Europe/Berlin] Header loaded - Total notifications: 6, Unread count: 6
[14-Jun-2025 15:18:21 Europe/Berlin] Attempting database connection. DreamHost environment: false
[14-Jun-2025 15:18:21 Europe/Berlin] Database connection successful to localhost/real_estate_leads
[14-Jun-2025 15:18:21 Europe/Berlin] Database initialization error: Can't create table `real_estate_leads`.`projects` (errno: 150 "Foreign key constraint is incorrectly formed")
[14-Jun-2025 15:18:21 Europe/Berlin] Attempting database connection. DreamHost environment: false
[14-Jun-2025 15:18:21 Europe/Berlin] Database connection successful to localhost/real_estate_leads
[14-Jun-2025 15:18:21 Europe/Berlin] Attempting database connection. DreamHost environment: false
[14-Jun-2025 15:18:21 Europe/Berlin] Database connection successful to localhost/real_estate_leads
[14-Jun-2025 15:18:21 Europe/Berlin] Attempting database connection. DreamHost environment: false
[14-Jun-2025 15:18:21 Europe/Berlin] Database connection successful to localhost/real_estate_leads
[14-Jun-2025 15:18:21 Europe/Berlin] getRecentNotifications - User ID: 15, Last Read: 2025-06-09 08:38:30
[14-Jun-2025 15:18:21 Europe/Berlin] Notification: Memo, Created: 2025-06-14 20:41:29 (1749926489), Last Read: 2025-06-09 08:38:30 (1749451110), Is Read: false
[14-Jun-2025 15:18:21 Europe/Berlin] Notification: Memo, Created: 2025-06-14 20:37:11 (1749926231), Last Read: 2025-06-09 08:38:30 (1749451110), Is Read: false
[14-Jun-2025 15:18:21 Europe/Berlin] Notification: Memo, Created: 2025-06-14 20:32:13 (1749925933), Last Read: 2025-06-09 08:38:30 (1749451110), Is Read: false
[14-Jun-2025 15:18:21 Europe/Berlin] Notification: Lead Update, Created: 2025-06-09 17:16:57 (1749482217), Last Read: 2025-06-09 08:38:30 (1749451110), Is Read: false
[14-Jun-2025 15:18:21 Europe/Berlin] Notification: Lead Update, Created: 2025-06-09 11:04:26 (1749459866), Last Read: 2025-06-09 08:38:30 (1749451110), Is Read: false
[14-Jun-2025 15:18:21 Europe/Berlin] Notification: Downpayment Tracker, Created: 2025-06-09 11:04:10 (1749459850), Last Read: 2025-06-09 08:38:30 (1749451110), Is Read: false
[14-Jun-2025 15:18:21 Europe/Berlin] Header loaded - Total notifications: 6, Unread count: 6
[14-Jun-2025 15:18:27 Europe/Berlin] Attempting database connection. DreamHost environment: false
[14-Jun-2025 15:18:27 Europe/Berlin] Database connection successful to localhost/real_estate_leads
[14-Jun-2025 15:18:28 Europe/Berlin] Database initialization error: Can't create table `real_estate_leads`.`projects` (errno: 150 "Foreign key constraint is incorrectly formed")
[14-Jun-2025 15:18:28 Europe/Berlin] Attempting database connection. DreamHost environment: false
[14-Jun-2025 15:18:28 Europe/Berlin] Database connection successful to localhost/real_estate_leads
[14-Jun-2025 15:18:28 Europe/Berlin] Attempting database connection. DreamHost environment: false
[14-Jun-2025 15:18:28 Europe/Berlin] Database connection successful to localhost/real_estate_leads
[14-Jun-2025 15:18:28 Europe/Berlin] PHP Warning:  Undefined array key "name" in C:\xampp\htdocs\lead-management\settings.php on line 293
[14-Jun-2025 15:18:28 Europe/Berlin] Attempting database connection. DreamHost environment: false
[14-Jun-2025 15:18:28 Europe/Berlin] Database connection successful to localhost/real_estate_leads
[14-Jun-2025 15:18:28 Europe/Berlin] getRecentNotifications - User ID: 15, Last Read: 2025-06-09 08:38:30
[14-Jun-2025 15:18:28 Europe/Berlin] Notification: Memo, Created: 2025-06-14 20:41:29 (1749926489), Last Read: 2025-06-09 08:38:30 (1749451110), Is Read: false
[14-Jun-2025 15:18:28 Europe/Berlin] Notification: Memo, Created: 2025-06-14 20:37:11 (1749926231), Last Read: 2025-06-09 08:38:30 (1749451110), Is Read: false
[14-Jun-2025 15:18:28 Europe/Berlin] Notification: Memo, Created: 2025-06-14 20:32:13 (1749925933), Last Read: 2025-06-09 08:38:30 (1749451110), Is Read: false
[14-Jun-2025 15:18:28 Europe/Berlin] Notification: Lead Update, Created: 2025-06-09 17:16:57 (1749482217), Last Read: 2025-06-09 08:38:30 (1749451110), Is Read: false
[14-Jun-2025 15:18:28 Europe/Berlin] Notification: Lead Update, Created: 2025-06-09 11:04:26 (1749459866), Last Read: 2025-06-09 08:38:30 (1749451110), Is Read: false
[14-Jun-2025 15:18:28 Europe/Berlin] Notification: Downpayment Tracker, Created: 2025-06-09 11:04:10 (1749459850), Last Read: 2025-06-09 08:38:30 (1749451110), Is Read: false
[14-Jun-2025 15:18:28 Europe/Berlin] Header loaded - Total notifications: 6, Unread count: 6
[14-Jun-2025 15:21:18 Europe/Berlin] Attempting database connection. DreamHost environment: false
[14-Jun-2025 15:21:18 Europe/Berlin] Database connection successful to localhost/real_estate_leads
[14-Jun-2025 15:21:19 Europe/Berlin] Database initialization error: Can't create table `real_estate_leads`.`projects` (errno: 150 "Foreign key constraint is incorrectly formed")
[14-Jun-2025 15:21:19 Europe/Berlin] Attempting database connection. DreamHost environment: false
[14-Jun-2025 15:21:19 Europe/Berlin] Database connection successful to localhost/real_estate_leads
[14-Jun-2025 15:21:19 Europe/Berlin] Attempting database connection. DreamHost environment: false
[14-Jun-2025 15:21:19 Europe/Berlin] Database connection successful to localhost/real_estate_leads
[14-Jun-2025 15:21:19 Europe/Berlin] Attempting database connection. DreamHost environment: false
[14-Jun-2025 15:21:19 Europe/Berlin] Database connection successful to localhost/real_estate_leads
[14-Jun-2025 15:21:19 Europe/Berlin] getRecentNotifications - User ID: 15, Last Read: 2025-06-09 08:38:30
[14-Jun-2025 15:21:19 Europe/Berlin] Notification: Memo, Created: 2025-06-14 20:41:29 (1749926489), Last Read: 2025-06-09 08:38:30 (1749451110), Is Read: false
[14-Jun-2025 15:21:19 Europe/Berlin] Notification: Memo, Created: 2025-06-14 20:37:11 (1749926231), Last Read: 2025-06-09 08:38:30 (1749451110), Is Read: false
[14-Jun-2025 15:21:19 Europe/Berlin] Notification: Memo, Created: 2025-06-14 20:32:13 (1749925933), Last Read: 2025-06-09 08:38:30 (1749451110), Is Read: false
[14-Jun-2025 15:21:19 Europe/Berlin] Notification: Lead Update, Created: 2025-06-09 17:16:57 (1749482217), Last Read: 2025-06-09 08:38:30 (1749451110), Is Read: false
[14-Jun-2025 15:21:19 Europe/Berlin] Notification: Lead Update, Created: 2025-06-09 11:04:26 (1749459866), Last Read: 2025-06-09 08:38:30 (1749451110), Is Read: false
[14-Jun-2025 15:21:19 Europe/Berlin] Notification: Downpayment Tracker, Created: 2025-06-09 11:04:10 (1749459850), Last Read: 2025-06-09 08:38:30 (1749451110), Is Read: false
[14-Jun-2025 15:21:19 Europe/Berlin] Header loaded - Total notifications: 6, Unread count: 6
[16-Jun-2025 03:38:32 Europe/Berlin] Attempting database connection. DreamHost environment: false
[16-Jun-2025 03:38:36 Europe/Berlin] Database connection error: No connection could be made because the target machine actively refused it
[16-Jun-2025 03:38:36 Europe/Berlin] Database initialization error: No connection could be made because the target machine actively refused it
[16-Jun-2025 03:38:36 Europe/Berlin] Attempting database connection. DreamHost environment: false
[16-Jun-2025 03:38:41 Europe/Berlin] Database connection error: No connection could be made because the target machine actively refused it
[16-Jun-2025 03:38:41 Europe/Berlin] Database initialization error: No connection could be made because the target machine actively refused it
[16-Jun-2025 03:38:51 Europe/Berlin] Attempting database connection. DreamHost environment: false
[16-Jun-2025 03:38:55 Europe/Berlin] Database connection error: No connection could be made because the target machine actively refused it
[16-Jun-2025 03:38:55 Europe/Berlin] Database initialization error: No connection could be made because the target machine actively refused it
[16-Jun-2025 03:38:55 Europe/Berlin] Attempting database connection. DreamHost environment: false
[16-Jun-2025 03:38:59 Europe/Berlin] Database connection error: No connection could be made because the target machine actively refused it
[16-Jun-2025 03:38:59 Europe/Berlin] PHP Fatal error:  Uncaught mysqli_sql_exception: No connection could be made because the target machine actively refused it in C:\xampp\htdocs\lead-management\config\database.php:85
Stack trace:
#0 C:\xampp\htdocs\lead-management\config\database.php(85): mysqli->__construct('localhost', 'root', Object(SensitiveParameterValue), 'real_estate_lea...')
#1 C:\xampp\htdocs\lead-management\includes\functions.php(283): getDbConnection()
#2 C:\xampp\htdocs\lead-management\login.php(20): validateLogin('markpatigayon.i...', 'markpatigayon22')
#3 {main}
  thrown in C:\xampp\htdocs\lead-management\config\database.php on line 85
[16-Jun-2025 03:39:15 Europe/Berlin] Attempting database connection. DreamHost environment: false
[16-Jun-2025 03:39:15 Europe/Berlin] Database connection successful to localhost/real_estate_leads
[16-Jun-2025 03:39:15 Europe/Berlin] Database initialization error: Can't create table `real_estate_leads`.`projects` (errno: 150 "Foreign key constraint is incorrectly formed")
[16-Jun-2025 03:39:15 Europe/Berlin] Attempting database connection. DreamHost environment: false
[16-Jun-2025 03:39:15 Europe/Berlin] Database connection successful to localhost/real_estate_leads
[16-Jun-2025 03:39:16 Europe/Berlin] Attempting database connection. DreamHost environment: false
[16-Jun-2025 03:39:16 Europe/Berlin] Database connection successful to localhost/real_estate_leads
[16-Jun-2025 03:39:16 Europe/Berlin] Database initialization error: Can't create table `real_estate_leads`.`projects` (errno: 150 "Foreign key constraint is incorrectly formed")
[16-Jun-2025 03:39:16 Europe/Berlin] Attempting database connection. DreamHost environment: false
[16-Jun-2025 03:39:16 Europe/Berlin] Database connection successful to localhost/real_estate_leads
[16-Jun-2025 03:39:16 Europe/Berlin] Attempting database connection. DreamHost environment: false
[16-Jun-2025 03:39:16 Europe/Berlin] Database connection successful to localhost/real_estate_leads
[16-Jun-2025 03:39:16 Europe/Berlin] Attempting database connection. DreamHost environment: false
[16-Jun-2025 03:39:16 Europe/Berlin] Database connection successful to localhost/real_estate_leads
[16-Jun-2025 03:39:16 Europe/Berlin] getRecentNotifications - User ID: 15, Last Read: 2025-06-09 08:38:30
[16-Jun-2025 03:39:16 Europe/Berlin] Notification: Memo, Created: 2025-06-14 20:41:29 (1749926489), Last Read: 2025-06-09 08:38:30 (1749451110), Is Read: false
[16-Jun-2025 03:39:16 Europe/Berlin] Notification: Memo, Created: 2025-06-14 20:37:11 (1749926231), Last Read: 2025-06-09 08:38:30 (1749451110), Is Read: false
[16-Jun-2025 03:39:16 Europe/Berlin] Notification: Memo, Created: 2025-06-14 20:32:13 (1749925933), Last Read: 2025-06-09 08:38:30 (1749451110), Is Read: false
[16-Jun-2025 03:39:16 Europe/Berlin] Notification: Lead Update, Created: 2025-06-09 17:16:57 (1749482217), Last Read: 2025-06-09 08:38:30 (1749451110), Is Read: false
[16-Jun-2025 03:39:16 Europe/Berlin] Notification: Lead Update, Created: 2025-06-09 11:04:26 (1749459866), Last Read: 2025-06-09 08:38:30 (1749451110), Is Read: false
[16-Jun-2025 03:39:16 Europe/Berlin] Notification: Downpayment Tracker, Created: 2025-06-09 11:04:10 (1749459850), Last Read: 2025-06-09 08:38:30 (1749451110), Is Read: false
[16-Jun-2025 03:39:16 Europe/Berlin] Header loaded - Total notifications: 6, Unread count: 6
[16-Jun-2025 03:39:20 Europe/Berlin] Attempting database connection. DreamHost environment: false
[16-Jun-2025 03:39:20 Europe/Berlin] Database connection successful to localhost/real_estate_leads
[16-Jun-2025 03:39:20 Europe/Berlin] Database initialization error: Can't create table `real_estate_leads`.`projects` (errno: 150 "Foreign key constraint is incorrectly formed")
[16-Jun-2025 03:39:20 Europe/Berlin] Attempting database connection. DreamHost environment: false
[16-Jun-2025 03:39:20 Europe/Berlin] Database connection successful to localhost/real_estate_leads
[16-Jun-2025 03:39:20 Europe/Berlin] Attempting database connection. DreamHost environment: false
[16-Jun-2025 03:39:20 Europe/Berlin] Database connection successful to localhost/real_estate_leads
[16-Jun-2025 03:39:20 Europe/Berlin] Attempting database connection. DreamHost environment: false
[16-Jun-2025 03:39:20 Europe/Berlin] Database connection successful to localhost/real_estate_leads
[16-Jun-2025 03:39:20 Europe/Berlin] Attempting database connection. DreamHost environment: false
[16-Jun-2025 03:39:20 Europe/Berlin] Database connection successful to localhost/real_estate_leads
[16-Jun-2025 03:39:20 Europe/Berlin] Attempting database connection. DreamHost environment: false
[16-Jun-2025 03:39:20 Europe/Berlin] Database connection successful to localhost/real_estate_leads
[16-Jun-2025 03:39:20 Europe/Berlin] getRecentNotifications - User ID: 15, Last Read: 2025-06-09 08:38:30
[16-Jun-2025 03:39:20 Europe/Berlin] Notification: Memo, Created: 2025-06-14 20:41:29 (1749926489), Last Read: 2025-06-09 08:38:30 (1749451110), Is Read: false
[16-Jun-2025 03:39:20 Europe/Berlin] Notification: Memo, Created: 2025-06-14 20:37:11 (1749926231), Last Read: 2025-06-09 08:38:30 (1749451110), Is Read: false
[16-Jun-2025 03:39:20 Europe/Berlin] Notification: Memo, Created: 2025-06-14 20:32:13 (1749925933), Last Read: 2025-06-09 08:38:30 (1749451110), Is Read: false
[16-Jun-2025 03:39:20 Europe/Berlin] Notification: Lead Update, Created: 2025-06-09 17:16:57 (1749482217), Last Read: 2025-06-09 08:38:30 (1749451110), Is Read: false
[16-Jun-2025 03:39:20 Europe/Berlin] Notification: Lead Update, Created: 2025-06-09 11:04:26 (1749459866), Last Read: 2025-06-09 08:38:30 (1749451110), Is Read: false
[16-Jun-2025 03:39:20 Europe/Berlin] Notification: Downpayment Tracker, Created: 2025-06-09 11:04:10 (1749459850), Last Read: 2025-06-09 08:38:30 (1749451110), Is Read: false
[16-Jun-2025 03:39:20 Europe/Berlin] Header loaded - Total notifications: 6, Unread count: 6
[16-Jun-2025 03:41:06 Europe/Berlin] Attempting database connection. DreamHost environment: false
[16-Jun-2025 03:41:06 Europe/Berlin] Database connection successful to localhost/real_estate_leads
[16-Jun-2025 03:41:06 Europe/Berlin] Database initialization error: Can't create table `real_estate_leads`.`projects` (errno: 150 "Foreign key constraint is incorrectly formed")
[16-Jun-2025 03:41:06 Europe/Berlin] Attempting database connection. DreamHost environment: false
[16-Jun-2025 03:41:06 Europe/Berlin] Database connection successful to localhost/real_estate_leads
[16-Jun-2025 03:41:06 Europe/Berlin] Attempting database connection. DreamHost environment: false
[16-Jun-2025 03:41:06 Europe/Berlin] Database connection successful to localhost/real_estate_leads
[16-Jun-2025 03:41:06 Europe/Berlin] Attempting database connection. DreamHost environment: false
[16-Jun-2025 03:41:06 Europe/Berlin] Database connection successful to localhost/real_estate_leads
[16-Jun-2025 03:41:06 Europe/Berlin] getRecentNotifications - User ID: 15, Last Read: 2025-06-09 08:38:30
[16-Jun-2025 03:41:06 Europe/Berlin] Notification: Memo, Created: 2025-06-14 20:41:29 (1749926489), Last Read: 2025-06-09 08:38:30 (1749451110), Is Read: false
[16-Jun-2025 03:41:06 Europe/Berlin] Notification: Memo, Created: 2025-06-14 20:37:11 (1749926231), Last Read: 2025-06-09 08:38:30 (1749451110), Is Read: false
[16-Jun-2025 03:41:06 Europe/Berlin] Notification: Memo, Created: 2025-06-14 20:32:13 (1749925933), Last Read: 2025-06-09 08:38:30 (1749451110), Is Read: false
[16-Jun-2025 03:41:06 Europe/Berlin] Notification: Lead Update, Created: 2025-06-09 17:16:57 (1749482217), Last Read: 2025-06-09 08:38:30 (1749451110), Is Read: false
[16-Jun-2025 03:41:06 Europe/Berlin] Notification: Lead Update, Created: 2025-06-09 11:04:26 (1749459866), Last Read: 2025-06-09 08:38:30 (1749451110), Is Read: false
[16-Jun-2025 03:41:06 Europe/Berlin] Notification: Downpayment Tracker, Created: 2025-06-09 11:04:10 (1749459850), Last Read: 2025-06-09 08:38:30 (1749451110), Is Read: false
[16-Jun-2025 03:41:06 Europe/Berlin] Header loaded - Total notifications: 6, Unread count: 6
[16-Jun-2025 03:43:37 Europe/Berlin] Attempting database connection. DreamHost environment: false
[16-Jun-2025 03:43:37 Europe/Berlin] Database connection successful to localhost/real_estate_leads
[16-Jun-2025 03:43:37 Europe/Berlin] Database initialization error: Can't create table `real_estate_leads`.`projects` (errno: 150 "Foreign key constraint is incorrectly formed")
[16-Jun-2025 03:43:37 Europe/Berlin] Attempting database connection. DreamHost environment: false
[16-Jun-2025 03:43:37 Europe/Berlin] Database connection successful to localhost/real_estate_leads
[16-Jun-2025 03:43:37 Europe/Berlin] Attempting database connection. DreamHost environment: false
[16-Jun-2025 03:43:37 Europe/Berlin] Database connection successful to localhost/real_estate_leads
[16-Jun-2025 03:43:37 Europe/Berlin] Attempting database connection. DreamHost environment: false
[16-Jun-2025 03:43:37 Europe/Berlin] Database connection successful to localhost/real_estate_leads
[16-Jun-2025 03:43:37 Europe/Berlin] getRecentNotifications - User ID: 15, Last Read: 2025-06-09 08:38:30
[16-Jun-2025 03:43:37 Europe/Berlin] Notification: Memo, Created: 2025-06-14 20:41:29 (1749926489), Last Read: 2025-06-09 08:38:30 (1749451110), Is Read: false
[16-Jun-2025 03:43:37 Europe/Berlin] Notification: Memo, Created: 2025-06-14 20:37:11 (1749926231), Last Read: 2025-06-09 08:38:30 (1749451110), Is Read: false
[16-Jun-2025 03:43:37 Europe/Berlin] Notification: Memo, Created: 2025-06-14 20:32:13 (1749925933), Last Read: 2025-06-09 08:38:30 (1749451110), Is Read: false
[16-Jun-2025 03:43:37 Europe/Berlin] Notification: Lead Update, Created: 2025-06-09 17:16:57 (1749482217), Last Read: 2025-06-09 08:38:30 (1749451110), Is Read: false
[16-Jun-2025 03:43:37 Europe/Berlin] Notification: Lead Update, Created: 2025-06-09 11:04:26 (1749459866), Last Read: 2025-06-09 08:38:30 (1749451110), Is Read: false
[16-Jun-2025 03:43:37 Europe/Berlin] Notification: Downpayment Tracker, Created: 2025-06-09 11:04:10 (1749459850), Last Read: 2025-06-09 08:38:30 (1749451110), Is Read: false
[16-Jun-2025 03:43:37 Europe/Berlin] Header loaded - Total notifications: 6, Unread count: 6
[16-Jun-2025 03:43:39 Europe/Berlin] Attempting database connection. DreamHost environment: false
[16-Jun-2025 03:43:39 Europe/Berlin] Database connection successful to localhost/real_estate_leads
[16-Jun-2025 03:43:39 Europe/Berlin] Database initialization error: Can't create table `real_estate_leads`.`projects` (errno: 150 "Foreign key constraint is incorrectly formed")
[16-Jun-2025 03:43:39 Europe/Berlin] Attempting database connection. DreamHost environment: false
[16-Jun-2025 03:43:39 Europe/Berlin] Database connection successful to localhost/real_estate_leads
[16-Jun-2025 03:43:39 Europe/Berlin] Attempting database connection. DreamHost environment: false
[16-Jun-2025 03:43:39 Europe/Berlin] Database connection successful to localhost/real_estate_leads
[16-Jun-2025 03:43:39 Europe/Berlin] Attempting database connection. DreamHost environment: false
[16-Jun-2025 03:43:39 Europe/Berlin] Database connection successful to localhost/real_estate_leads
[16-Jun-2025 03:43:39 Europe/Berlin] getRecentNotifications - User ID: 15, Last Read: 2025-06-09 08:38:30
[16-Jun-2025 03:43:39 Europe/Berlin] Notification: Memo, Created: 2025-06-14 20:41:29 (1749926489), Last Read: 2025-06-09 08:38:30 (1749451110), Is Read: false
[16-Jun-2025 03:43:39 Europe/Berlin] Notification: Memo, Created: 2025-06-14 20:37:11 (1749926231), Last Read: 2025-06-09 08:38:30 (1749451110), Is Read: false
[16-Jun-2025 03:43:39 Europe/Berlin] Notification: Memo, Created: 2025-06-14 20:32:13 (1749925933), Last Read: 2025-06-09 08:38:30 (1749451110), Is Read: false
[16-Jun-2025 03:43:39 Europe/Berlin] Notification: Lead Update, Created: 2025-06-09 17:16:57 (1749482217), Last Read: 2025-06-09 08:38:30 (1749451110), Is Read: false
[16-Jun-2025 03:43:39 Europe/Berlin] Notification: Lead Update, Created: 2025-06-09 11:04:26 (1749459866), Last Read: 2025-06-09 08:38:30 (1749451110), Is Read: false
[16-Jun-2025 03:43:39 Europe/Berlin] Notification: Downpayment Tracker, Created: 2025-06-09 11:04:10 (1749459850), Last Read: 2025-06-09 08:38:30 (1749451110), Is Read: false
[16-Jun-2025 03:43:39 Europe/Berlin] Header loaded - Total notifications: 6, Unread count: 6
[16-Jun-2025 03:43:40 Europe/Berlin] Attempting database connection. DreamHost environment: false
[16-Jun-2025 03:43:40 Europe/Berlin] Database connection successful to localhost/real_estate_leads
[16-Jun-2025 03:43:40 Europe/Berlin] Database initialization error: Can't create table `real_estate_leads`.`projects` (errno: 150 "Foreign key constraint is incorrectly formed")
[16-Jun-2025 03:43:40 Europe/Berlin] Attempting database connection. DreamHost environment: false
[16-Jun-2025 03:43:40 Europe/Berlin] Database connection successful to localhost/real_estate_leads
[16-Jun-2025 03:43:40 Europe/Berlin] Attempting database connection. DreamHost environment: false
[16-Jun-2025 03:43:40 Europe/Berlin] Database connection successful to localhost/real_estate_leads
[16-Jun-2025 03:43:41 Europe/Berlin] Attempting database connection. DreamHost environment: false
[16-Jun-2025 03:43:41 Europe/Berlin] Database connection successful to localhost/real_estate_leads
[16-Jun-2025 03:43:41 Europe/Berlin] getRecentNotifications - User ID: 15, Last Read: 2025-06-09 08:38:30
[16-Jun-2025 03:43:41 Europe/Berlin] Notification: Memo, Created: 2025-06-14 20:41:29 (1749926489), Last Read: 2025-06-09 08:38:30 (1749451110), Is Read: false
[16-Jun-2025 03:43:41 Europe/Berlin] Notification: Memo, Created: 2025-06-14 20:37:11 (1749926231), Last Read: 2025-06-09 08:38:30 (1749451110), Is Read: false
[16-Jun-2025 03:43:41 Europe/Berlin] Notification: Memo, Created: 2025-06-14 20:32:13 (1749925933), Last Read: 2025-06-09 08:38:30 (1749451110), Is Read: false
[16-Jun-2025 03:43:41 Europe/Berlin] Notification: Lead Update, Created: 2025-06-09 17:16:57 (1749482217), Last Read: 2025-06-09 08:38:30 (1749451110), Is Read: false
[16-Jun-2025 03:43:41 Europe/Berlin] Notification: Lead Update, Created: 2025-06-09 11:04:26 (1749459866), Last Read: 2025-06-09 08:38:30 (1749451110), Is Read: false
[16-Jun-2025 03:43:41 Europe/Berlin] Notification: Downpayment Tracker, Created: 2025-06-09 11:04:10 (1749459850), Last Read: 2025-06-09 08:38:30 (1749451110), Is Read: false
[16-Jun-2025 03:43:41 Europe/Berlin] Header loaded - Total notifications: 6, Unread count: 6
[16-Jun-2025 03:43:42 Europe/Berlin] Attempting database connection. DreamHost environment: false
[16-Jun-2025 03:43:42 Europe/Berlin] Database connection successful to localhost/real_estate_leads
[16-Jun-2025 03:43:42 Europe/Berlin] Database initialization error: Can't create table `real_estate_leads`.`projects` (errno: 150 "Foreign key constraint is incorrectly formed")
[16-Jun-2025 03:43:42 Europe/Berlin] Attempting database connection. DreamHost environment: false
[16-Jun-2025 03:43:42 Europe/Berlin] Database connection successful to localhost/real_estate_leads
[16-Jun-2025 03:43:42 Europe/Berlin] Attempting database connection. DreamHost environment: false
[16-Jun-2025 03:43:42 Europe/Berlin] Database connection successful to localhost/real_estate_leads
[16-Jun-2025 03:43:42 Europe/Berlin] Attempting database connection. DreamHost environment: false
[16-Jun-2025 03:43:42 Europe/Berlin] Database connection successful to localhost/real_estate_leads
[16-Jun-2025 03:43:42 Europe/Berlin] getRecentNotifications - User ID: 15, Last Read: 2025-06-09 08:38:30
[16-Jun-2025 03:43:42 Europe/Berlin] Notification: Memo, Created: 2025-06-14 20:41:29 (1749926489), Last Read: 2025-06-09 08:38:30 (1749451110), Is Read: false
[16-Jun-2025 03:43:42 Europe/Berlin] Notification: Memo, Created: 2025-06-14 20:37:11 (1749926231), Last Read: 2025-06-09 08:38:30 (1749451110), Is Read: false
[16-Jun-2025 03:43:42 Europe/Berlin] Notification: Memo, Created: 2025-06-14 20:32:13 (1749925933), Last Read: 2025-06-09 08:38:30 (1749451110), Is Read: false
[16-Jun-2025 03:43:42 Europe/Berlin] Notification: Lead Update, Created: 2025-06-09 17:16:57 (1749482217), Last Read: 2025-06-09 08:38:30 (1749451110), Is Read: false
[16-Jun-2025 03:43:42 Europe/Berlin] Notification: Lead Update, Created: 2025-06-09 11:04:26 (1749459866), Last Read: 2025-06-09 08:38:30 (1749451110), Is Read: false
[16-Jun-2025 03:43:42 Europe/Berlin] Notification: Downpayment Tracker, Created: 2025-06-09 11:04:10 (1749459850), Last Read: 2025-06-09 08:38:30 (1749451110), Is Read: false
[16-Jun-2025 03:43:42 Europe/Berlin] Header loaded - Total notifications: 6, Unread count: 6
[16-Jun-2025 03:43:46 Europe/Berlin] Attempting database connection. DreamHost environment: false
[16-Jun-2025 03:43:46 Europe/Berlin] Database connection successful to localhost/real_estate_leads
[16-Jun-2025 03:43:46 Europe/Berlin] Database initialization error: Can't create table `real_estate_leads`.`projects` (errno: 150 "Foreign key constraint is incorrectly formed")
[16-Jun-2025 03:43:46 Europe/Berlin] Attempting database connection. DreamHost environment: false
[16-Jun-2025 03:43:46 Europe/Berlin] Database connection successful to localhost/real_estate_leads
[16-Jun-2025 03:43:46 Europe/Berlin] Attempting database connection. DreamHost environment: false
[16-Jun-2025 03:43:46 Europe/Berlin] Database connection successful to localhost/real_estate_leads
[16-Jun-2025 03:43:46 Europe/Berlin] Attempting database connection. DreamHost environment: false
[16-Jun-2025 03:43:46 Europe/Berlin] Database connection successful to localhost/real_estate_leads
[16-Jun-2025 03:43:46 Europe/Berlin] getRecentNotifications - User ID: 15, Last Read: 2025-06-09 08:38:30
[16-Jun-2025 03:43:46 Europe/Berlin] Notification: Memo, Created: 2025-06-14 20:41:29 (1749926489), Last Read: 2025-06-09 08:38:30 (1749451110), Is Read: false
[16-Jun-2025 03:43:46 Europe/Berlin] Notification: Memo, Created: 2025-06-14 20:37:11 (1749926231), Last Read: 2025-06-09 08:38:30 (1749451110), Is Read: false
[16-Jun-2025 03:43:46 Europe/Berlin] Notification: Memo, Created: 2025-06-14 20:32:13 (1749925933), Last Read: 2025-06-09 08:38:30 (1749451110), Is Read: false
[16-Jun-2025 03:43:46 Europe/Berlin] Notification: Lead Update, Created: 2025-06-09 17:16:57 (1749482217), Last Read: 2025-06-09 08:38:30 (1749451110), Is Read: false
[16-Jun-2025 03:43:46 Europe/Berlin] Notification: Lead Update, Created: 2025-06-09 11:04:26 (1749459866), Last Read: 2025-06-09 08:38:30 (1749451110), Is Read: false
[16-Jun-2025 03:43:46 Europe/Berlin] Notification: Downpayment Tracker, Created: 2025-06-09 11:04:10 (1749459850), Last Read: 2025-06-09 08:38:30 (1749451110), Is Read: false
[16-Jun-2025 03:43:46 Europe/Berlin] Header loaded - Total notifications: 6, Unread count: 6
[16-Jun-2025 03:43:48 Europe/Berlin] Attempting database connection. DreamHost environment: false
[16-Jun-2025 03:43:48 Europe/Berlin] Database connection successful to localhost/real_estate_leads
[16-Jun-2025 03:43:48 Europe/Berlin] Database initialization error: Can't create table `real_estate_leads`.`projects` (errno: 150 "Foreign key constraint is incorrectly formed")
[16-Jun-2025 03:43:48 Europe/Berlin] Attempting database connection. DreamHost environment: false
[16-Jun-2025 03:43:48 Europe/Berlin] Database connection successful to localhost/real_estate_leads
[16-Jun-2025 03:43:48 Europe/Berlin] Attempting database connection. DreamHost environment: false
[16-Jun-2025 03:43:48 Europe/Berlin] Database connection successful to localhost/real_estate_leads
[16-Jun-2025 03:43:48 Europe/Berlin] Attempting database connection. DreamHost environment: false
[16-Jun-2025 03:43:48 Europe/Berlin] Database connection successful to localhost/real_estate_leads
[16-Jun-2025 03:43:48 Europe/Berlin] getRecentNotifications - User ID: 15, Last Read: 2025-06-09 08:38:30
[16-Jun-2025 03:43:48 Europe/Berlin] Notification: Memo, Created: 2025-06-14 20:41:29 (1749926489), Last Read: 2025-06-09 08:38:30 (1749451110), Is Read: false
[16-Jun-2025 03:43:48 Europe/Berlin] Notification: Memo, Created: 2025-06-14 20:37:11 (1749926231), Last Read: 2025-06-09 08:38:30 (1749451110), Is Read: false
[16-Jun-2025 03:43:48 Europe/Berlin] Notification: Memo, Created: 2025-06-14 20:32:13 (1749925933), Last Read: 2025-06-09 08:38:30 (1749451110), Is Read: false
[16-Jun-2025 03:43:48 Europe/Berlin] Notification: Lead Update, Created: 2025-06-09 17:16:57 (1749482217), Last Read: 2025-06-09 08:38:30 (1749451110), Is Read: false
[16-Jun-2025 03:43:48 Europe/Berlin] Notification: Lead Update, Created: 2025-06-09 11:04:26 (1749459866), Last Read: 2025-06-09 08:38:30 (1749451110), Is Read: false
[16-Jun-2025 03:43:48 Europe/Berlin] Notification: Downpayment Tracker, Created: 2025-06-09 11:04:10 (1749459850), Last Read: 2025-06-09 08:38:30 (1749451110), Is Read: false
[16-Jun-2025 03:43:48 Europe/Berlin] Header loaded - Total notifications: 6, Unread count: 6
[16-Jun-2025 03:43:49 Europe/Berlin] Attempting database connection. DreamHost environment: false
[16-Jun-2025 03:43:49 Europe/Berlin] Database connection successful to localhost/real_estate_leads
[16-Jun-2025 03:43:49 Europe/Berlin] Database initialization error: Can't create table `real_estate_leads`.`projects` (errno: 150 "Foreign key constraint is incorrectly formed")
[15-Jun-2025 21:43:49 America/New_York] Attempting database connection. DreamHost environment: false
[15-Jun-2025 21:43:49 America/New_York] Database connection successful to localhost/real_estate_leads
[15-Jun-2025 21:43:49 America/New_York] Attempting database connection. DreamHost environment: false
[15-Jun-2025 21:43:49 America/New_York] Database connection successful to localhost/real_estate_leads
[15-Jun-2025 21:43:49 America/New_York] getRecentNotifications - User ID: 15, Last Read: 2025-06-09 08:38:30
[15-Jun-2025 21:43:49 America/New_York] Notification: Memo, Created: 2025-06-14 20:41:29 (1749948089), Last Read: 2025-06-09 08:38:30 (1749472710), Is Read: false
[15-Jun-2025 21:43:49 America/New_York] Notification: Memo, Created: 2025-06-14 20:37:11 (1749947831), Last Read: 2025-06-09 08:38:30 (1749472710), Is Read: false
[15-Jun-2025 21:43:49 America/New_York] Notification: Memo, Created: 2025-06-14 20:32:13 (1749947533), Last Read: 2025-06-09 08:38:30 (1749472710), Is Read: false
[15-Jun-2025 21:43:49 America/New_York] Notification: Lead Update, Created: 2025-06-09 17:16:57 (1749503817), Last Read: 2025-06-09 08:38:30 (1749472710), Is Read: false
[15-Jun-2025 21:43:49 America/New_York] Notification: Lead Update, Created: 2025-06-09 11:04:26 (1749481466), Last Read: 2025-06-09 08:38:30 (1749472710), Is Read: false
[15-Jun-2025 21:43:49 America/New_York] Notification: Downpayment Tracker, Created: 2025-06-09 11:04:10 (1749481450), Last Read: 2025-06-09 08:38:30 (1749472710), Is Read: false
[15-Jun-2025 21:43:49 America/New_York] Header loaded - Total notifications: 6, Unread count: 6
[16-Jun-2025 03:43:51 Europe/Berlin] Attempting database connection. DreamHost environment: false
[16-Jun-2025 03:43:51 Europe/Berlin] Database connection successful to localhost/real_estate_leads
[16-Jun-2025 03:43:51 Europe/Berlin] Database initialization error: Can't create table `real_estate_leads`.`projects` (errno: 150 "Foreign key constraint is incorrectly formed")
[16-Jun-2025 03:43:51 Europe/Berlin] Attempting database connection. DreamHost environment: false
[16-Jun-2025 03:43:51 Europe/Berlin] Database connection successful to localhost/real_estate_leads
[16-Jun-2025 03:43:51 Europe/Berlin] Attempting database connection. DreamHost environment: false
[16-Jun-2025 03:43:51 Europe/Berlin] Database connection successful to localhost/real_estate_leads
[16-Jun-2025 03:43:51 Europe/Berlin] Attempting database connection. DreamHost environment: false
[16-Jun-2025 03:43:51 Europe/Berlin] Database connection successful to localhost/real_estate_leads
[16-Jun-2025 03:43:51 Europe/Berlin] Attempting database connection. DreamHost environment: false
[16-Jun-2025 03:43:51 Europe/Berlin] Database connection successful to localhost/real_estate_leads
[16-Jun-2025 03:43:51 Europe/Berlin] getRecentNotifications - User ID: 15, Last Read: 2025-06-09 08:38:30
[16-Jun-2025 03:43:51 Europe/Berlin] Notification: Memo, Created: 2025-06-14 20:41:29 (1749926489), Last Read: 2025-06-09 08:38:30 (1749451110), Is Read: false
[16-Jun-2025 03:43:51 Europe/Berlin] Notification: Memo, Created: 2025-06-14 20:37:11 (1749926231), Last Read: 2025-06-09 08:38:30 (1749451110), Is Read: false
[16-Jun-2025 03:43:51 Europe/Berlin] Notification: Memo, Created: 2025-06-14 20:32:13 (1749925933), Last Read: 2025-06-09 08:38:30 (1749451110), Is Read: false
[16-Jun-2025 03:43:51 Europe/Berlin] Notification: Lead Update, Created: 2025-06-09 17:16:57 (1749482217), Last Read: 2025-06-09 08:38:30 (1749451110), Is Read: false
[16-Jun-2025 03:43:51 Europe/Berlin] Notification: Lead Update, Created: 2025-06-09 11:04:26 (1749459866), Last Read: 2025-06-09 08:38:30 (1749451110), Is Read: false
[16-Jun-2025 03:43:51 Europe/Berlin] Notification: Downpayment Tracker, Created: 2025-06-09 11:04:10 (1749459850), Last Read: 2025-06-09 08:38:30 (1749451110), Is Read: false
[16-Jun-2025 03:43:51 Europe/Berlin] Header loaded - Total notifications: 6, Unread count: 6
[16-Jun-2025 03:43:53 Europe/Berlin] Attempting database connection. DreamHost environment: false
[16-Jun-2025 03:43:53 Europe/Berlin] Database connection successful to localhost/real_estate_leads
[16-Jun-2025 03:43:53 Europe/Berlin] Database initialization error: Can't create table `real_estate_leads`.`projects` (errno: 150 "Foreign key constraint is incorrectly formed")
[16-Jun-2025 03:43:53 Europe/Berlin] Attempting database connection. DreamHost environment: false
[16-Jun-2025 03:43:53 Europe/Berlin] Database connection successful to localhost/real_estate_leads
[16-Jun-2025 03:43:53 Europe/Berlin] Attempting database connection. DreamHost environment: false
[16-Jun-2025 03:43:53 Europe/Berlin] Database connection successful to localhost/real_estate_leads
[16-Jun-2025 03:43:53 Europe/Berlin] Attempting database connection. DreamHost environment: false
[16-Jun-2025 03:43:53 Europe/Berlin] Database connection successful to localhost/real_estate_leads
[16-Jun-2025 03:43:53 Europe/Berlin] getRecentNotifications - User ID: 15, Last Read: 2025-06-09 08:38:30
[16-Jun-2025 03:43:53 Europe/Berlin] Notification: Memo, Created: 2025-06-14 20:41:29 (1749926489), Last Read: 2025-06-09 08:38:30 (1749451110), Is Read: false
[16-Jun-2025 03:43:53 Europe/Berlin] Notification: Memo, Created: 2025-06-14 20:37:11 (1749926231), Last Read: 2025-06-09 08:38:30 (1749451110), Is Read: false
[16-Jun-2025 03:43:53 Europe/Berlin] Notification: Memo, Created: 2025-06-14 20:32:13 (1749925933), Last Read: 2025-06-09 08:38:30 (1749451110), Is Read: false
[16-Jun-2025 03:43:53 Europe/Berlin] Notification: Lead Update, Created: 2025-06-09 17:16:57 (1749482217), Last Read: 2025-06-09 08:38:30 (1749451110), Is Read: false
[16-Jun-2025 03:43:53 Europe/Berlin] Notification: Lead Update, Created: 2025-06-09 11:04:26 (1749459866), Last Read: 2025-06-09 08:38:30 (1749451110), Is Read: false
[16-Jun-2025 03:43:53 Europe/Berlin] Notification: Downpayment Tracker, Created: 2025-06-09 11:04:10 (1749459850), Last Read: 2025-06-09 08:38:30 (1749451110), Is Read: false
[16-Jun-2025 03:43:54 Europe/Berlin] Header loaded - Total notifications: 6, Unread count: 6
[16-Jun-2025 03:43:57 Europe/Berlin] Attempting database connection. DreamHost environment: false
[16-Jun-2025 03:43:57 Europe/Berlin] Database connection successful to localhost/real_estate_leads
[16-Jun-2025 03:43:57 Europe/Berlin] Database initialization error: Can't create table `real_estate_leads`.`projects` (errno: 150 "Foreign key constraint is incorrectly formed")
[16-Jun-2025 03:43:57 Europe/Berlin] Attempting database connection. DreamHost environment: false
[16-Jun-2025 03:43:57 Europe/Berlin] Database connection successful to localhost/real_estate_leads
[16-Jun-2025 03:43:57 Europe/Berlin] Attempting database connection. DreamHost environment: false
[16-Jun-2025 03:43:57 Europe/Berlin] Database connection successful to localhost/real_estate_leads
[16-Jun-2025 03:43:57 Europe/Berlin] Attempting database connection. DreamHost environment: false
[16-Jun-2025 03:43:57 Europe/Berlin] Database connection successful to localhost/real_estate_leads
[16-Jun-2025 03:43:57 Europe/Berlin] getRecentNotifications - User ID: 15, Last Read: 2025-06-09 08:38:30
[16-Jun-2025 03:43:57 Europe/Berlin] Notification: Memo, Created: 2025-06-14 20:41:29 (1749926489), Last Read: 2025-06-09 08:38:30 (1749451110), Is Read: false
[16-Jun-2025 03:43:57 Europe/Berlin] Notification: Memo, Created: 2025-06-14 20:37:11 (1749926231), Last Read: 2025-06-09 08:38:30 (1749451110), Is Read: false
[16-Jun-2025 03:43:57 Europe/Berlin] Notification: Memo, Created: 2025-06-14 20:32:13 (1749925933), Last Read: 2025-06-09 08:38:30 (1749451110), Is Read: false
[16-Jun-2025 03:43:57 Europe/Berlin] Notification: Lead Update, Created: 2025-06-09 17:16:57 (1749482217), Last Read: 2025-06-09 08:38:30 (1749451110), Is Read: false
[16-Jun-2025 03:43:57 Europe/Berlin] Notification: Lead Update, Created: 2025-06-09 11:04:26 (1749459866), Last Read: 2025-06-09 08:38:30 (1749451110), Is Read: false
[16-Jun-2025 03:43:57 Europe/Berlin] Notification: Downpayment Tracker, Created: 2025-06-09 11:04:10 (1749459850), Last Read: 2025-06-09 08:38:30 (1749451110), Is Read: false
[16-Jun-2025 03:43:57 Europe/Berlin] Header loaded - Total notifications: 6, Unread count: 6
[16-Jun-2025 03:50:07 Europe/Berlin] Attempting database connection. DreamHost environment: false
[16-Jun-2025 03:50:07 Europe/Berlin] Database connection successful to localhost/real_estate_leads
[16-Jun-2025 03:50:07 Europe/Berlin] Database initialization error: Can't create table `real_estate_leads`.`projects` (errno: 150 "Foreign key constraint is incorrectly formed")
[16-Jun-2025 03:50:07 Europe/Berlin] Attempting database connection. DreamHost environment: false
[16-Jun-2025 03:50:07 Europe/Berlin] Database connection successful to localhost/real_estate_leads
[16-Jun-2025 03:50:07 Europe/Berlin] Attempting database connection. DreamHost environment: false
[16-Jun-2025 03:50:07 Europe/Berlin] Database connection successful to localhost/real_estate_leads
[16-Jun-2025 03:50:07 Europe/Berlin] Attempting database connection. DreamHost environment: false
[16-Jun-2025 03:50:07 Europe/Berlin] Database connection successful to localhost/real_estate_leads
[16-Jun-2025 03:50:07 Europe/Berlin] getRecentNotifications - User ID: 15, Last Read: 2025-06-09 08:38:30
[16-Jun-2025 03:50:07 Europe/Berlin] Notification: Memo, Created: 2025-06-14 20:41:29 (1749926489), Last Read: 2025-06-09 08:38:30 (1749451110), Is Read: false
[16-Jun-2025 03:50:07 Europe/Berlin] Notification: Memo, Created: 2025-06-14 20:37:11 (1749926231), Last Read: 2025-06-09 08:38:30 (1749451110), Is Read: false
[16-Jun-2025 03:50:07 Europe/Berlin] Notification: Memo, Created: 2025-06-14 20:32:13 (1749925933), Last Read: 2025-06-09 08:38:30 (1749451110), Is Read: false
[16-Jun-2025 03:50:07 Europe/Berlin] Notification: Lead Update, Created: 2025-06-09 17:16:57 (1749482217), Last Read: 2025-06-09 08:38:30 (1749451110), Is Read: false
[16-Jun-2025 03:50:07 Europe/Berlin] Notification: Lead Update, Created: 2025-06-09 11:04:26 (1749459866), Last Read: 2025-06-09 08:38:30 (1749451110), Is Read: false
[16-Jun-2025 03:50:07 Europe/Berlin] Notification: Downpayment Tracker, Created: 2025-06-09 11:04:10 (1749459850), Last Read: 2025-06-09 08:38:30 (1749451110), Is Read: false
[16-Jun-2025 03:50:07 Europe/Berlin] Header loaded - Total notifications: 6, Unread count: 6
[16-Jun-2025 03:50:10 Europe/Berlin] Attempting database connection. DreamHost environment: false
[16-Jun-2025 03:50:10 Europe/Berlin] Database connection successful to localhost/real_estate_leads
[16-Jun-2025 03:50:10 Europe/Berlin] Database initialization error: Can't create table `real_estate_leads`.`projects` (errno: 150 "Foreign key constraint is incorrectly formed")
[16-Jun-2025 03:50:10 Europe/Berlin] Attempting database connection. DreamHost environment: false
[16-Jun-2025 03:50:10 Europe/Berlin] Database connection successful to localhost/real_estate_leads
[16-Jun-2025 03:50:15 Europe/Berlin] Attempting database connection. DreamHost environment: false
[16-Jun-2025 03:50:15 Europe/Berlin] Database connection successful to localhost/real_estate_leads
[16-Jun-2025 03:50:15 Europe/Berlin] Database initialization error: Can't create table `real_estate_leads`.`projects` (errno: 150 "Foreign key constraint is incorrectly formed")
[16-Jun-2025 03:50:15 Europe/Berlin] Attempting database connection. DreamHost environment: false
[16-Jun-2025 03:50:15 Europe/Berlin] Database connection successful to localhost/real_estate_leads
[16-Jun-2025 03:50:15 Europe/Berlin] Attempting database connection. DreamHost environment: false
[16-Jun-2025 03:50:15 Europe/Berlin] Database connection successful to localhost/real_estate_leads
[16-Jun-2025 03:50:15 Europe/Berlin] Attempting database connection. DreamHost environment: false
[16-Jun-2025 03:50:15 Europe/Berlin] Database connection successful to localhost/real_estate_leads
[16-Jun-2025 03:50:15 Europe/Berlin] getRecentNotifications - User ID: 15, Last Read: 2025-06-09 08:38:30
[16-Jun-2025 03:50:15 Europe/Berlin] Notification: Memo, Created: 2025-06-14 20:41:29 (1749926489), Last Read: 2025-06-09 08:38:30 (1749451110), Is Read: false
[16-Jun-2025 03:50:15 Europe/Berlin] Notification: Memo, Created: 2025-06-14 20:37:11 (1749926231), Last Read: 2025-06-09 08:38:30 (1749451110), Is Read: false
[16-Jun-2025 03:50:15 Europe/Berlin] Notification: Memo, Created: 2025-06-14 20:32:13 (1749925933), Last Read: 2025-06-09 08:38:30 (1749451110), Is Read: false
[16-Jun-2025 03:50:15 Europe/Berlin] Notification: Lead Update, Created: 2025-06-09 17:16:57 (1749482217), Last Read: 2025-06-09 08:38:30 (1749451110), Is Read: false
[16-Jun-2025 03:50:15 Europe/Berlin] Notification: Lead Update, Created: 2025-06-09 11:04:26 (1749459866), Last Read: 2025-06-09 08:38:30 (1749451110), Is Read: false
[16-Jun-2025 03:50:15 Europe/Berlin] Notification: Downpayment Tracker, Created: 2025-06-09 11:04:10 (1749459850), Last Read: 2025-06-09 08:38:30 (1749451110), Is Read: false
[16-Jun-2025 03:50:15 Europe/Berlin] Header loaded - Total notifications: 6, Unread count: 6
[16-Jun-2025 03:55:08 Europe/Berlin] Attempting database connection. DreamHost environment: false
[16-Jun-2025 03:55:08 Europe/Berlin] Database connection successful to localhost/real_estate_leads
[16-Jun-2025 03:55:08 Europe/Berlin] Database initialization error: Can't create table `real_estate_leads`.`projects` (errno: 150 "Foreign key constraint is incorrectly formed")
[15-Jun-2025 21:55:08 America/New_York] Attempting database connection. DreamHost environment: false
[15-Jun-2025 21:55:08 America/New_York] Database connection successful to localhost/real_estate_leads
[15-Jun-2025 21:55:08 America/New_York] Attempting database connection. DreamHost environment: false
[15-Jun-2025 21:55:08 America/New_York] Database connection successful to localhost/real_estate_leads
[15-Jun-2025 21:55:08 America/New_York] getRecentNotifications - User ID: 15, Last Read: 2025-06-09 08:38:30
[15-Jun-2025 21:55:08 America/New_York] Notification: Memo, Created: 2025-06-14 20:41:29 (1749948089), Last Read: 2025-06-09 08:38:30 (1749472710), Is Read: false
[15-Jun-2025 21:55:08 America/New_York] Notification: Memo, Created: 2025-06-14 20:37:11 (1749947831), Last Read: 2025-06-09 08:38:30 (1749472710), Is Read: false
[15-Jun-2025 21:55:08 America/New_York] Notification: Memo, Created: 2025-06-14 20:32:13 (1749947533), Last Read: 2025-06-09 08:38:30 (1749472710), Is Read: false
[15-Jun-2025 21:55:08 America/New_York] Notification: Lead Update, Created: 2025-06-09 17:16:57 (1749503817), Last Read: 2025-06-09 08:38:30 (1749472710), Is Read: false
[15-Jun-2025 21:55:08 America/New_York] Notification: Lead Update, Created: 2025-06-09 11:04:26 (1749481466), Last Read: 2025-06-09 08:38:30 (1749472710), Is Read: false
[15-Jun-2025 21:55:08 America/New_York] Notification: Downpayment Tracker, Created: 2025-06-09 11:04:10 (1749481450), Last Read: 2025-06-09 08:38:30 (1749472710), Is Read: false
[15-Jun-2025 21:55:08 America/New_York] Header loaded - Total notifications: 6, Unread count: 6
[16-Jun-2025 03:55:10 Europe/Berlin] Attempting database connection. DreamHost environment: false
[16-Jun-2025 03:55:10 Europe/Berlin] Database connection successful to localhost/real_estate_leads
[16-Jun-2025 03:55:10 Europe/Berlin] Database initialization error: Can't create table `real_estate_leads`.`projects` (errno: 150 "Foreign key constraint is incorrectly formed")
[16-Jun-2025 03:55:10 Europe/Berlin] Attempting database connection. DreamHost environment: false
[16-Jun-2025 03:55:10 Europe/Berlin] Database connection successful to localhost/real_estate_leads
[16-Jun-2025 03:55:10 Europe/Berlin] Attempting database connection. DreamHost environment: false
[16-Jun-2025 03:55:10 Europe/Berlin] Database connection successful to localhost/real_estate_leads
[16-Jun-2025 03:55:10 Europe/Berlin] Attempting database connection. DreamHost environment: false
[16-Jun-2025 03:55:10 Europe/Berlin] Database connection successful to localhost/real_estate_leads
[16-Jun-2025 03:55:10 Europe/Berlin] getRecentNotifications - User ID: 15, Last Read: 2025-06-09 08:38:30
[16-Jun-2025 03:55:10 Europe/Berlin] Notification: Memo, Created: 2025-06-14 20:41:29 (1749926489), Last Read: 2025-06-09 08:38:30 (1749451110), Is Read: false
[16-Jun-2025 03:55:10 Europe/Berlin] Notification: Memo, Created: 2025-06-14 20:37:11 (1749926231), Last Read: 2025-06-09 08:38:30 (1749451110), Is Read: false
[16-Jun-2025 03:55:10 Europe/Berlin] Notification: Memo, Created: 2025-06-14 20:32:13 (1749925933), Last Read: 2025-06-09 08:38:30 (1749451110), Is Read: false
[16-Jun-2025 03:55:10 Europe/Berlin] Notification: Lead Update, Created: 2025-06-09 17:16:57 (1749482217), Last Read: 2025-06-09 08:38:30 (1749451110), Is Read: false
[16-Jun-2025 03:55:10 Europe/Berlin] Notification: Lead Update, Created: 2025-06-09 11:04:26 (1749459866), Last Read: 2025-06-09 08:38:30 (1749451110), Is Read: false
[16-Jun-2025 03:55:10 Europe/Berlin] Notification: Downpayment Tracker, Created: 2025-06-09 11:04:10 (1749459850), Last Read: 2025-06-09 08:38:30 (1749451110), Is Read: false
[16-Jun-2025 03:55:10 Europe/Berlin] Header loaded - Total notifications: 6, Unread count: 6
[16-Jun-2025 03:55:23 Europe/Berlin] Attempting database connection. DreamHost environment: false
[16-Jun-2025 03:55:23 Europe/Berlin] Database connection successful to localhost/real_estate_leads
[16-Jun-2025 03:55:23 Europe/Berlin] Database initialization error: Can't create table `real_estate_leads`.`projects` (errno: 150 "Foreign key constraint is incorrectly formed")
[16-Jun-2025 03:55:23 Europe/Berlin] Attempting database connection. DreamHost environment: false
[16-Jun-2025 03:55:23 Europe/Berlin] Database connection successful to localhost/real_estate_leads
[16-Jun-2025 03:55:23 Europe/Berlin] Attempting database connection. DreamHost environment: false
[16-Jun-2025 03:55:23 Europe/Berlin] Database connection successful to localhost/real_estate_leads
[16-Jun-2025 03:55:23 Europe/Berlin] Attempting database connection. DreamHost environment: false
[16-Jun-2025 03:55:23 Europe/Berlin] Database connection successful to localhost/real_estate_leads
[16-Jun-2025 03:55:23 Europe/Berlin] Database initialization error: Can't create table `real_estate_leads`.`projects` (errno: 150 "Foreign key constraint is incorrectly formed")
[15-Jun-2025 21:55:23 America/New_York] Attempting database connection. DreamHost environment: false
[15-Jun-2025 21:55:23 America/New_York] Database connection successful to localhost/real_estate_leads
[15-Jun-2025 21:55:23 America/New_York] Attempting database connection. DreamHost environment: false
[15-Jun-2025 21:55:23 America/New_York] Database connection successful to localhost/real_estate_leads
[15-Jun-2025 21:55:23 America/New_York] getRecentNotifications - User ID: 15, Last Read: 2025-06-09 08:38:30
[15-Jun-2025 21:55:23 America/New_York] Notification: Memo, Created: 2025-06-16 09:55:23 (1750082123), Last Read: 2025-06-09 08:38:30 (1749472710), Is Read: false
[15-Jun-2025 21:55:23 America/New_York] Notification: Memo, Created: 2025-06-14 20:41:29 (1749948089), Last Read: 2025-06-09 08:38:30 (1749472710), Is Read: false
[15-Jun-2025 21:55:23 America/New_York] Notification: Memo, Created: 2025-06-14 20:37:11 (1749947831), Last Read: 2025-06-09 08:38:30 (1749472710), Is Read: false
[15-Jun-2025 21:55:23 America/New_York] Notification: Memo, Created: 2025-06-14 20:32:13 (1749947533), Last Read: 2025-06-09 08:38:30 (1749472710), Is Read: false
[15-Jun-2025 21:55:23 America/New_York] Notification: Lead Update, Created: 2025-06-09 17:16:57 (1749503817), Last Read: 2025-06-09 08:38:30 (1749472710), Is Read: false
[15-Jun-2025 21:55:23 America/New_York] Notification: Lead Update, Created: 2025-06-09 11:04:26 (1749481466), Last Read: 2025-06-09 08:38:30 (1749472710), Is Read: false
[15-Jun-2025 21:55:23 America/New_York] Notification: Downpayment Tracker, Created: 2025-06-09 11:04:10 (1749481450), Last Read: 2025-06-09 08:38:30 (1749472710), Is Read: false
[15-Jun-2025 21:55:23 America/New_York] Header loaded - Total notifications: 7, Unread count: 7
[16-Jun-2025 03:55:26 Europe/Berlin] Attempting database connection. DreamHost environment: false
[16-Jun-2025 03:55:26 Europe/Berlin] Database connection successful to localhost/real_estate_leads
[16-Jun-2025 03:55:26 Europe/Berlin] Database initialization error: Can't create table `real_estate_leads`.`projects` (errno: 150 "Foreign key constraint is incorrectly formed")
[15-Jun-2025 21:55:26 America/New_York] Attempting database connection. DreamHost environment: false
[15-Jun-2025 21:55:26 America/New_York] Database connection successful to localhost/real_estate_leads
[15-Jun-2025 21:55:26 America/New_York] Attempting database connection. DreamHost environment: false
[15-Jun-2025 21:55:26 America/New_York] Database connection successful to localhost/real_estate_leads
[15-Jun-2025 21:55:26 America/New_York] getRecentNotifications - User ID: 15, Last Read: 2025-06-09 08:38:30
[15-Jun-2025 21:55:26 America/New_York] Notification: Memo, Created: 2025-06-16 09:55:23 (1750082123), Last Read: 2025-06-09 08:38:30 (1749472710), Is Read: false
[15-Jun-2025 21:55:26 America/New_York] Notification: Memo, Created: 2025-06-14 20:41:29 (1749948089), Last Read: 2025-06-09 08:38:30 (1749472710), Is Read: false
[15-Jun-2025 21:55:26 America/New_York] Notification: Memo, Created: 2025-06-14 20:37:11 (1749947831), Last Read: 2025-06-09 08:38:30 (1749472710), Is Read: false
[15-Jun-2025 21:55:26 America/New_York] Notification: Memo, Created: 2025-06-14 20:32:13 (1749947533), Last Read: 2025-06-09 08:38:30 (1749472710), Is Read: false
[15-Jun-2025 21:55:26 America/New_York] Notification: Lead Update, Created: 2025-06-09 17:16:57 (1749503817), Last Read: 2025-06-09 08:38:30 (1749472710), Is Read: false
[15-Jun-2025 21:55:26 America/New_York] Notification: Lead Update, Created: 2025-06-09 11:04:26 (1749481466), Last Read: 2025-06-09 08:38:30 (1749472710), Is Read: false
[15-Jun-2025 21:55:26 America/New_York] Notification: Downpayment Tracker, Created: 2025-06-09 11:04:10 (1749481450), Last Read: 2025-06-09 08:38:30 (1749472710), Is Read: false
[15-Jun-2025 21:55:26 America/New_York] Header loaded - Total notifications: 7, Unread count: 7
[16-Jun-2025 03:55:28 Europe/Berlin] Attempting database connection. DreamHost environment: false
[16-Jun-2025 03:55:28 Europe/Berlin] Database connection successful to localhost/real_estate_leads
[16-Jun-2025 03:55:29 Europe/Berlin] Database initialization error: Can't create table `real_estate_leads`.`projects` (errno: 150 "Foreign key constraint is incorrectly formed")
[15-Jun-2025 21:55:29 America/New_York] Attempting database connection. DreamHost environment: false
[15-Jun-2025 21:55:29 America/New_York] Database connection successful to localhost/real_estate_leads
[15-Jun-2025 21:55:29 America/New_York] Attempting database connection. DreamHost environment: false
[15-Jun-2025 21:55:29 America/New_York] Database connection successful to localhost/real_estate_leads
[15-Jun-2025 21:55:29 America/New_York] getRecentNotifications - User ID: 15, Last Read: 2025-06-09 08:38:30
[15-Jun-2025 21:55:29 America/New_York] Notification: Memo, Created: 2025-06-16 09:55:23 (1750082123), Last Read: 2025-06-09 08:38:30 (1749472710), Is Read: false
[15-Jun-2025 21:55:29 America/New_York] Notification: Memo, Created: 2025-06-14 20:41:29 (1749948089), Last Read: 2025-06-09 08:38:30 (1749472710), Is Read: false
[15-Jun-2025 21:55:29 America/New_York] Notification: Memo, Created: 2025-06-14 20:37:11 (1749947831), Last Read: 2025-06-09 08:38:30 (1749472710), Is Read: false
[15-Jun-2025 21:55:29 America/New_York] Notification: Memo, Created: 2025-06-14 20:32:13 (1749947533), Last Read: 2025-06-09 08:38:30 (1749472710), Is Read: false
[15-Jun-2025 21:55:29 America/New_York] Notification: Lead Update, Created: 2025-06-09 17:16:57 (1749503817), Last Read: 2025-06-09 08:38:30 (1749472710), Is Read: false
[15-Jun-2025 21:55:29 America/New_York] Notification: Lead Update, Created: 2025-06-09 11:04:26 (1749481466), Last Read: 2025-06-09 08:38:30 (1749472710), Is Read: false
[15-Jun-2025 21:55:29 America/New_York] Notification: Downpayment Tracker, Created: 2025-06-09 11:04:10 (1749481450), Last Read: 2025-06-09 08:38:30 (1749472710), Is Read: false
[15-Jun-2025 21:55:29 America/New_York] Header loaded - Total notifications: 7, Unread count: 7
[16-Jun-2025 03:57:50 Europe/Berlin] Attempting database connection. DreamHost environment: false
[16-Jun-2025 03:57:50 Europe/Berlin] Database connection successful to localhost/real_estate_leads
[16-Jun-2025 03:57:50 Europe/Berlin] Database initialization error: Can't create table `real_estate_leads`.`projects` (errno: 150 "Foreign key constraint is incorrectly formed")
[15-Jun-2025 21:57:50 America/New_York] Attempting database connection. DreamHost environment: false
[15-Jun-2025 21:57:50 America/New_York] Database connection successful to localhost/real_estate_leads
[15-Jun-2025 21:57:50 America/New_York] Attempting database connection. DreamHost environment: false
[15-Jun-2025 21:57:50 America/New_York] Database connection successful to localhost/real_estate_leads
[15-Jun-2025 21:57:50 America/New_York] getRecentNotifications - User ID: 15, Last Read: 2025-06-09 08:38:30
[15-Jun-2025 21:57:50 America/New_York] Notification: Memo, Created: 2025-06-16 09:55:23 (1750082123), Last Read: 2025-06-09 08:38:30 (1749472710), Is Read: false
[15-Jun-2025 21:57:50 America/New_York] Notification: Memo, Created: 2025-06-14 20:41:29 (1749948089), Last Read: 2025-06-09 08:38:30 (1749472710), Is Read: false
[15-Jun-2025 21:57:50 America/New_York] Notification: Memo, Created: 2025-06-14 20:37:11 (1749947831), Last Read: 2025-06-09 08:38:30 (1749472710), Is Read: false
[15-Jun-2025 21:57:50 America/New_York] Notification: Memo, Created: 2025-06-14 20:32:13 (1749947533), Last Read: 2025-06-09 08:38:30 (1749472710), Is Read: false
[15-Jun-2025 21:57:50 America/New_York] Notification: Lead Update, Created: 2025-06-09 17:16:57 (1749503817), Last Read: 2025-06-09 08:38:30 (1749472710), Is Read: false
[15-Jun-2025 21:57:50 America/New_York] Notification: Lead Update, Created: 2025-06-09 11:04:26 (1749481466), Last Read: 2025-06-09 08:38:30 (1749472710), Is Read: false
[15-Jun-2025 21:57:50 America/New_York] Notification: Downpayment Tracker, Created: 2025-06-09 11:04:10 (1749481450), Last Read: 2025-06-09 08:38:30 (1749472710), Is Read: false
[15-Jun-2025 21:57:50 America/New_York] Header loaded - Total notifications: 7, Unread count: 7
[16-Jun-2025 04:00:09 Europe/Berlin] Attempting database connection. DreamHost environment: false
[16-Jun-2025 04:00:09 Europe/Berlin] Database connection successful to localhost/real_estate_leads
[16-Jun-2025 04:00:09 Europe/Berlin] Database initialization error: Can't create table `real_estate_leads`.`projects` (errno: 150 "Foreign key constraint is incorrectly formed")
[15-Jun-2025 22:00:09 America/New_York] Attempting database connection. DreamHost environment: false
[15-Jun-2025 22:00:09 America/New_York] Database connection successful to localhost/real_estate_leads
[15-Jun-2025 22:00:09 America/New_York] Attempting database connection. DreamHost environment: false
[15-Jun-2025 22:00:09 America/New_York] Database connection successful to localhost/real_estate_leads
[15-Jun-2025 22:00:09 America/New_York] getRecentNotifications - User ID: 15, Last Read: 2025-06-09 08:38:30
[15-Jun-2025 22:00:09 America/New_York] Notification: Memo, Created: 2025-06-16 09:55:23 (1750082123), Last Read: 2025-06-09 08:38:30 (1749472710), Is Read: false
[15-Jun-2025 22:00:09 America/New_York] Notification: Memo, Created: 2025-06-14 20:41:29 (1749948089), Last Read: 2025-06-09 08:38:30 (1749472710), Is Read: false
[15-Jun-2025 22:00:09 America/New_York] Notification: Memo, Created: 2025-06-14 20:37:11 (1749947831), Last Read: 2025-06-09 08:38:30 (1749472710), Is Read: false
[15-Jun-2025 22:00:09 America/New_York] Notification: Memo, Created: 2025-06-14 20:32:13 (1749947533), Last Read: 2025-06-09 08:38:30 (1749472710), Is Read: false
[15-Jun-2025 22:00:09 America/New_York] Notification: Lead Update, Created: 2025-06-09 17:16:57 (1749503817), Last Read: 2025-06-09 08:38:30 (1749472710), Is Read: false
[15-Jun-2025 22:00:09 America/New_York] Notification: Lead Update, Created: 2025-06-09 11:04:26 (1749481466), Last Read: 2025-06-09 08:38:30 (1749472710), Is Read: false
[15-Jun-2025 22:00:09 America/New_York] Notification: Downpayment Tracker, Created: 2025-06-09 11:04:10 (1749481450), Last Read: 2025-06-09 08:38:30 (1749472710), Is Read: false
[15-Jun-2025 22:00:09 America/New_York] Header loaded - Total notifications: 7, Unread count: 7
[16-Jun-2025 04:00:12 Europe/Berlin] Attempting database connection. DreamHost environment: false
[16-Jun-2025 04:00:12 Europe/Berlin] Database connection successful to localhost/real_estate_leads
[16-Jun-2025 04:00:12 Europe/Berlin] Database initialization error: Can't create table `real_estate_leads`.`projects` (errno: 150 "Foreign key constraint is incorrectly formed")
[15-Jun-2025 22:00:12 America/New_York] Attempting database connection. DreamHost environment: false
[15-Jun-2025 22:00:12 America/New_York] Database connection successful to localhost/real_estate_leads
[15-Jun-2025 22:00:12 America/New_York] Attempting database connection. DreamHost environment: false
[15-Jun-2025 22:00:12 America/New_York] Database connection successful to localhost/real_estate_leads
[15-Jun-2025 22:00:12 America/New_York] getRecentNotifications - User ID: 15, Last Read: 2025-06-09 08:38:30
[15-Jun-2025 22:00:12 America/New_York] Notification: Memo, Created: 2025-06-16 09:55:23 (1750082123), Last Read: 2025-06-09 08:38:30 (1749472710), Is Read: false
[15-Jun-2025 22:00:12 America/New_York] Notification: Memo, Created: 2025-06-14 20:41:29 (1749948089), Last Read: 2025-06-09 08:38:30 (1749472710), Is Read: false
[15-Jun-2025 22:00:12 America/New_York] Notification: Memo, Created: 2025-06-14 20:37:11 (1749947831), Last Read: 2025-06-09 08:38:30 (1749472710), Is Read: false
[15-Jun-2025 22:00:12 America/New_York] Notification: Memo, Created: 2025-06-14 20:32:13 (1749947533), Last Read: 2025-06-09 08:38:30 (1749472710), Is Read: false
[15-Jun-2025 22:00:12 America/New_York] Notification: Lead Update, Created: 2025-06-09 17:16:57 (1749503817), Last Read: 2025-06-09 08:38:30 (1749472710), Is Read: false
[15-Jun-2025 22:00:12 America/New_York] Notification: Lead Update, Created: 2025-06-09 11:04:26 (1749481466), Last Read: 2025-06-09 08:38:30 (1749472710), Is Read: false
[15-Jun-2025 22:00:12 America/New_York] Notification: Downpayment Tracker, Created: 2025-06-09 11:04:10 (1749481450), Last Read: 2025-06-09 08:38:30 (1749472710), Is Read: false
[15-Jun-2025 22:00:12 America/New_York] Header loaded - Total notifications: 7, Unread count: 7
[16-Jun-2025 04:00:47 Europe/Berlin] Attempting database connection. DreamHost environment: false
[16-Jun-2025 04:00:47 Europe/Berlin] Database connection successful to localhost/real_estate_leads
[16-Jun-2025 04:00:47 Europe/Berlin] Database initialization error: Can't create table `real_estate_leads`.`projects` (errno: 150 "Foreign key constraint is incorrectly formed")
[16-Jun-2025 04:00:48 Europe/Berlin] Attempting database connection. DreamHost environment: false
[16-Jun-2025 04:00:48 Europe/Berlin] Database connection successful to localhost/real_estate_leads
[16-Jun-2025 04:00:48 Europe/Berlin] Attempting database connection. DreamHost environment: false
[16-Jun-2025 04:00:48 Europe/Berlin] Database connection successful to localhost/real_estate_leads
[16-Jun-2025 04:00:48 Europe/Berlin] Attempting database connection. DreamHost environment: false
[16-Jun-2025 04:00:48 Europe/Berlin] Database connection successful to localhost/real_estate_leads
[16-Jun-2025 04:00:48 Europe/Berlin] getRecentNotifications - User ID: 15, Last Read: 2025-06-09 08:38:30
[16-Jun-2025 04:00:48 Europe/Berlin] Notification: Memo, Created: 2025-06-16 09:55:23 (1750060523), Last Read: 2025-06-09 08:38:30 (1749451110), Is Read: false
[16-Jun-2025 04:00:48 Europe/Berlin] Notification: Memo, Created: 2025-06-14 20:41:29 (1749926489), Last Read: 2025-06-09 08:38:30 (1749451110), Is Read: false
[16-Jun-2025 04:00:48 Europe/Berlin] Notification: Memo, Created: 2025-06-14 20:37:11 (1749926231), Last Read: 2025-06-09 08:38:30 (1749451110), Is Read: false
[16-Jun-2025 04:00:48 Europe/Berlin] Notification: Memo, Created: 2025-06-14 20:32:13 (1749925933), Last Read: 2025-06-09 08:38:30 (1749451110), Is Read: false
[16-Jun-2025 04:00:48 Europe/Berlin] Notification: Lead Update, Created: 2025-06-09 17:16:57 (1749482217), Last Read: 2025-06-09 08:38:30 (1749451110), Is Read: false
[16-Jun-2025 04:00:48 Europe/Berlin] Notification: Lead Update, Created: 2025-06-09 11:04:26 (1749459866), Last Read: 2025-06-09 08:38:30 (1749451110), Is Read: false
[16-Jun-2025 04:00:48 Europe/Berlin] Notification: Downpayment Tracker, Created: 2025-06-09 11:04:10 (1749459850), Last Read: 2025-06-09 08:38:30 (1749451110), Is Read: false
[16-Jun-2025 04:00:48 Europe/Berlin] Header loaded - Total notifications: 7, Unread count: 7
[16-Jun-2025 04:01:57 Europe/Berlin] Attempting database connection. DreamHost environment: false
[16-Jun-2025 04:01:57 Europe/Berlin] Database connection successful to localhost/real_estate_leads
[16-Jun-2025 04:01:57 Europe/Berlin] Database initialization error: Can't create table `real_estate_leads`.`projects` (errno: 150 "Foreign key constraint is incorrectly formed")
[16-Jun-2025 04:01:57 Europe/Berlin] Attempting database connection. DreamHost environment: false
[16-Jun-2025 04:01:57 Europe/Berlin] Database connection successful to localhost/real_estate_leads
[16-Jun-2025 04:01:57 Europe/Berlin] Attempting database connection. DreamHost environment: false
[16-Jun-2025 04:01:57 Europe/Berlin] Database connection successful to localhost/real_estate_leads
[16-Jun-2025 04:01:57 Europe/Berlin] Attempting database connection. DreamHost environment: false
[16-Jun-2025 04:01:57 Europe/Berlin] Database connection successful to localhost/real_estate_leads
[16-Jun-2025 04:01:57 Europe/Berlin] getRecentNotifications - User ID: 15, Last Read: 2025-06-09 08:38:30
[16-Jun-2025 04:01:58 Europe/Berlin] Notification: Memo, Created: 2025-06-16 09:55:23 (1750060523), Last Read: 2025-06-09 08:38:30 (1749451110), Is Read: false
[16-Jun-2025 04:01:58 Europe/Berlin] Notification: Memo, Created: 2025-06-14 20:41:29 (1749926489), Last Read: 2025-06-09 08:38:30 (1749451110), Is Read: false
[16-Jun-2025 04:01:58 Europe/Berlin] Notification: Memo, Created: 2025-06-14 20:37:11 (1749926231), Last Read: 2025-06-09 08:38:30 (1749451110), Is Read: false
[16-Jun-2025 04:01:58 Europe/Berlin] Notification: Memo, Created: 2025-06-14 20:32:13 (1749925933), Last Read: 2025-06-09 08:38:30 (1749451110), Is Read: false
[16-Jun-2025 04:01:58 Europe/Berlin] Notification: Lead Update, Created: 2025-06-09 17:16:57 (1749482217), Last Read: 2025-06-09 08:38:30 (1749451110), Is Read: false
[16-Jun-2025 04:01:58 Europe/Berlin] Notification: Lead Update, Created: 2025-06-09 11:04:26 (1749459866), Last Read: 2025-06-09 08:38:30 (1749451110), Is Read: false
[16-Jun-2025 04:01:58 Europe/Berlin] Notification: Downpayment Tracker, Created: 2025-06-09 11:04:10 (1749459850), Last Read: 2025-06-09 08:38:30 (1749451110), Is Read: false
[16-Jun-2025 04:01:58 Europe/Berlin] Header loaded - Total notifications: 7, Unread count: 7
[16-Jun-2025 04:03:13 Europe/Berlin] Attempting database connection. DreamHost environment: false
[16-Jun-2025 04:03:13 Europe/Berlin] Database connection successful to localhost/real_estate_leads
[16-Jun-2025 04:03:13 Europe/Berlin] Database initialization error: Can't create table `real_estate_leads`.`projects` (errno: 150 "Foreign key constraint is incorrectly formed")
[16-Jun-2025 04:03:13 Europe/Berlin] Attempting database connection. DreamHost environment: false
[16-Jun-2025 04:03:13 Europe/Berlin] Database connection successful to localhost/real_estate_leads
[16-Jun-2025 04:03:13 Europe/Berlin] Attempting database connection. DreamHost environment: false
[16-Jun-2025 04:03:13 Europe/Berlin] Database connection successful to localhost/real_estate_leads
[16-Jun-2025 04:03:13 Europe/Berlin] Attempting database connection. DreamHost environment: false
[16-Jun-2025 04:03:13 Europe/Berlin] Database connection successful to localhost/real_estate_leads
[16-Jun-2025 04:03:13 Europe/Berlin] Attempting database connection. DreamHost environment: false
[16-Jun-2025 04:03:13 Europe/Berlin] Database connection successful to localhost/real_estate_leads
[16-Jun-2025 04:03:13 Europe/Berlin] Attempting database connection. DreamHost environment: false
[16-Jun-2025 04:03:13 Europe/Berlin] Database connection successful to localhost/real_estate_leads
[16-Jun-2025 04:03:13 Europe/Berlin] Attempting database connection. DreamHost environment: false
[16-Jun-2025 04:03:13 Europe/Berlin] Database connection successful to localhost/real_estate_leads
[16-Jun-2025 04:03:13 Europe/Berlin] Attempting database connection. DreamHost environment: false
[16-Jun-2025 04:03:13 Europe/Berlin] Database connection successful to localhost/real_estate_leads
[16-Jun-2025 04:03:13 Europe/Berlin] Attempting database connection. DreamHost environment: false
[16-Jun-2025 04:03:13 Europe/Berlin] Database connection successful to localhost/real_estate_leads
[16-Jun-2025 04:03:13 Europe/Berlin] getRecentNotifications - User ID: 15, Last Read: 2025-06-09 08:38:30
[16-Jun-2025 04:03:13 Europe/Berlin] Notification: Memo, Created: 2025-06-16 09:55:23 (1750060523), Last Read: 2025-06-09 08:38:30 (1749451110), Is Read: false
[16-Jun-2025 04:03:13 Europe/Berlin] Notification: Memo, Created: 2025-06-14 20:41:29 (1749926489), Last Read: 2025-06-09 08:38:30 (1749451110), Is Read: false
[16-Jun-2025 04:03:13 Europe/Berlin] Notification: Memo, Created: 2025-06-14 20:37:11 (1749926231), Last Read: 2025-06-09 08:38:30 (1749451110), Is Read: false
[16-Jun-2025 04:03:13 Europe/Berlin] Notification: Memo, Created: 2025-06-14 20:32:13 (1749925933), Last Read: 2025-06-09 08:38:30 (1749451110), Is Read: false
[16-Jun-2025 04:03:13 Europe/Berlin] Notification: Lead Update, Created: 2025-06-09 17:16:57 (1749482217), Last Read: 2025-06-09 08:38:30 (1749451110), Is Read: false
[16-Jun-2025 04:03:13 Europe/Berlin] Notification: Lead Update, Created: 2025-06-09 11:04:26 (1749459866), Last Read: 2025-06-09 08:38:30 (1749451110), Is Read: false
[16-Jun-2025 04:03:13 Europe/Berlin] Notification: Downpayment Tracker, Created: 2025-06-09 11:04:10 (1749459850), Last Read: 2025-06-09 08:38:30 (1749451110), Is Read: false
[16-Jun-2025 04:03:13 Europe/Berlin] Header loaded - Total notifications: 7, Unread count: 7
[16-Jun-2025 04:03:14 Europe/Berlin] Attempting database connection. DreamHost environment: false
[16-Jun-2025 04:03:14 Europe/Berlin] Database connection successful to localhost/real_estate_leads
[16-Jun-2025 04:03:14 Europe/Berlin] Database initialization error: Can't create table `real_estate_leads`.`projects` (errno: 150 "Foreign key constraint is incorrectly formed")
[16-Jun-2025 04:03:14 Europe/Berlin] Attempting database connection. DreamHost environment: false
[16-Jun-2025 04:03:14 Europe/Berlin] Database connection successful to localhost/real_estate_leads
[16-Jun-2025 04:03:14 Europe/Berlin] Attempting database connection. DreamHost environment: false
[16-Jun-2025 04:03:14 Europe/Berlin] Database connection successful to localhost/real_estate_leads
[16-Jun-2025 04:03:14 Europe/Berlin] Attempting database connection. DreamHost environment: false
[16-Jun-2025 04:03:14 Europe/Berlin] Database connection successful to localhost/real_estate_leads
[16-Jun-2025 04:03:15 Europe/Berlin] Attempting database connection. DreamHost environment: false
[16-Jun-2025 04:03:15 Europe/Berlin] Database connection successful to localhost/real_estate_leads
[16-Jun-2025 04:03:15 Europe/Berlin] Attempting database connection. DreamHost environment: false
[16-Jun-2025 04:03:15 Europe/Berlin] Database connection successful to localhost/real_estate_leads
[16-Jun-2025 04:03:15 Europe/Berlin] getRecentNotifications - User ID: 15, Last Read: 2025-06-09 08:38:30
[16-Jun-2025 04:03:15 Europe/Berlin] Notification: Memo, Created: 2025-06-16 09:55:23 (1750060523), Last Read: 2025-06-09 08:38:30 (1749451110), Is Read: false
[16-Jun-2025 04:03:15 Europe/Berlin] Notification: Memo, Created: 2025-06-14 20:41:29 (1749926489), Last Read: 2025-06-09 08:38:30 (1749451110), Is Read: false
[16-Jun-2025 04:03:15 Europe/Berlin] Notification: Memo, Created: 2025-06-14 20:37:11 (1749926231), Last Read: 2025-06-09 08:38:30 (1749451110), Is Read: false
[16-Jun-2025 04:03:15 Europe/Berlin] Notification: Memo, Created: 2025-06-14 20:32:13 (1749925933), Last Read: 2025-06-09 08:38:30 (1749451110), Is Read: false
[16-Jun-2025 04:03:15 Europe/Berlin] Notification: Lead Update, Created: 2025-06-09 17:16:57 (1749482217), Last Read: 2025-06-09 08:38:30 (1749451110), Is Read: false
[16-Jun-2025 04:03:15 Europe/Berlin] Notification: Lead Update, Created: 2025-06-09 11:04:26 (1749459866), Last Read: 2025-06-09 08:38:30 (1749451110), Is Read: false
[16-Jun-2025 04:03:15 Europe/Berlin] Notification: Downpayment Tracker, Created: 2025-06-09 11:04:10 (1749459850), Last Read: 2025-06-09 08:38:30 (1749451110), Is Read: false
[16-Jun-2025 04:03:15 Europe/Berlin] Header loaded - Total notifications: 7, Unread count: 7
[16-Jun-2025 04:05:34 Europe/Berlin] Attempting database connection. DreamHost environment: false
[16-Jun-2025 04:05:34 Europe/Berlin] Database connection successful to localhost/real_estate_leads
[16-Jun-2025 04:05:34 Europe/Berlin] Database initialization error: Can't create table `real_estate_leads`.`projects` (errno: 150 "Foreign key constraint is incorrectly formed")
[16-Jun-2025 04:05:34 Europe/Berlin] Attempting database connection. DreamHost environment: false
[16-Jun-2025 04:05:34 Europe/Berlin] Database connection successful to localhost/real_estate_leads
[16-Jun-2025 04:05:34 Europe/Berlin] Attempting database connection. DreamHost environment: false
[16-Jun-2025 04:05:34 Europe/Berlin] Database connection successful to localhost/real_estate_leads
[16-Jun-2025 04:05:34 Europe/Berlin] Attempting database connection. DreamHost environment: false
[16-Jun-2025 04:05:34 Europe/Berlin] Database connection successful to localhost/real_estate_leads
[16-Jun-2025 04:05:34 Europe/Berlin] Attempting database connection. DreamHost environment: false
[16-Jun-2025 04:05:34 Europe/Berlin] Database connection successful to localhost/real_estate_leads
[16-Jun-2025 04:05:34 Europe/Berlin] Attempting database connection. DreamHost environment: false
[16-Jun-2025 04:05:34 Europe/Berlin] Database connection successful to localhost/real_estate_leads
[16-Jun-2025 04:05:34 Europe/Berlin] Attempting database connection. DreamHost environment: false
[16-Jun-2025 04:05:34 Europe/Berlin] Database connection successful to localhost/real_estate_leads
[16-Jun-2025 04:05:34 Europe/Berlin] getRecentNotifications - User ID: 15, Last Read: 2025-06-09 08:38:30
[16-Jun-2025 04:05:34 Europe/Berlin] Notification: Memo, Created: 2025-06-16 09:55:23 (1750060523), Last Read: 2025-06-09 08:38:30 (1749451110), Is Read: false
[16-Jun-2025 04:05:34 Europe/Berlin] Notification: Memo, Created: 2025-06-14 20:41:29 (1749926489), Last Read: 2025-06-09 08:38:30 (1749451110), Is Read: false
[16-Jun-2025 04:05:34 Europe/Berlin] Notification: Memo, Created: 2025-06-14 20:37:11 (1749926231), Last Read: 2025-06-09 08:38:30 (1749451110), Is Read: false
[16-Jun-2025 04:05:34 Europe/Berlin] Notification: Memo, Created: 2025-06-14 20:32:13 (1749925933), Last Read: 2025-06-09 08:38:30 (1749451110), Is Read: false
[16-Jun-2025 04:05:34 Europe/Berlin] Notification: Lead Update, Created: 2025-06-09 17:16:57 (1749482217), Last Read: 2025-06-09 08:38:30 (1749451110), Is Read: false
[16-Jun-2025 04:05:34 Europe/Berlin] Notification: Lead Update, Created: 2025-06-09 11:04:26 (1749459866), Last Read: 2025-06-09 08:38:30 (1749451110), Is Read: false
[16-Jun-2025 04:05:34 Europe/Berlin] Notification: Downpayment Tracker, Created: 2025-06-09 11:04:10 (1749459850), Last Read: 2025-06-09 08:38:30 (1749451110), Is Read: false
[16-Jun-2025 04:05:34 Europe/Berlin] Header loaded - Total notifications: 7, Unread count: 7
[16-Jun-2025 04:05:36 Europe/Berlin] Attempting database connection. DreamHost environment: false
[16-Jun-2025 04:05:36 Europe/Berlin] Database connection successful to localhost/real_estate_leads
[16-Jun-2025 04:05:36 Europe/Berlin] Database initialization error: Can't create table `real_estate_leads`.`projects` (errno: 150 "Foreign key constraint is incorrectly formed")
[16-Jun-2025 04:05:37 Europe/Berlin] Attempting database connection. DreamHost environment: false
[16-Jun-2025 04:05:37 Europe/Berlin] Database connection successful to localhost/real_estate_leads
[16-Jun-2025 04:05:37 Europe/Berlin] Attempting database connection. DreamHost environment: false
[16-Jun-2025 04:05:37 Europe/Berlin] Database connection successful to localhost/real_estate_leads
[16-Jun-2025 04:05:37 Europe/Berlin] Attempting database connection. DreamHost environment: false
[16-Jun-2025 04:05:37 Europe/Berlin] Database connection successful to localhost/real_estate_leads
[16-Jun-2025 04:05:37 Europe/Berlin] Attempting database connection. DreamHost environment: false
[16-Jun-2025 04:05:37 Europe/Berlin] Database connection successful to localhost/real_estate_leads
[16-Jun-2025 04:05:37 Europe/Berlin] Attempting database connection. DreamHost environment: false
[16-Jun-2025 04:05:37 Europe/Berlin] Database connection successful to localhost/real_estate_leads
[16-Jun-2025 04:05:37 Europe/Berlin] Attempting database connection. DreamHost environment: false
[16-Jun-2025 04:05:37 Europe/Berlin] Database connection successful to localhost/real_estate_leads
[16-Jun-2025 04:05:37 Europe/Berlin] Attempting database connection. DreamHost environment: false
[16-Jun-2025 04:05:37 Europe/Berlin] Database connection successful to localhost/real_estate_leads
[16-Jun-2025 04:05:37 Europe/Berlin] Attempting database connection. DreamHost environment: false
[16-Jun-2025 04:05:37 Europe/Berlin] Database connection successful to localhost/real_estate_leads
[16-Jun-2025 04:05:37 Europe/Berlin] getRecentNotifications - User ID: 15, Last Read: 2025-06-09 08:38:30
[16-Jun-2025 04:05:37 Europe/Berlin] Notification: Memo, Created: 2025-06-16 09:55:23 (1750060523), Last Read: 2025-06-09 08:38:30 (1749451110), Is Read: false
[16-Jun-2025 04:05:37 Europe/Berlin] Notification: Memo, Created: 2025-06-14 20:41:29 (1749926489), Last Read: 2025-06-09 08:38:30 (1749451110), Is Read: false
[16-Jun-2025 04:05:37 Europe/Berlin] Notification: Memo, Created: 2025-06-14 20:37:11 (1749926231), Last Read: 2025-06-09 08:38:30 (1749451110), Is Read: false
[16-Jun-2025 04:05:37 Europe/Berlin] Notification: Memo, Created: 2025-06-14 20:32:13 (1749925933), Last Read: 2025-06-09 08:38:30 (1749451110), Is Read: false
[16-Jun-2025 04:05:37 Europe/Berlin] Notification: Lead Update, Created: 2025-06-09 17:16:57 (1749482217), Last Read: 2025-06-09 08:38:30 (1749451110), Is Read: false
[16-Jun-2025 04:05:37 Europe/Berlin] Notification: Lead Update, Created: 2025-06-09 11:04:26 (1749459866), Last Read: 2025-06-09 08:38:30 (1749451110), Is Read: false
[16-Jun-2025 04:05:37 Europe/Berlin] Notification: Downpayment Tracker, Created: 2025-06-09 11:04:10 (1749459850), Last Read: 2025-06-09 08:38:30 (1749451110), Is Read: false
[16-Jun-2025 04:05:37 Europe/Berlin] Header loaded - Total notifications: 7, Unread count: 7
[16-Jun-2025 04:07:07 Europe/Berlin] Attempting database connection. DreamHost environment: false
[16-Jun-2025 04:07:07 Europe/Berlin] Database connection successful to localhost/real_estate_leads
[16-Jun-2025 04:07:07 Europe/Berlin] Database initialization error: Can't create table `real_estate_leads`.`projects` (errno: 150 "Foreign key constraint is incorrectly formed")
[16-Jun-2025 04:07:07 Europe/Berlin] Attempting database connection. DreamHost environment: false
[16-Jun-2025 04:07:07 Europe/Berlin] Database connection successful to localhost/real_estate_leads
[16-Jun-2025 04:07:07 Europe/Berlin] Attempting database connection. DreamHost environment: false
[16-Jun-2025 04:07:07 Europe/Berlin] Database connection successful to localhost/real_estate_leads
[16-Jun-2025 04:07:07 Europe/Berlin] Attempting database connection. DreamHost environment: false
[16-Jun-2025 04:07:07 Europe/Berlin] Database connection successful to localhost/real_estate_leads
[16-Jun-2025 04:07:07 Europe/Berlin] getRecentNotifications - User ID: 15, Last Read: 2025-06-09 08:38:30
[16-Jun-2025 04:07:07 Europe/Berlin] Notification: Memo, Created: 2025-06-16 09:55:23 (1750060523), Last Read: 2025-06-09 08:38:30 (1749451110), Is Read: false
[16-Jun-2025 04:07:07 Europe/Berlin] Notification: Memo, Created: 2025-06-14 20:41:29 (1749926489), Last Read: 2025-06-09 08:38:30 (1749451110), Is Read: false
[16-Jun-2025 04:07:07 Europe/Berlin] Notification: Memo, Created: 2025-06-14 20:37:11 (1749926231), Last Read: 2025-06-09 08:38:30 (1749451110), Is Read: false
[16-Jun-2025 04:07:07 Europe/Berlin] Notification: Memo, Created: 2025-06-14 20:32:13 (1749925933), Last Read: 2025-06-09 08:38:30 (1749451110), Is Read: false
[16-Jun-2025 04:07:07 Europe/Berlin] Notification: Lead Update, Created: 2025-06-09 17:16:57 (1749482217), Last Read: 2025-06-09 08:38:30 (1749451110), Is Read: false
[16-Jun-2025 04:07:07 Europe/Berlin] Notification: Lead Update, Created: 2025-06-09 11:04:26 (1749459866), Last Read: 2025-06-09 08:38:30 (1749451110), Is Read: false
[16-Jun-2025 04:07:07 Europe/Berlin] Notification: Downpayment Tracker, Created: 2025-06-09 11:04:10 (1749459850), Last Read: 2025-06-09 08:38:30 (1749451110), Is Read: false
[16-Jun-2025 04:07:07 Europe/Berlin] Header loaded - Total notifications: 7, Unread count: 7
[16-Jun-2025 04:07:26 Europe/Berlin] Attempting database connection. DreamHost environment: false
[16-Jun-2025 04:07:26 Europe/Berlin] Database connection successful to localhost/real_estate_leads
[16-Jun-2025 04:07:26 Europe/Berlin] Database initialization error: Can't create table `real_estate_leads`.`projects` (errno: 150 "Foreign key constraint is incorrectly formed")
[16-Jun-2025 04:07:26 Europe/Berlin] Attempting database connection. DreamHost environment: false
[16-Jun-2025 04:07:26 Europe/Berlin] Database connection successful to localhost/real_estate_leads
[16-Jun-2025 04:07:26 Europe/Berlin] Attempting database connection. DreamHost environment: false
[16-Jun-2025 04:07:26 Europe/Berlin] Database connection successful to localhost/real_estate_leads
[16-Jun-2025 04:07:26 Europe/Berlin] Attempting database connection. DreamHost environment: false
[16-Jun-2025 04:07:26 Europe/Berlin] Database connection successful to localhost/real_estate_leads
[16-Jun-2025 04:07:26 Europe/Berlin] getRecentNotifications - User ID: 15, Last Read: 2025-06-09 08:38:30
[16-Jun-2025 04:07:26 Europe/Berlin] Notification: Memo, Created: 2025-06-16 09:55:23 (1750060523), Last Read: 2025-06-09 08:38:30 (1749451110), Is Read: false
[16-Jun-2025 04:07:26 Europe/Berlin] Notification: Memo, Created: 2025-06-14 20:41:29 (1749926489), Last Read: 2025-06-09 08:38:30 (1749451110), Is Read: false
[16-Jun-2025 04:07:26 Europe/Berlin] Notification: Memo, Created: 2025-06-14 20:37:11 (1749926231), Last Read: 2025-06-09 08:38:30 (1749451110), Is Read: false
[16-Jun-2025 04:07:26 Europe/Berlin] Notification: Memo, Created: 2025-06-14 20:32:13 (1749925933), Last Read: 2025-06-09 08:38:30 (1749451110), Is Read: false
[16-Jun-2025 04:07:26 Europe/Berlin] Notification: Lead Update, Created: 2025-06-09 17:16:57 (1749482217), Last Read: 2025-06-09 08:38:30 (1749451110), Is Read: false
[16-Jun-2025 04:07:26 Europe/Berlin] Notification: Lead Update, Created: 2025-06-09 11:04:26 (1749459866), Last Read: 2025-06-09 08:38:30 (1749451110), Is Read: false
[16-Jun-2025 04:07:26 Europe/Berlin] Notification: Downpayment Tracker, Created: 2025-06-09 11:04:10 (1749459850), Last Read: 2025-06-09 08:38:30 (1749451110), Is Read: false
[16-Jun-2025 04:07:26 Europe/Berlin] Header loaded - Total notifications: 7, Unread count: 7
[16-Jun-2025 04:08:12 Europe/Berlin] Attempting database connection. DreamHost environment: false
[16-Jun-2025 04:08:12 Europe/Berlin] Database connection successful to localhost/real_estate_leads
[16-Jun-2025 04:08:12 Europe/Berlin] Database initialization error: Can't create table `real_estate_leads`.`projects` (errno: 150 "Foreign key constraint is incorrectly formed")
[16-Jun-2025 04:08:12 Europe/Berlin] Attempting database connection. DreamHost environment: false
[16-Jun-2025 04:08:12 Europe/Berlin] Database connection successful to localhost/real_estate_leads
[16-Jun-2025 04:08:12 Europe/Berlin] Attempting database connection. DreamHost environment: false
[16-Jun-2025 04:08:12 Europe/Berlin] Database connection successful to localhost/real_estate_leads
[16-Jun-2025 04:08:12 Europe/Berlin] Attempting database connection. DreamHost environment: false
[16-Jun-2025 04:08:12 Europe/Berlin] Database connection successful to localhost/real_estate_leads
[16-Jun-2025 04:08:12 Europe/Berlin] getRecentNotifications - User ID: 15, Last Read: 2025-06-09 08:38:30
[16-Jun-2025 04:08:12 Europe/Berlin] Notification: Memo, Created: 2025-06-16 09:55:23 (1750060523), Last Read: 2025-06-09 08:38:30 (1749451110), Is Read: false
[16-Jun-2025 04:08:12 Europe/Berlin] Notification: Memo, Created: 2025-06-14 20:41:29 (1749926489), Last Read: 2025-06-09 08:38:30 (1749451110), Is Read: false
[16-Jun-2025 04:08:12 Europe/Berlin] Notification: Memo, Created: 2025-06-14 20:37:11 (1749926231), Last Read: 2025-06-09 08:38:30 (1749451110), Is Read: false
[16-Jun-2025 04:08:12 Europe/Berlin] Notification: Memo, Created: 2025-06-14 20:32:13 (1749925933), Last Read: 2025-06-09 08:38:30 (1749451110), Is Read: false
[16-Jun-2025 04:08:12 Europe/Berlin] Notification: Lead Update, Created: 2025-06-09 17:16:57 (1749482217), Last Read: 2025-06-09 08:38:30 (1749451110), Is Read: false
[16-Jun-2025 04:08:12 Europe/Berlin] Notification: Lead Update, Created: 2025-06-09 11:04:26 (1749459866), Last Read: 2025-06-09 08:38:30 (1749451110), Is Read: false
[16-Jun-2025 04:08:12 Europe/Berlin] Notification: Downpayment Tracker, Created: 2025-06-09 11:04:10 (1749459850), Last Read: 2025-06-09 08:38:30 (1749451110), Is Read: false
[16-Jun-2025 04:08:12 Europe/Berlin] Header loaded - Total notifications: 7, Unread count: 7
[16-Jun-2025 04:08:23 Europe/Berlin] Attempting database connection. DreamHost environment: false
[16-Jun-2025 04:08:23 Europe/Berlin] Database connection successful to localhost/real_estate_leads
[16-Jun-2025 04:08:23 Europe/Berlin] Database initialization error: Can't create table `real_estate_leads`.`projects` (errno: 150 "Foreign key constraint is incorrectly formed")
[16-Jun-2025 04:08:23 Europe/Berlin] Attempting database connection. DreamHost environment: false
[16-Jun-2025 04:08:23 Europe/Berlin] Database connection successful to localhost/real_estate_leads
[16-Jun-2025 04:08:23 Europe/Berlin] Attempting database connection. DreamHost environment: false
[16-Jun-2025 04:08:23 Europe/Berlin] Database connection successful to localhost/real_estate_leads
[16-Jun-2025 04:08:23 Europe/Berlin] Attempting database connection. DreamHost environment: false
[16-Jun-2025 04:08:23 Europe/Berlin] Database connection successful to localhost/real_estate_leads
[16-Jun-2025 04:08:23 Europe/Berlin] getRecentNotifications - User ID: 15, Last Read: 2025-06-09 08:38:30
[16-Jun-2025 04:08:23 Europe/Berlin] Notification: Memo, Created: 2025-06-16 09:55:23 (1750060523), Last Read: 2025-06-09 08:38:30 (1749451110), Is Read: false
[16-Jun-2025 04:08:23 Europe/Berlin] Notification: Memo, Created: 2025-06-14 20:41:29 (1749926489), Last Read: 2025-06-09 08:38:30 (1749451110), Is Read: false
[16-Jun-2025 04:08:23 Europe/Berlin] Notification: Memo, Created: 2025-06-14 20:37:11 (1749926231), Last Read: 2025-06-09 08:38:30 (1749451110), Is Read: false
[16-Jun-2025 04:08:23 Europe/Berlin] Notification: Memo, Created: 2025-06-14 20:32:13 (1749925933), Last Read: 2025-06-09 08:38:30 (1749451110), Is Read: false
[16-Jun-2025 04:08:23 Europe/Berlin] Notification: Lead Update, Created: 2025-06-09 17:16:57 (1749482217), Last Read: 2025-06-09 08:38:30 (1749451110), Is Read: false
[16-Jun-2025 04:08:23 Europe/Berlin] Notification: Lead Update, Created: 2025-06-09 11:04:26 (1749459866), Last Read: 2025-06-09 08:38:30 (1749451110), Is Read: false
[16-Jun-2025 04:08:23 Europe/Berlin] Notification: Downpayment Tracker, Created: 2025-06-09 11:04:10 (1749459850), Last Read: 2025-06-09 08:38:30 (1749451110), Is Read: false
[16-Jun-2025 04:08:23 Europe/Berlin] Header loaded - Total notifications: 7, Unread count: 7
[16-Jun-2025 04:08:35 Europe/Berlin] Attempting database connection. DreamHost environment: false
[16-Jun-2025 04:08:36 Europe/Berlin] Database connection successful to localhost/real_estate_leads
[16-Jun-2025 04:08:36 Europe/Berlin] Database initialization error: Can't create table `real_estate_leads`.`projects` (errno: 150 "Foreign key constraint is incorrectly formed")
[16-Jun-2025 04:08:36 Europe/Berlin] Attempting database connection. DreamHost environment: false
[16-Jun-2025 04:08:36 Europe/Berlin] Database connection successful to localhost/real_estate_leads
[16-Jun-2025 04:08:36 Europe/Berlin] Attempting database connection. DreamHost environment: false
[16-Jun-2025 04:08:36 Europe/Berlin] Database connection successful to localhost/real_estate_leads
[16-Jun-2025 04:08:36 Europe/Berlin] Attempting database connection. DreamHost environment: false
[16-Jun-2025 04:08:36 Europe/Berlin] Database connection successful to localhost/real_estate_leads
[16-Jun-2025 04:08:36 Europe/Berlin] getRecentNotifications - User ID: 15, Last Read: 2025-06-09 08:38:30
[16-Jun-2025 04:08:36 Europe/Berlin] Notification: Memo, Created: 2025-06-16 09:55:23 (1750060523), Last Read: 2025-06-09 08:38:30 (1749451110), Is Read: false
[16-Jun-2025 04:08:36 Europe/Berlin] Notification: Memo, Created: 2025-06-14 20:41:29 (1749926489), Last Read: 2025-06-09 08:38:30 (1749451110), Is Read: false
[16-Jun-2025 04:08:36 Europe/Berlin] Notification: Memo, Created: 2025-06-14 20:37:11 (1749926231), Last Read: 2025-06-09 08:38:30 (1749451110), Is Read: false
[16-Jun-2025 04:08:36 Europe/Berlin] Notification: Memo, Created: 2025-06-14 20:32:13 (1749925933), Last Read: 2025-06-09 08:38:30 (1749451110), Is Read: false
[16-Jun-2025 04:08:36 Europe/Berlin] Notification: Lead Update, Created: 2025-06-09 17:16:57 (1749482217), Last Read: 2025-06-09 08:38:30 (1749451110), Is Read: false
[16-Jun-2025 04:08:36 Europe/Berlin] Notification: Lead Update, Created: 2025-06-09 11:04:26 (1749459866), Last Read: 2025-06-09 08:38:30 (1749451110), Is Read: false
[16-Jun-2025 04:08:36 Europe/Berlin] Notification: Downpayment Tracker, Created: 2025-06-09 11:04:10 (1749459850), Last Read: 2025-06-09 08:38:30 (1749451110), Is Read: false
[16-Jun-2025 04:08:36 Europe/Berlin] Header loaded - Total notifications: 7, Unread count: 7
[16-Jun-2025 04:08:39 Europe/Berlin] Attempting database connection. DreamHost environment: false
[16-Jun-2025 04:08:39 Europe/Berlin] Database connection successful to localhost/real_estate_leads
[16-Jun-2025 04:08:39 Europe/Berlin] Database initialization error: Can't create table `real_estate_leads`.`projects` (errno: 150 "Foreign key constraint is incorrectly formed")
[16-Jun-2025 04:08:39 Europe/Berlin] Attempting database connection. DreamHost environment: false
[16-Jun-2025 04:08:39 Europe/Berlin] Database connection successful to localhost/real_estate_leads
[16-Jun-2025 04:08:39 Europe/Berlin] Attempting database connection. DreamHost environment: false
[16-Jun-2025 04:08:39 Europe/Berlin] Database connection successful to localhost/real_estate_leads
[16-Jun-2025 04:08:39 Europe/Berlin] Attempting database connection. DreamHost environment: false
[16-Jun-2025 04:08:39 Europe/Berlin] Database connection successful to localhost/real_estate_leads
[16-Jun-2025 04:08:39 Europe/Berlin] getRecentNotifications - User ID: 15, Last Read: 2025-06-09 08:38:30
[16-Jun-2025 04:08:40 Europe/Berlin] Notification: Memo, Created: 2025-06-16 09:55:23 (1750060523), Last Read: 2025-06-09 08:38:30 (1749451110), Is Read: false
[16-Jun-2025 04:08:40 Europe/Berlin] Notification: Memo, Created: 2025-06-14 20:41:29 (1749926489), Last Read: 2025-06-09 08:38:30 (1749451110), Is Read: false
[16-Jun-2025 04:08:40 Europe/Berlin] Notification: Memo, Created: 2025-06-14 20:37:11 (1749926231), Last Read: 2025-06-09 08:38:30 (1749451110), Is Read: false
[16-Jun-2025 04:08:40 Europe/Berlin] Notification: Memo, Created: 2025-06-14 20:32:13 (1749925933), Last Read: 2025-06-09 08:38:30 (1749451110), Is Read: false
[16-Jun-2025 04:08:40 Europe/Berlin] Notification: Lead Update, Created: 2025-06-09 17:16:57 (1749482217), Last Read: 2025-06-09 08:38:30 (1749451110), Is Read: false
[16-Jun-2025 04:08:40 Europe/Berlin] Notification: Lead Update, Created: 2025-06-09 11:04:26 (1749459866), Last Read: 2025-06-09 08:38:30 (1749451110), Is Read: false
[16-Jun-2025 04:08:40 Europe/Berlin] Notification: Downpayment Tracker, Created: 2025-06-09 11:04:10 (1749459850), Last Read: 2025-06-09 08:38:30 (1749451110), Is Read: false
[16-Jun-2025 04:08:40 Europe/Berlin] Header loaded - Total notifications: 7, Unread count: 7
[16-Jun-2025 04:09:02 Europe/Berlin] Attempting database connection. DreamHost environment: false
[16-Jun-2025 04:09:02 Europe/Berlin] Database connection successful to localhost/real_estate_leads
[16-Jun-2025 04:09:02 Europe/Berlin] Database initialization error: Can't create table `real_estate_leads`.`projects` (errno: 150 "Foreign key constraint is incorrectly formed")
[16-Jun-2025 04:09:02 Europe/Berlin] Attempting database connection. DreamHost environment: false
[16-Jun-2025 04:09:02 Europe/Berlin] Database connection successful to localhost/real_estate_leads
[16-Jun-2025 04:09:02 Europe/Berlin] Attempting database connection. DreamHost environment: false
[16-Jun-2025 04:09:02 Europe/Berlin] Database connection successful to localhost/real_estate_leads
[16-Jun-2025 04:09:02 Europe/Berlin] Attempting database connection. DreamHost environment: false
[16-Jun-2025 04:09:02 Europe/Berlin] Database connection successful to localhost/real_estate_leads
[16-Jun-2025 04:09:02 Europe/Berlin] getRecentNotifications - User ID: 15, Last Read: 2025-06-09 08:38:30
[16-Jun-2025 04:09:02 Europe/Berlin] Notification: Memo, Created: 2025-06-16 09:55:23 (1750060523), Last Read: 2025-06-09 08:38:30 (1749451110), Is Read: false
[16-Jun-2025 04:09:02 Europe/Berlin] Notification: Memo, Created: 2025-06-14 20:41:29 (1749926489), Last Read: 2025-06-09 08:38:30 (1749451110), Is Read: false
[16-Jun-2025 04:09:02 Europe/Berlin] Notification: Memo, Created: 2025-06-14 20:37:11 (1749926231), Last Read: 2025-06-09 08:38:30 (1749451110), Is Read: false
[16-Jun-2025 04:09:02 Europe/Berlin] Notification: Memo, Created: 2025-06-14 20:32:13 (1749925933), Last Read: 2025-06-09 08:38:30 (1749451110), Is Read: false
[16-Jun-2025 04:09:02 Europe/Berlin] Notification: Lead Update, Created: 2025-06-09 17:16:57 (1749482217), Last Read: 2025-06-09 08:38:30 (1749451110), Is Read: false
[16-Jun-2025 04:09:02 Europe/Berlin] Notification: Lead Update, Created: 2025-06-09 11:04:26 (1749459866), Last Read: 2025-06-09 08:38:30 (1749451110), Is Read: false
[16-Jun-2025 04:09:02 Europe/Berlin] Notification: Downpayment Tracker, Created: 2025-06-09 11:04:10 (1749459850), Last Read: 2025-06-09 08:38:30 (1749451110), Is Read: false
[16-Jun-2025 04:09:02 Europe/Berlin] Header loaded - Total notifications: 7, Unread count: 7
[16-Jun-2025 04:09:22 Europe/Berlin] Attempting database connection. DreamHost environment: false
[16-Jun-2025 04:09:22 Europe/Berlin] Database connection successful to localhost/real_estate_leads
[16-Jun-2025 04:09:23 Europe/Berlin] Database initialization error: Can't create table `real_estate_leads`.`projects` (errno: 150 "Foreign key constraint is incorrectly formed")
[16-Jun-2025 04:09:23 Europe/Berlin] Attempting database connection. DreamHost environment: false
[16-Jun-2025 04:09:23 Europe/Berlin] Database connection successful to localhost/real_estate_leads
[16-Jun-2025 04:09:23 Europe/Berlin] Attempting database connection. DreamHost environment: false
[16-Jun-2025 04:09:23 Europe/Berlin] Database connection successful to localhost/real_estate_leads
[16-Jun-2025 04:09:23 Europe/Berlin] Attempting database connection. DreamHost environment: false
[16-Jun-2025 04:09:23 Europe/Berlin] Database connection successful to localhost/real_estate_leads
[16-Jun-2025 04:09:23 Europe/Berlin] getRecentNotifications - User ID: 15, Last Read: 2025-06-09 08:38:30
[16-Jun-2025 04:09:23 Europe/Berlin] Notification: Memo, Created: 2025-06-16 09:55:23 (1750060523), Last Read: 2025-06-09 08:38:30 (1749451110), Is Read: false
[16-Jun-2025 04:09:23 Europe/Berlin] Notification: Memo, Created: 2025-06-14 20:41:29 (1749926489), Last Read: 2025-06-09 08:38:30 (1749451110), Is Read: false
[16-Jun-2025 04:09:23 Europe/Berlin] Notification: Memo, Created: 2025-06-14 20:37:11 (1749926231), Last Read: 2025-06-09 08:38:30 (1749451110), Is Read: false
[16-Jun-2025 04:09:23 Europe/Berlin] Notification: Memo, Created: 2025-06-14 20:32:13 (1749925933), Last Read: 2025-06-09 08:38:30 (1749451110), Is Read: false
[16-Jun-2025 04:09:23 Europe/Berlin] Notification: Lead Update, Created: 2025-06-09 17:16:57 (1749482217), Last Read: 2025-06-09 08:38:30 (1749451110), Is Read: false
[16-Jun-2025 04:09:23 Europe/Berlin] Notification: Lead Update, Created: 2025-06-09 11:04:26 (1749459866), Last Read: 2025-06-09 08:38:30 (1749451110), Is Read: false
[16-Jun-2025 04:09:23 Europe/Berlin] Notification: Downpayment Tracker, Created: 2025-06-09 11:04:10 (1749459850), Last Read: 2025-06-09 08:38:30 (1749451110), Is Read: false
[16-Jun-2025 04:09:23 Europe/Berlin] Header loaded - Total notifications: 7, Unread count: 7
[16-Jun-2025 04:09:54 Europe/Berlin] Attempting database connection. DreamHost environment: false
[16-Jun-2025 04:09:54 Europe/Berlin] Database connection successful to localhost/real_estate_leads
[16-Jun-2025 04:09:54 Europe/Berlin] Database initialization error: Can't create table `real_estate_leads`.`projects` (errno: 150 "Foreign key constraint is incorrectly formed")
[16-Jun-2025 04:09:54 Europe/Berlin] Attempting database connection. DreamHost environment: false
[16-Jun-2025 04:09:54 Europe/Berlin] Database connection successful to localhost/real_estate_leads
[16-Jun-2025 04:09:54 Europe/Berlin] Attempting database connection. DreamHost environment: false
[16-Jun-2025 04:09:54 Europe/Berlin] Database connection successful to localhost/real_estate_leads
[16-Jun-2025 04:09:54 Europe/Berlin] Attempting database connection. DreamHost environment: false
[16-Jun-2025 04:09:54 Europe/Berlin] Database connection successful to localhost/real_estate_leads
[16-Jun-2025 04:09:54 Europe/Berlin] Attempting database connection. DreamHost environment: false
[16-Jun-2025 04:09:54 Europe/Berlin] Database connection successful to localhost/real_estate_leads
[16-Jun-2025 04:09:54 Europe/Berlin] Attempting database connection. DreamHost environment: false
[16-Jun-2025 04:09:54 Europe/Berlin] Database connection successful to localhost/real_estate_leads
[16-Jun-2025 04:09:54 Europe/Berlin] Attempting database connection. DreamHost environment: false
[16-Jun-2025 04:09:54 Europe/Berlin] Database connection successful to localhost/real_estate_leads
[16-Jun-2025 04:09:54 Europe/Berlin] Attempting database connection. DreamHost environment: false
[16-Jun-2025 04:09:54 Europe/Berlin] Database connection successful to localhost/real_estate_leads
[16-Jun-2025 04:09:54 Europe/Berlin] Attempting database connection. DreamHost environment: false
[16-Jun-2025 04:09:54 Europe/Berlin] Database connection successful to localhost/real_estate_leads
[16-Jun-2025 04:09:54 Europe/Berlin] getRecentNotifications - User ID: 15, Last Read: 2025-06-09 08:38:30
[16-Jun-2025 04:09:55 Europe/Berlin] Notification: Memo, Created: 2025-06-16 09:55:23 (1750060523), Last Read: 2025-06-09 08:38:30 (1749451110), Is Read: false
[16-Jun-2025 04:09:55 Europe/Berlin] Notification: Memo, Created: 2025-06-14 20:41:29 (1749926489), Last Read: 2025-06-09 08:38:30 (1749451110), Is Read: false
[16-Jun-2025 04:09:55 Europe/Berlin] Notification: Memo, Created: 2025-06-14 20:37:11 (1749926231), Last Read: 2025-06-09 08:38:30 (1749451110), Is Read: false
[16-Jun-2025 04:09:55 Europe/Berlin] Notification: Memo, Created: 2025-06-14 20:32:13 (1749925933), Last Read: 2025-06-09 08:38:30 (1749451110), Is Read: false
[16-Jun-2025 04:09:55 Europe/Berlin] Notification: Lead Update, Created: 2025-06-09 17:16:57 (1749482217), Last Read: 2025-06-09 08:38:30 (1749451110), Is Read: false
[16-Jun-2025 04:09:55 Europe/Berlin] Notification: Lead Update, Created: 2025-06-09 11:04:26 (1749459866), Last Read: 2025-06-09 08:38:30 (1749451110), Is Read: false
[16-Jun-2025 04:09:55 Europe/Berlin] Notification: Downpayment Tracker, Created: 2025-06-09 11:04:10 (1749459850), Last Read: 2025-06-09 08:38:30 (1749451110), Is Read: false
[16-Jun-2025 04:09:55 Europe/Berlin] Header loaded - Total notifications: 7, Unread count: 7
[16-Jun-2025 04:10:14 Europe/Berlin] Attempting database connection. DreamHost environment: false
[16-Jun-2025 04:10:14 Europe/Berlin] Database connection successful to localhost/real_estate_leads
[16-Jun-2025 04:10:14 Europe/Berlin] Database initialization error: Can't create table `real_estate_leads`.`projects` (errno: 150 "Foreign key constraint is incorrectly formed")
[16-Jun-2025 04:10:14 Europe/Berlin] Attempting database connection. DreamHost environment: false
[16-Jun-2025 04:10:14 Europe/Berlin] Database connection successful to localhost/real_estate_leads
[16-Jun-2025 04:10:14 Europe/Berlin] Attempting database connection. DreamHost environment: false
[16-Jun-2025 04:10:14 Europe/Berlin] Database connection successful to localhost/real_estate_leads
[16-Jun-2025 04:10:14 Europe/Berlin] Attempting database connection. DreamHost environment: false
[16-Jun-2025 04:10:14 Europe/Berlin] Database connection successful to localhost/real_estate_leads
[16-Jun-2025 04:10:14 Europe/Berlin] Attempting database connection. DreamHost environment: false
[16-Jun-2025 04:10:14 Europe/Berlin] Database connection successful to localhost/real_estate_leads
[16-Jun-2025 04:10:14 Europe/Berlin] Attempting database connection. DreamHost environment: false
[16-Jun-2025 04:10:14 Europe/Berlin] Database connection successful to localhost/real_estate_leads
[16-Jun-2025 04:10:14 Europe/Berlin] Attempting database connection. DreamHost environment: false
[16-Jun-2025 04:10:14 Europe/Berlin] Database connection successful to localhost/real_estate_leads
[16-Jun-2025 04:10:14 Europe/Berlin] Attempting database connection. DreamHost environment: false
[16-Jun-2025 04:10:14 Europe/Berlin] Database connection successful to localhost/real_estate_leads
[16-Jun-2025 04:10:14 Europe/Berlin] Attempting database connection. DreamHost environment: false
[16-Jun-2025 04:10:14 Europe/Berlin] Database connection successful to localhost/real_estate_leads
[16-Jun-2025 04:10:14 Europe/Berlin] getRecentNotifications - User ID: 15, Last Read: 2025-06-09 08:38:30
[16-Jun-2025 04:10:14 Europe/Berlin] Notification: Memo, Created: 2025-06-16 09:55:23 (1750060523), Last Read: 2025-06-09 08:38:30 (1749451110), Is Read: false
[16-Jun-2025 04:10:14 Europe/Berlin] Notification: Memo, Created: 2025-06-14 20:41:29 (1749926489), Last Read: 2025-06-09 08:38:30 (1749451110), Is Read: false
[16-Jun-2025 04:10:14 Europe/Berlin] Notification: Memo, Created: 2025-06-14 20:37:11 (1749926231), Last Read: 2025-06-09 08:38:30 (1749451110), Is Read: false
[16-Jun-2025 04:10:14 Europe/Berlin] Notification: Memo, Created: 2025-06-14 20:32:13 (1749925933), Last Read: 2025-06-09 08:38:30 (1749451110), Is Read: false
[16-Jun-2025 04:10:14 Europe/Berlin] Notification: Lead Update, Created: 2025-06-09 17:16:57 (1749482217), Last Read: 2025-06-09 08:38:30 (1749451110), Is Read: false
[16-Jun-2025 04:10:14 Europe/Berlin] Notification: Lead Update, Created: 2025-06-09 11:04:26 (1749459866), Last Read: 2025-06-09 08:38:30 (1749451110), Is Read: false
[16-Jun-2025 04:10:14 Europe/Berlin] Notification: Downpayment Tracker, Created: 2025-06-09 11:04:10 (1749459850), Last Read: 2025-06-09 08:38:30 (1749451110), Is Read: false
[16-Jun-2025 04:10:14 Europe/Berlin] Header loaded - Total notifications: 7, Unread count: 7
[16-Jun-2025 04:10:23 Europe/Berlin] Attempting database connection. DreamHost environment: false
[16-Jun-2025 04:10:23 Europe/Berlin] Database connection successful to localhost/real_estate_leads
[16-Jun-2025 04:10:23 Europe/Berlin] Database initialization error: Can't create table `real_estate_leads`.`projects` (errno: 150 "Foreign key constraint is incorrectly formed")
[16-Jun-2025 04:10:23 Europe/Berlin] Attempting database connection. DreamHost environment: false
[16-Jun-2025 04:10:23 Europe/Berlin] Database connection successful to localhost/real_estate_leads
[16-Jun-2025 04:10:23 Europe/Berlin] Attempting database connection. DreamHost environment: false
[16-Jun-2025 04:10:23 Europe/Berlin] Database connection successful to localhost/real_estate_leads
[16-Jun-2025 04:10:23 Europe/Berlin] Attempting database connection. DreamHost environment: false
[16-Jun-2025 04:10:23 Europe/Berlin] Database connection successful to localhost/real_estate_leads
[16-Jun-2025 04:10:23 Europe/Berlin] Attempting database connection. DreamHost environment: false
[16-Jun-2025 04:10:23 Europe/Berlin] Database connection successful to localhost/real_estate_leads
[16-Jun-2025 04:10:23 Europe/Berlin] Attempting database connection. DreamHost environment: false
[16-Jun-2025 04:10:23 Europe/Berlin] Database connection successful to localhost/real_estate_leads
[16-Jun-2025 04:10:23 Europe/Berlin] Attempting database connection. DreamHost environment: false
[16-Jun-2025 04:10:23 Europe/Berlin] Database connection successful to localhost/real_estate_leads
[16-Jun-2025 04:10:23 Europe/Berlin] Attempting database connection. DreamHost environment: false
[16-Jun-2025 04:10:23 Europe/Berlin] Database connection successful to localhost/real_estate_leads
[16-Jun-2025 04:10:23 Europe/Berlin] Attempting database connection. DreamHost environment: false
[16-Jun-2025 04:10:23 Europe/Berlin] Database connection successful to localhost/real_estate_leads
[16-Jun-2025 04:10:23 Europe/Berlin] getRecentNotifications - User ID: 15, Last Read: 2025-06-09 08:38:30
[16-Jun-2025 04:10:23 Europe/Berlin] Notification: Memo, Created: 2025-06-16 09:55:23 (1750060523), Last Read: 2025-06-09 08:38:30 (1749451110), Is Read: false
[16-Jun-2025 04:10:23 Europe/Berlin] Notification: Memo, Created: 2025-06-14 20:41:29 (1749926489), Last Read: 2025-06-09 08:38:30 (1749451110), Is Read: false
[16-Jun-2025 04:10:23 Europe/Berlin] Notification: Memo, Created: 2025-06-14 20:37:11 (1749926231), Last Read: 2025-06-09 08:38:30 (1749451110), Is Read: false
[16-Jun-2025 04:10:23 Europe/Berlin] Notification: Memo, Created: 2025-06-14 20:32:13 (1749925933), Last Read: 2025-06-09 08:38:30 (1749451110), Is Read: false
[16-Jun-2025 04:10:23 Europe/Berlin] Notification: Lead Update, Created: 2025-06-09 17:16:57 (1749482217), Last Read: 2025-06-09 08:38:30 (1749451110), Is Read: false
[16-Jun-2025 04:10:23 Europe/Berlin] Notification: Lead Update, Created: 2025-06-09 11:04:26 (1749459866), Last Read: 2025-06-09 08:38:30 (1749451110), Is Read: false
[16-Jun-2025 04:10:23 Europe/Berlin] Notification: Downpayment Tracker, Created: 2025-06-09 11:04:10 (1749459850), Last Read: 2025-06-09 08:38:30 (1749451110), Is Read: false
[16-Jun-2025 04:10:23 Europe/Berlin] Header loaded - Total notifications: 7, Unread count: 7
[16-Jun-2025 04:10:32 Europe/Berlin] Attempting database connection. DreamHost environment: false
[16-Jun-2025 04:10:32 Europe/Berlin] Database connection successful to localhost/real_estate_leads
[16-Jun-2025 04:10:32 Europe/Berlin] Database initialization error: Can't create table `real_estate_leads`.`projects` (errno: 150 "Foreign key constraint is incorrectly formed")
[16-Jun-2025 04:10:32 Europe/Berlin] Attempting database connection. DreamHost environment: false
[16-Jun-2025 04:10:32 Europe/Berlin] Database connection successful to localhost/real_estate_leads
[16-Jun-2025 04:10:32 Europe/Berlin] Attempting database connection. DreamHost environment: false
[16-Jun-2025 04:10:32 Europe/Berlin] Database connection successful to localhost/real_estate_leads
[16-Jun-2025 04:10:32 Europe/Berlin] Attempting database connection. DreamHost environment: false
[16-Jun-2025 04:10:32 Europe/Berlin] Database connection successful to localhost/real_estate_leads
[16-Jun-2025 04:10:32 Europe/Berlin] Attempting database connection. DreamHost environment: false
[16-Jun-2025 04:10:32 Europe/Berlin] Database connection successful to localhost/real_estate_leads
[16-Jun-2025 04:10:32 Europe/Berlin] Attempting database connection. DreamHost environment: false
[16-Jun-2025 04:10:32 Europe/Berlin] Database connection successful to localhost/real_estate_leads
[16-Jun-2025 04:10:32 Europe/Berlin] Attempting database connection. DreamHost environment: false
[16-Jun-2025 04:10:32 Europe/Berlin] Database connection successful to localhost/real_estate_leads
[16-Jun-2025 04:10:32 Europe/Berlin] Attempting database connection. DreamHost environment: false
[16-Jun-2025 04:10:32 Europe/Berlin] Database connection successful to localhost/real_estate_leads
[16-Jun-2025 04:10:32 Europe/Berlin] Attempting database connection. DreamHost environment: false
[16-Jun-2025 04:10:32 Europe/Berlin] Database connection successful to localhost/real_estate_leads
[16-Jun-2025 04:10:32 Europe/Berlin] getRecentNotifications - User ID: 15, Last Read: 2025-06-09 08:38:30
[16-Jun-2025 04:10:32 Europe/Berlin] Notification: Memo, Created: 2025-06-16 09:55:23 (1750060523), Last Read: 2025-06-09 08:38:30 (1749451110), Is Read: false
[16-Jun-2025 04:10:32 Europe/Berlin] Notification: Memo, Created: 2025-06-14 20:41:29 (1749926489), Last Read: 2025-06-09 08:38:30 (1749451110), Is Read: false
[16-Jun-2025 04:10:32 Europe/Berlin] Notification: Memo, Created: 2025-06-14 20:37:11 (1749926231), Last Read: 2025-06-09 08:38:30 (1749451110), Is Read: false
[16-Jun-2025 04:10:32 Europe/Berlin] Notification: Memo, Created: 2025-06-14 20:32:13 (1749925933), Last Read: 2025-06-09 08:38:30 (1749451110), Is Read: false
[16-Jun-2025 04:10:32 Europe/Berlin] Notification: Lead Update, Created: 2025-06-09 17:16:57 (1749482217), Last Read: 2025-06-09 08:38:30 (1749451110), Is Read: false
[16-Jun-2025 04:10:32 Europe/Berlin] Notification: Lead Update, Created: 2025-06-09 11:04:26 (1749459866), Last Read: 2025-06-09 08:38:30 (1749451110), Is Read: false
[16-Jun-2025 04:10:32 Europe/Berlin] Notification: Downpayment Tracker, Created: 2025-06-09 11:04:10 (1749459850), Last Read: 2025-06-09 08:38:30 (1749451110), Is Read: false
[16-Jun-2025 04:10:32 Europe/Berlin] Header loaded - Total notifications: 7, Unread count: 7
[16-Jun-2025 04:10:37 Europe/Berlin] Attempting database connection. DreamHost environment: false
[16-Jun-2025 04:10:37 Europe/Berlin] Database connection successful to localhost/real_estate_leads
[16-Jun-2025 04:10:37 Europe/Berlin] Database initialization error: Can't create table `real_estate_leads`.`projects` (errno: 150 "Foreign key constraint is incorrectly formed")
[16-Jun-2025 04:10:37 Europe/Berlin] Attempting database connection. DreamHost environment: false
[16-Jun-2025 04:10:37 Europe/Berlin] Database connection successful to localhost/real_estate_leads
[16-Jun-2025 04:10:37 Europe/Berlin] Attempting database connection. DreamHost environment: false
[16-Jun-2025 04:10:37 Europe/Berlin] Database connection successful to localhost/real_estate_leads
[16-Jun-2025 04:10:37 Europe/Berlin] Attempting database connection. DreamHost environment: false
[16-Jun-2025 04:10:37 Europe/Berlin] Database connection successful to localhost/real_estate_leads
[16-Jun-2025 04:10:37 Europe/Berlin] Attempting database connection. DreamHost environment: false
[16-Jun-2025 04:10:37 Europe/Berlin] Database connection successful to localhost/real_estate_leads
[16-Jun-2025 04:10:37 Europe/Berlin] Attempting database connection. DreamHost environment: false
[16-Jun-2025 04:10:37 Europe/Berlin] Database connection successful to localhost/real_estate_leads
[16-Jun-2025 04:10:37 Europe/Berlin] Attempting database connection. DreamHost environment: false
[16-Jun-2025 04:10:37 Europe/Berlin] Database connection successful to localhost/real_estate_leads
[16-Jun-2025 04:10:37 Europe/Berlin] Attempting database connection. DreamHost environment: false
[16-Jun-2025 04:10:37 Europe/Berlin] Database connection successful to localhost/real_estate_leads
[16-Jun-2025 04:10:37 Europe/Berlin] Attempting database connection. DreamHost environment: false
[16-Jun-2025 04:10:37 Europe/Berlin] Database connection successful to localhost/real_estate_leads
[16-Jun-2025 04:10:37 Europe/Berlin] getRecentNotifications - User ID: 15, Last Read: 2025-06-09 08:38:30
[16-Jun-2025 04:10:37 Europe/Berlin] Notification: Memo, Created: 2025-06-16 09:55:23 (1750060523), Last Read: 2025-06-09 08:38:30 (1749451110), Is Read: false
[16-Jun-2025 04:10:37 Europe/Berlin] Notification: Memo, Created: 2025-06-14 20:41:29 (1749926489), Last Read: 2025-06-09 08:38:30 (1749451110), Is Read: false
[16-Jun-2025 04:10:37 Europe/Berlin] Notification: Memo, Created: 2025-06-14 20:37:11 (1749926231), Last Read: 2025-06-09 08:38:30 (1749451110), Is Read: false
[16-Jun-2025 04:10:37 Europe/Berlin] Notification: Memo, Created: 2025-06-14 20:32:13 (1749925933), Last Read: 2025-06-09 08:38:30 (1749451110), Is Read: false
[16-Jun-2025 04:10:37 Europe/Berlin] Notification: Lead Update, Created: 2025-06-09 17:16:57 (1749482217), Last Read: 2025-06-09 08:38:30 (1749451110), Is Read: false
[16-Jun-2025 04:10:37 Europe/Berlin] Notification: Lead Update, Created: 2025-06-09 11:04:26 (1749459866), Last Read: 2025-06-09 08:38:30 (1749451110), Is Read: false
[16-Jun-2025 04:10:37 Europe/Berlin] Notification: Downpayment Tracker, Created: 2025-06-09 11:04:10 (1749459850), Last Read: 2025-06-09 08:38:30 (1749451110), Is Read: false
[16-Jun-2025 04:10:37 Europe/Berlin] Header loaded - Total notifications: 7, Unread count: 7
[16-Jun-2025 04:10:43 Europe/Berlin] Attempting database connection. DreamHost environment: false
[16-Jun-2025 04:10:43 Europe/Berlin] Database connection successful to localhost/real_estate_leads
[16-Jun-2025 04:10:43 Europe/Berlin] Database initialization error: Can't create table `real_estate_leads`.`projects` (errno: 150 "Foreign key constraint is incorrectly formed")
[16-Jun-2025 04:10:43 Europe/Berlin] Attempting database connection. DreamHost environment: false
[16-Jun-2025 04:10:43 Europe/Berlin] Database connection successful to localhost/real_estate_leads
[16-Jun-2025 04:10:43 Europe/Berlin] Attempting database connection. DreamHost environment: false
[16-Jun-2025 04:10:43 Europe/Berlin] Database connection successful to localhost/real_estate_leads
[16-Jun-2025 04:10:43 Europe/Berlin] Attempting database connection. DreamHost environment: false
[16-Jun-2025 04:10:43 Europe/Berlin] Database connection successful to localhost/real_estate_leads
[16-Jun-2025 04:10:43 Europe/Berlin] Attempting database connection. DreamHost environment: false
[16-Jun-2025 04:10:43 Europe/Berlin] Database connection successful to localhost/real_estate_leads
[16-Jun-2025 04:10:43 Europe/Berlin] Attempting database connection. DreamHost environment: false
[16-Jun-2025 04:10:43 Europe/Berlin] Database connection successful to localhost/real_estate_leads
[16-Jun-2025 04:10:43 Europe/Berlin] Attempting database connection. DreamHost environment: false
[16-Jun-2025 04:10:43 Europe/Berlin] Database connection successful to localhost/real_estate_leads
[16-Jun-2025 04:10:43 Europe/Berlin] Attempting database connection. DreamHost environment: false
[16-Jun-2025 04:10:43 Europe/Berlin] Database connection successful to localhost/real_estate_leads
[16-Jun-2025 04:10:43 Europe/Berlin] Attempting database connection. DreamHost environment: false
[16-Jun-2025 04:10:43 Europe/Berlin] Database connection successful to localhost/real_estate_leads
[16-Jun-2025 04:10:43 Europe/Berlin] getRecentNotifications - User ID: 15, Last Read: 2025-06-09 08:38:30
[16-Jun-2025 04:10:43 Europe/Berlin] Notification: Memo, Created: 2025-06-16 09:55:23 (1750060523), Last Read: 2025-06-09 08:38:30 (1749451110), Is Read: false
[16-Jun-2025 04:10:43 Europe/Berlin] Notification: Memo, Created: 2025-06-14 20:41:29 (1749926489), Last Read: 2025-06-09 08:38:30 (1749451110), Is Read: false
[16-Jun-2025 04:10:43 Europe/Berlin] Notification: Memo, Created: 2025-06-14 20:37:11 (1749926231), Last Read: 2025-06-09 08:38:30 (1749451110), Is Read: false
[16-Jun-2025 04:10:43 Europe/Berlin] Notification: Memo, Created: 2025-06-14 20:32:13 (1749925933), Last Read: 2025-06-09 08:38:30 (1749451110), Is Read: false
[16-Jun-2025 04:10:43 Europe/Berlin] Notification: Lead Update, Created: 2025-06-09 17:16:57 (1749482217), Last Read: 2025-06-09 08:38:30 (1749451110), Is Read: false
[16-Jun-2025 04:10:43 Europe/Berlin] Notification: Lead Update, Created: 2025-06-09 11:04:26 (1749459866), Last Read: 2025-06-09 08:38:30 (1749451110), Is Read: false
[16-Jun-2025 04:10:43 Europe/Berlin] Notification: Downpayment Tracker, Created: 2025-06-09 11:04:10 (1749459850), Last Read: 2025-06-09 08:38:30 (1749451110), Is Read: false
[16-Jun-2025 04:10:43 Europe/Berlin] Header loaded - Total notifications: 7, Unread count: 7
[16-Jun-2025 04:10:49 Europe/Berlin] Attempting database connection. DreamHost environment: false
[16-Jun-2025 04:10:49 Europe/Berlin] Database connection successful to localhost/real_estate_leads
[16-Jun-2025 04:10:49 Europe/Berlin] Database initialization error: Can't create table `real_estate_leads`.`projects` (errno: 150 "Foreign key constraint is incorrectly formed")
[16-Jun-2025 04:10:49 Europe/Berlin] Attempting database connection. DreamHost environment: false
[16-Jun-2025 04:10:49 Europe/Berlin] Database connection successful to localhost/real_estate_leads
[16-Jun-2025 04:10:49 Europe/Berlin] Attempting database connection. DreamHost environment: false
[16-Jun-2025 04:10:49 Europe/Berlin] Database connection successful to localhost/real_estate_leads
[16-Jun-2025 04:10:49 Europe/Berlin] Attempting database connection. DreamHost environment: false
[16-Jun-2025 04:10:49 Europe/Berlin] Database connection successful to localhost/real_estate_leads
[16-Jun-2025 04:10:49 Europe/Berlin] Attempting database connection. DreamHost environment: false
[16-Jun-2025 04:10:49 Europe/Berlin] Database connection successful to localhost/real_estate_leads
[16-Jun-2025 04:10:49 Europe/Berlin] Attempting database connection. DreamHost environment: false
[16-Jun-2025 04:10:49 Europe/Berlin] Database connection successful to localhost/real_estate_leads
[16-Jun-2025 04:10:49 Europe/Berlin] Attempting database connection. DreamHost environment: false
[16-Jun-2025 04:10:49 Europe/Berlin] Database connection successful to localhost/real_estate_leads
[16-Jun-2025 04:10:49 Europe/Berlin] Attempting database connection. DreamHost environment: false
[16-Jun-2025 04:10:49 Europe/Berlin] Database connection successful to localhost/real_estate_leads
[16-Jun-2025 04:10:49 Europe/Berlin] Attempting database connection. DreamHost environment: false
[16-Jun-2025 04:10:49 Europe/Berlin] Database connection successful to localhost/real_estate_leads
[16-Jun-2025 04:10:49 Europe/Berlin] getRecentNotifications - User ID: 15, Last Read: 2025-06-09 08:38:30
[16-Jun-2025 04:10:49 Europe/Berlin] Notification: Memo, Created: 2025-06-16 09:55:23 (1750060523), Last Read: 2025-06-09 08:38:30 (1749451110), Is Read: false
[16-Jun-2025 04:10:49 Europe/Berlin] Notification: Memo, Created: 2025-06-14 20:41:29 (1749926489), Last Read: 2025-06-09 08:38:30 (1749451110), Is Read: false
[16-Jun-2025 04:10:49 Europe/Berlin] Notification: Memo, Created: 2025-06-14 20:37:11 (1749926231), Last Read: 2025-06-09 08:38:30 (1749451110), Is Read: false
[16-Jun-2025 04:10:49 Europe/Berlin] Notification: Memo, Created: 2025-06-14 20:32:13 (1749925933), Last Read: 2025-06-09 08:38:30 (1749451110), Is Read: false
[16-Jun-2025 04:10:49 Europe/Berlin] Notification: Lead Update, Created: 2025-06-09 17:16:57 (1749482217), Last Read: 2025-06-09 08:38:30 (1749451110), Is Read: false
[16-Jun-2025 04:10:49 Europe/Berlin] Notification: Lead Update, Created: 2025-06-09 11:04:26 (1749459866), Last Read: 2025-06-09 08:38:30 (1749451110), Is Read: false
[16-Jun-2025 04:10:49 Europe/Berlin] Notification: Downpayment Tracker, Created: 2025-06-09 11:04:10 (1749459850), Last Read: 2025-06-09 08:38:30 (1749451110), Is Read: false
[16-Jun-2025 04:10:49 Europe/Berlin] Header loaded - Total notifications: 7, Unread count: 7
[16-Jun-2025 04:10:56 Europe/Berlin] Attempting database connection. DreamHost environment: false
[16-Jun-2025 04:10:56 Europe/Berlin] Database connection successful to localhost/real_estate_leads
[16-Jun-2025 04:10:56 Europe/Berlin] Database initialization error: Can't create table `real_estate_leads`.`projects` (errno: 150 "Foreign key constraint is incorrectly formed")
[16-Jun-2025 04:10:56 Europe/Berlin] Attempting database connection. DreamHost environment: false
[16-Jun-2025 04:10:56 Europe/Berlin] Database connection successful to localhost/real_estate_leads
[16-Jun-2025 04:10:56 Europe/Berlin] Attempting database connection. DreamHost environment: false
[16-Jun-2025 04:10:56 Europe/Berlin] Database connection successful to localhost/real_estate_leads
[16-Jun-2025 04:10:56 Europe/Berlin] Attempting database connection. DreamHost environment: false
[16-Jun-2025 04:10:56 Europe/Berlin] Database connection successful to localhost/real_estate_leads
[16-Jun-2025 04:10:56 Europe/Berlin] Attempting database connection. DreamHost environment: false
[16-Jun-2025 04:10:56 Europe/Berlin] Database connection successful to localhost/real_estate_leads
[16-Jun-2025 04:10:56 Europe/Berlin] Attempting database connection. DreamHost environment: false
[16-Jun-2025 04:10:56 Europe/Berlin] Database connection successful to localhost/real_estate_leads
[16-Jun-2025 04:10:56 Europe/Berlin] Attempting database connection. DreamHost environment: false
[16-Jun-2025 04:10:56 Europe/Berlin] Database connection successful to localhost/real_estate_leads
[16-Jun-2025 04:10:56 Europe/Berlin] Attempting database connection. DreamHost environment: false
[16-Jun-2025 04:10:56 Europe/Berlin] Database connection successful to localhost/real_estate_leads
[16-Jun-2025 04:10:56 Europe/Berlin] Attempting database connection. DreamHost environment: false
[16-Jun-2025 04:10:56 Europe/Berlin] Database connection successful to localhost/real_estate_leads
[16-Jun-2025 04:10:56 Europe/Berlin] getRecentNotifications - User ID: 15, Last Read: 2025-06-09 08:38:30
[16-Jun-2025 04:10:56 Europe/Berlin] Notification: Memo, Created: 2025-06-16 09:55:23 (1750060523), Last Read: 2025-06-09 08:38:30 (1749451110), Is Read: false
[16-Jun-2025 04:10:56 Europe/Berlin] Notification: Memo, Created: 2025-06-14 20:41:29 (1749926489), Last Read: 2025-06-09 08:38:30 (1749451110), Is Read: false
[16-Jun-2025 04:10:56 Europe/Berlin] Notification: Memo, Created: 2025-06-14 20:37:11 (1749926231), Last Read: 2025-06-09 08:38:30 (1749451110), Is Read: false
[16-Jun-2025 04:10:56 Europe/Berlin] Notification: Memo, Created: 2025-06-14 20:32:13 (1749925933), Last Read: 2025-06-09 08:38:30 (1749451110), Is Read: false
[16-Jun-2025 04:10:56 Europe/Berlin] Notification: Lead Update, Created: 2025-06-09 17:16:57 (1749482217), Last Read: 2025-06-09 08:38:30 (1749451110), Is Read: false
[16-Jun-2025 04:10:56 Europe/Berlin] Notification: Lead Update, Created: 2025-06-09 11:04:26 (1749459866), Last Read: 2025-06-09 08:38:30 (1749451110), Is Read: false
[16-Jun-2025 04:10:56 Europe/Berlin] Notification: Downpayment Tracker, Created: 2025-06-09 11:04:10 (1749459850), Last Read: 2025-06-09 08:38:30 (1749451110), Is Read: false
[16-Jun-2025 04:10:56 Europe/Berlin] Header loaded - Total notifications: 7, Unread count: 7
[16-Jun-2025 04:11:03 Europe/Berlin] Attempting database connection. DreamHost environment: false
[16-Jun-2025 04:11:03 Europe/Berlin] Database connection successful to localhost/real_estate_leads
[16-Jun-2025 04:11:03 Europe/Berlin] Database initialization error: Can't create table `real_estate_leads`.`projects` (errno: 150 "Foreign key constraint is incorrectly formed")
[16-Jun-2025 04:11:03 Europe/Berlin] Attempting database connection. DreamHost environment: false
[16-Jun-2025 04:11:03 Europe/Berlin] Database connection successful to localhost/real_estate_leads
[16-Jun-2025 04:11:03 Europe/Berlin] Attempting database connection. DreamHost environment: false
[16-Jun-2025 04:11:03 Europe/Berlin] Database connection successful to localhost/real_estate_leads
[16-Jun-2025 04:11:03 Europe/Berlin] Attempting database connection. DreamHost environment: false
[16-Jun-2025 04:11:03 Europe/Berlin] Database connection successful to localhost/real_estate_leads
[16-Jun-2025 04:11:03 Europe/Berlin] Attempting database connection. DreamHost environment: false
[16-Jun-2025 04:11:03 Europe/Berlin] Database connection successful to localhost/real_estate_leads
[16-Jun-2025 04:11:03 Europe/Berlin] Attempting database connection. DreamHost environment: false
[16-Jun-2025 04:11:03 Europe/Berlin] Database connection successful to localhost/real_estate_leads
[16-Jun-2025 04:11:03 Europe/Berlin] Attempting database connection. DreamHost environment: false
[16-Jun-2025 04:11:03 Europe/Berlin] Database connection successful to localhost/real_estate_leads
[16-Jun-2025 04:11:03 Europe/Berlin] Attempting database connection. DreamHost environment: false
[16-Jun-2025 04:11:03 Europe/Berlin] Database connection successful to localhost/real_estate_leads
[16-Jun-2025 04:11:03 Europe/Berlin] Attempting database connection. DreamHost environment: false
[16-Jun-2025 04:11:03 Europe/Berlin] Database connection successful to localhost/real_estate_leads
[16-Jun-2025 04:11:03 Europe/Berlin] getRecentNotifications - User ID: 15, Last Read: 2025-06-09 08:38:30
[16-Jun-2025 04:11:03 Europe/Berlin] Notification: Memo, Created: 2025-06-16 09:55:23 (1750060523), Last Read: 2025-06-09 08:38:30 (1749451110), Is Read: false
[16-Jun-2025 04:11:03 Europe/Berlin] Notification: Memo, Created: 2025-06-14 20:41:29 (1749926489), Last Read: 2025-06-09 08:38:30 (1749451110), Is Read: false
[16-Jun-2025 04:11:03 Europe/Berlin] Notification: Memo, Created: 2025-06-14 20:37:11 (1749926231), Last Read: 2025-06-09 08:38:30 (1749451110), Is Read: false
[16-Jun-2025 04:11:03 Europe/Berlin] Notification: Memo, Created: 2025-06-14 20:32:13 (1749925933), Last Read: 2025-06-09 08:38:30 (1749451110), Is Read: false
[16-Jun-2025 04:11:03 Europe/Berlin] Notification: Lead Update, Created: 2025-06-09 17:16:57 (1749482217), Last Read: 2025-06-09 08:38:30 (1749451110), Is Read: false
[16-Jun-2025 04:11:03 Europe/Berlin] Notification: Lead Update, Created: 2025-06-09 11:04:26 (1749459866), Last Read: 2025-06-09 08:38:30 (1749451110), Is Read: false
[16-Jun-2025 04:11:03 Europe/Berlin] Notification: Downpayment Tracker, Created: 2025-06-09 11:04:10 (1749459850), Last Read: 2025-06-09 08:38:30 (1749451110), Is Read: false
[16-Jun-2025 04:11:03 Europe/Berlin] Header loaded - Total notifications: 7, Unread count: 7
[16-Jun-2025 04:14:55 Europe/Berlin] Attempting database connection. DreamHost environment: false
[16-Jun-2025 04:14:55 Europe/Berlin] Database connection successful to localhost/real_estate_leads
[16-Jun-2025 04:14:55 Europe/Berlin] Database initialization error: Can't create table `real_estate_leads`.`projects` (errno: 150 "Foreign key constraint is incorrectly formed")
[16-Jun-2025 04:14:55 Europe/Berlin] Attempting database connection. DreamHost environment: false
[16-Jun-2025 04:14:55 Europe/Berlin] Database connection successful to localhost/real_estate_leads
[16-Jun-2025 04:14:55 Europe/Berlin] Attempting database connection. DreamHost environment: false
[16-Jun-2025 04:14:55 Europe/Berlin] Database connection successful to localhost/real_estate_leads
[16-Jun-2025 04:14:55 Europe/Berlin] Attempting database connection. DreamHost environment: false
[16-Jun-2025 04:14:55 Europe/Berlin] Database connection successful to localhost/real_estate_leads
[16-Jun-2025 04:14:55 Europe/Berlin] getRecentNotifications - User ID: 15, Last Read: 2025-06-09 08:38:30
[16-Jun-2025 04:14:55 Europe/Berlin] Notification: Memo, Created: 2025-06-16 09:55:23 (1750060523), Last Read: 2025-06-09 08:38:30 (1749451110), Is Read: false
[16-Jun-2025 04:14:55 Europe/Berlin] Notification: Memo, Created: 2025-06-14 20:41:29 (1749926489), Last Read: 2025-06-09 08:38:30 (1749451110), Is Read: false
[16-Jun-2025 04:14:55 Europe/Berlin] Notification: Memo, Created: 2025-06-14 20:37:11 (1749926231), Last Read: 2025-06-09 08:38:30 (1749451110), Is Read: false
[16-Jun-2025 04:14:55 Europe/Berlin] Notification: Memo, Created: 2025-06-14 20:32:13 (1749925933), Last Read: 2025-06-09 08:38:30 (1749451110), Is Read: false
[16-Jun-2025 04:14:55 Europe/Berlin] Notification: Lead Update, Created: 2025-06-09 17:16:57 (1749482217), Last Read: 2025-06-09 08:38:30 (1749451110), Is Read: false
[16-Jun-2025 04:14:55 Europe/Berlin] Notification: Lead Update, Created: 2025-06-09 11:04:26 (1749459866), Last Read: 2025-06-09 08:38:30 (1749451110), Is Read: false
[16-Jun-2025 04:14:55 Europe/Berlin] Notification: Downpayment Tracker, Created: 2025-06-09 11:04:10 (1749459850), Last Read: 2025-06-09 08:38:30 (1749451110), Is Read: false
[16-Jun-2025 04:14:55 Europe/Berlin] Header loaded - Total notifications: 7, Unread count: 7
[16-Jun-2025 04:16:44 Europe/Berlin] Attempting database connection. DreamHost environment: false
[16-Jun-2025 04:16:44 Europe/Berlin] Database connection successful to localhost/real_estate_leads
[16-Jun-2025 04:16:44 Europe/Berlin] Database initialization error: Can't create table `real_estate_leads`.`projects` (errno: 150 "Foreign key constraint is incorrectly formed")
[16-Jun-2025 04:16:44 Europe/Berlin] Attempting database connection. DreamHost environment: false
[16-Jun-2025 04:16:44 Europe/Berlin] Database connection successful to localhost/real_estate_leads
[16-Jun-2025 04:16:44 Europe/Berlin] Attempting database connection. DreamHost environment: false
[16-Jun-2025 04:16:44 Europe/Berlin] Database connection successful to localhost/real_estate_leads
[16-Jun-2025 04:16:44 Europe/Berlin] Attempting database connection. DreamHost environment: false
[16-Jun-2025 04:16:44 Europe/Berlin] Database connection successful to localhost/real_estate_leads
[16-Jun-2025 04:16:44 Europe/Berlin] getRecentNotifications - User ID: 15, Last Read: 2025-06-09 08:38:30
[16-Jun-2025 04:16:44 Europe/Berlin] Notification: Memo, Created: 2025-06-16 09:55:23 (1750060523), Last Read: 2025-06-09 08:38:30 (1749451110), Is Read: false
[16-Jun-2025 04:16:44 Europe/Berlin] Notification: Memo, Created: 2025-06-14 20:41:29 (1749926489), Last Read: 2025-06-09 08:38:30 (1749451110), Is Read: false
[16-Jun-2025 04:16:44 Europe/Berlin] Notification: Memo, Created: 2025-06-14 20:37:11 (1749926231), Last Read: 2025-06-09 08:38:30 (1749451110), Is Read: false
[16-Jun-2025 04:16:44 Europe/Berlin] Notification: Memo, Created: 2025-06-14 20:32:13 (1749925933), Last Read: 2025-06-09 08:38:30 (1749451110), Is Read: false
[16-Jun-2025 04:16:44 Europe/Berlin] Notification: Lead Update, Created: 2025-06-09 17:16:57 (1749482217), Last Read: 2025-06-09 08:38:30 (1749451110), Is Read: false
[16-Jun-2025 04:16:44 Europe/Berlin] Notification: Lead Update, Created: 2025-06-09 11:04:26 (1749459866), Last Read: 2025-06-09 08:38:30 (1749451110), Is Read: false
[16-Jun-2025 04:16:44 Europe/Berlin] Notification: Downpayment Tracker, Created: 2025-06-09 11:04:10 (1749459850), Last Read: 2025-06-09 08:38:30 (1749451110), Is Read: false
[16-Jun-2025 04:16:44 Europe/Berlin] Header loaded - Total notifications: 7, Unread count: 7
[16-Jun-2025 04:17:13 Europe/Berlin] Attempting database connection. DreamHost environment: false
[16-Jun-2025 04:17:13 Europe/Berlin] Database connection successful to localhost/real_estate_leads
[16-Jun-2025 04:17:13 Europe/Berlin] Database initialization error: Can't create table `real_estate_leads`.`projects` (errno: 150 "Foreign key constraint is incorrectly formed")
[16-Jun-2025 04:17:13 Europe/Berlin] Attempting database connection. DreamHost environment: false
[16-Jun-2025 04:17:13 Europe/Berlin] Database connection successful to localhost/real_estate_leads
[16-Jun-2025 04:17:13 Europe/Berlin] Attempting database connection. DreamHost environment: false
[16-Jun-2025 04:17:13 Europe/Berlin] Database connection successful to localhost/real_estate_leads
[16-Jun-2025 04:17:13 Europe/Berlin] Attempting database connection. DreamHost environment: false
[16-Jun-2025 04:17:13 Europe/Berlin] Database connection successful to localhost/real_estate_leads
[16-Jun-2025 04:17:13 Europe/Berlin] Attempting database connection. DreamHost environment: false
[16-Jun-2025 04:17:13 Europe/Berlin] Database connection successful to localhost/real_estate_leads
[16-Jun-2025 04:17:13 Europe/Berlin] Attempting database connection. DreamHost environment: false
[16-Jun-2025 04:17:13 Europe/Berlin] Database connection successful to localhost/real_estate_leads
[16-Jun-2025 04:17:13 Europe/Berlin] Attempting database connection. DreamHost environment: false
[16-Jun-2025 04:17:13 Europe/Berlin] Database connection successful to localhost/real_estate_leads
[16-Jun-2025 04:17:13 Europe/Berlin] Attempting database connection. DreamHost environment: false
[16-Jun-2025 04:17:13 Europe/Berlin] Database connection successful to localhost/real_estate_leads
[16-Jun-2025 04:17:13 Europe/Berlin] Attempting database connection. DreamHost environment: false
[16-Jun-2025 04:17:13 Europe/Berlin] Database connection successful to localhost/real_estate_leads
[16-Jun-2025 04:17:13 Europe/Berlin] getRecentNotifications - User ID: 15, Last Read: 2025-06-09 08:38:30
[16-Jun-2025 04:17:13 Europe/Berlin] Notification: Memo, Created: 2025-06-16 09:55:23 (1750060523), Last Read: 2025-06-09 08:38:30 (1749451110), Is Read: false
[16-Jun-2025 04:17:13 Europe/Berlin] Notification: Memo, Created: 2025-06-14 20:41:29 (1749926489), Last Read: 2025-06-09 08:38:30 (1749451110), Is Read: false
[16-Jun-2025 04:17:13 Europe/Berlin] Notification: Memo, Created: 2025-06-14 20:37:11 (1749926231), Last Read: 2025-06-09 08:38:30 (1749451110), Is Read: false
[16-Jun-2025 04:17:13 Europe/Berlin] Notification: Memo, Created: 2025-06-14 20:32:13 (1749925933), Last Read: 2025-06-09 08:38:30 (1749451110), Is Read: false
[16-Jun-2025 04:17:13 Europe/Berlin] Notification: Lead Update, Created: 2025-06-09 17:16:57 (1749482217), Last Read: 2025-06-09 08:38:30 (1749451110), Is Read: false
[16-Jun-2025 04:17:13 Europe/Berlin] Notification: Lead Update, Created: 2025-06-09 11:04:26 (1749459866), Last Read: 2025-06-09 08:38:30 (1749451110), Is Read: false
[16-Jun-2025 04:17:13 Europe/Berlin] Notification: Downpayment Tracker, Created: 2025-06-09 11:04:10 (1749459850), Last Read: 2025-06-09 08:38:30 (1749451110), Is Read: false
[16-Jun-2025 04:17:13 Europe/Berlin] Header loaded - Total notifications: 7, Unread count: 7
[16-Jun-2025 04:19:11 Europe/Berlin] Attempting database connection. DreamHost environment: false
[16-Jun-2025 04:19:11 Europe/Berlin] Database connection successful to localhost/real_estate_leads
[16-Jun-2025 04:19:11 Europe/Berlin] Database initialization error: Can't create table `real_estate_leads`.`projects` (errno: 150 "Foreign key constraint is incorrectly formed")
[16-Jun-2025 04:19:11 Europe/Berlin] Attempting database connection. DreamHost environment: false
[16-Jun-2025 04:19:11 Europe/Berlin] Database connection successful to localhost/real_estate_leads
[16-Jun-2025 04:19:11 Europe/Berlin] Attempting database connection. DreamHost environment: false
[16-Jun-2025 04:19:11 Europe/Berlin] Database connection successful to localhost/real_estate_leads
[16-Jun-2025 04:19:11 Europe/Berlin] Attempting database connection. DreamHost environment: false
[16-Jun-2025 04:19:11 Europe/Berlin] Database connection successful to localhost/real_estate_leads
[16-Jun-2025 04:19:11 Europe/Berlin] Attempting database connection. DreamHost environment: false
[16-Jun-2025 04:19:11 Europe/Berlin] Database connection successful to localhost/real_estate_leads
[16-Jun-2025 04:19:11 Europe/Berlin] Attempting database connection. DreamHost environment: false
[16-Jun-2025 04:19:11 Europe/Berlin] Database connection successful to localhost/real_estate_leads
[16-Jun-2025 04:19:11 Europe/Berlin] Attempting database connection. DreamHost environment: false
[16-Jun-2025 04:19:11 Europe/Berlin] Database connection successful to localhost/real_estate_leads
[16-Jun-2025 04:19:11 Europe/Berlin] Attempting database connection. DreamHost environment: false
[16-Jun-2025 04:19:11 Europe/Berlin] Database connection successful to localhost/real_estate_leads
[16-Jun-2025 04:19:11 Europe/Berlin] Attempting database connection. DreamHost environment: false
[16-Jun-2025 04:19:11 Europe/Berlin] Database connection successful to localhost/real_estate_leads
[16-Jun-2025 04:19:11 Europe/Berlin] getRecentNotifications - User ID: 15, Last Read: 2025-06-09 08:38:30
[16-Jun-2025 04:19:12 Europe/Berlin] Notification: Memo, Created: 2025-06-16 09:55:23 (1750060523), Last Read: 2025-06-09 08:38:30 (1749451110), Is Read: false
[16-Jun-2025 04:19:12 Europe/Berlin] Notification: Memo, Created: 2025-06-14 20:41:29 (1749926489), Last Read: 2025-06-09 08:38:30 (1749451110), Is Read: false
[16-Jun-2025 04:19:12 Europe/Berlin] Notification: Memo, Created: 2025-06-14 20:37:11 (1749926231), Last Read: 2025-06-09 08:38:30 (1749451110), Is Read: false
[16-Jun-2025 04:19:12 Europe/Berlin] Notification: Memo, Created: 2025-06-14 20:32:13 (1749925933), Last Read: 2025-06-09 08:38:30 (1749451110), Is Read: false
[16-Jun-2025 04:19:12 Europe/Berlin] Notification: Lead Update, Created: 2025-06-09 17:16:57 (1749482217), Last Read: 2025-06-09 08:38:30 (1749451110), Is Read: false
[16-Jun-2025 04:19:12 Europe/Berlin] Notification: Lead Update, Created: 2025-06-09 11:04:26 (1749459866), Last Read: 2025-06-09 08:38:30 (1749451110), Is Read: false
[16-Jun-2025 04:19:12 Europe/Berlin] Notification: Downpayment Tracker, Created: 2025-06-09 11:04:10 (1749459850), Last Read: 2025-06-09 08:38:30 (1749451110), Is Read: false
[16-Jun-2025 04:19:12 Europe/Berlin] Header loaded - Total notifications: 7, Unread count: 7
[16-Jun-2025 04:20:05 Europe/Berlin] Attempting database connection. DreamHost environment: false
[16-Jun-2025 04:20:05 Europe/Berlin] Database connection successful to localhost/real_estate_leads
[16-Jun-2025 04:20:05 Europe/Berlin] Database initialization error: Can't create table `real_estate_leads`.`projects` (errno: 150 "Foreign key constraint is incorrectly formed")
[15-Jun-2025 22:20:05 America/New_York] Attempting database connection. DreamHost environment: false
[15-Jun-2025 22:20:05 America/New_York] Database connection successful to localhost/real_estate_leads
[15-Jun-2025 22:20:05 America/New_York] Attempting database connection. DreamHost environment: false
[15-Jun-2025 22:20:05 America/New_York] Database connection successful to localhost/real_estate_leads
[15-Jun-2025 22:20:05 America/New_York] getRecentNotifications - User ID: 15, Last Read: 2025-06-09 08:38:30
[15-Jun-2025 22:20:05 America/New_York] Notification: Memo, Created: 2025-06-16 09:55:23 (1750082123), Last Read: 2025-06-09 08:38:30 (1749472710), Is Read: false
[15-Jun-2025 22:20:05 America/New_York] Notification: Memo, Created: 2025-06-14 20:41:29 (1749948089), Last Read: 2025-06-09 08:38:30 (1749472710), Is Read: false
[15-Jun-2025 22:20:05 America/New_York] Notification: Memo, Created: 2025-06-14 20:37:11 (1749947831), Last Read: 2025-06-09 08:38:30 (1749472710), Is Read: false
[15-Jun-2025 22:20:05 America/New_York] Notification: Memo, Created: 2025-06-14 20:32:13 (1749947533), Last Read: 2025-06-09 08:38:30 (1749472710), Is Read: false
[15-Jun-2025 22:20:05 America/New_York] Notification: Lead Update, Created: 2025-06-09 17:16:57 (1749503817), Last Read: 2025-06-09 08:38:30 (1749472710), Is Read: false
[15-Jun-2025 22:20:05 America/New_York] Notification: Lead Update, Created: 2025-06-09 11:04:26 (1749481466), Last Read: 2025-06-09 08:38:30 (1749472710), Is Read: false
[15-Jun-2025 22:20:05 America/New_York] Notification: Downpayment Tracker, Created: 2025-06-09 11:04:10 (1749481450), Last Read: 2025-06-09 08:38:30 (1749472710), Is Read: false
[15-Jun-2025 22:20:05 America/New_York] Header loaded - Total notifications: 7, Unread count: 7
[16-Jun-2025 04:20:13 Europe/Berlin] Attempting database connection. DreamHost environment: false
[16-Jun-2025 04:20:13 Europe/Berlin] Database connection successful to localhost/real_estate_leads
[16-Jun-2025 04:20:13 Europe/Berlin] Database initialization error: Can't create table `real_estate_leads`.`projects` (errno: 150 "Foreign key constraint is incorrectly formed")
[16-Jun-2025 04:20:13 Europe/Berlin] Attempting database connection. DreamHost environment: false
[16-Jun-2025 04:20:13 Europe/Berlin] Database connection successful to localhost/real_estate_leads
[16-Jun-2025 04:20:13 Europe/Berlin] Attempting database connection. DreamHost environment: false
[16-Jun-2025 04:20:13 Europe/Berlin] Database connection successful to localhost/real_estate_leads
[16-Jun-2025 04:20:13 Europe/Berlin] Attempting database connection. DreamHost environment: false
[16-Jun-2025 04:20:13 Europe/Berlin] Database connection successful to localhost/real_estate_leads
[16-Jun-2025 04:20:13 Europe/Berlin] getRecentNotifications - User ID: 15, Last Read: 2025-06-09 08:38:30
[16-Jun-2025 04:20:13 Europe/Berlin] Notification: Memo, Created: 2025-06-16 09:55:23 (1750060523), Last Read: 2025-06-09 08:38:30 (1749451110), Is Read: false
[16-Jun-2025 04:20:13 Europe/Berlin] Notification: Memo, Created: 2025-06-14 20:41:29 (1749926489), Last Read: 2025-06-09 08:38:30 (1749451110), Is Read: false
[16-Jun-2025 04:20:13 Europe/Berlin] Notification: Memo, Created: 2025-06-14 20:37:11 (1749926231), Last Read: 2025-06-09 08:38:30 (1749451110), Is Read: false
[16-Jun-2025 04:20:13 Europe/Berlin] Notification: Memo, Created: 2025-06-14 20:32:13 (1749925933), Last Read: 2025-06-09 08:38:30 (1749451110), Is Read: false
[16-Jun-2025 04:20:13 Europe/Berlin] Notification: Lead Update, Created: 2025-06-09 17:16:57 (1749482217), Last Read: 2025-06-09 08:38:30 (1749451110), Is Read: false
[16-Jun-2025 04:20:13 Europe/Berlin] Notification: Lead Update, Created: 2025-06-09 11:04:26 (1749459866), Last Read: 2025-06-09 08:38:30 (1749451110), Is Read: false
[16-Jun-2025 04:20:13 Europe/Berlin] Notification: Downpayment Tracker, Created: 2025-06-09 11:04:10 (1749459850), Last Read: 2025-06-09 08:38:30 (1749451110), Is Read: false
[16-Jun-2025 04:20:13 Europe/Berlin] Header loaded - Total notifications: 7, Unread count: 7
[16-Jun-2025 04:44:55 Europe/Berlin] Attempting database connection. DreamHost environment: false
[16-Jun-2025 04:44:55 Europe/Berlin] Database connection successful to localhost/real_estate_leads
[16-Jun-2025 04:44:55 Europe/Berlin] Database initialization error: Can't create table `real_estate_leads`.`projects` (errno: 150 "Foreign key constraint is incorrectly formed")
[16-Jun-2025 04:44:55 Europe/Berlin] Attempting database connection. DreamHost environment: false
[16-Jun-2025 04:44:55 Europe/Berlin] Database connection successful to localhost/real_estate_leads
[16-Jun-2025 04:44:55 Europe/Berlin] Attempting database connection. DreamHost environment: false
[16-Jun-2025 04:44:55 Europe/Berlin] Database connection successful to localhost/real_estate_leads
[16-Jun-2025 04:44:55 Europe/Berlin] Attempting database connection. DreamHost environment: false
[16-Jun-2025 04:44:55 Europe/Berlin] Database connection successful to localhost/real_estate_leads
[16-Jun-2025 04:44:55 Europe/Berlin] getRecentNotifications - User ID: 15, Last Read: 2025-06-09 08:38:30
[16-Jun-2025 04:44:55 Europe/Berlin] Notification: Memo, Created: 2025-06-16 09:55:23 (1750060523), Last Read: 2025-06-09 08:38:30 (1749451110), Is Read: false
[16-Jun-2025 04:44:55 Europe/Berlin] Notification: Memo, Created: 2025-06-14 20:41:29 (1749926489), Last Read: 2025-06-09 08:38:30 (1749451110), Is Read: false
[16-Jun-2025 04:44:55 Europe/Berlin] Notification: Memo, Created: 2025-06-14 20:37:11 (1749926231), Last Read: 2025-06-09 08:38:30 (1749451110), Is Read: false
[16-Jun-2025 04:44:55 Europe/Berlin] Notification: Memo, Created: 2025-06-14 20:32:13 (1749925933), Last Read: 2025-06-09 08:38:30 (1749451110), Is Read: false
[16-Jun-2025 04:44:55 Europe/Berlin] Notification: Lead Update, Created: 2025-06-09 17:16:57 (1749482217), Last Read: 2025-06-09 08:38:30 (1749451110), Is Read: false
[16-Jun-2025 04:44:55 Europe/Berlin] Notification: Lead Update, Created: 2025-06-09 11:04:26 (1749459866), Last Read: 2025-06-09 08:38:30 (1749451110), Is Read: false
[16-Jun-2025 04:44:55 Europe/Berlin] Notification: Downpayment Tracker, Created: 2025-06-09 11:04:10 (1749459850), Last Read: 2025-06-09 08:38:30 (1749451110), Is Read: false
[16-Jun-2025 04:44:55 Europe/Berlin] Header loaded - Total notifications: 7, Unread count: 7
[16-Jun-2025 04:55:49 Europe/Berlin] Attempting database connection. DreamHost environment: false
[16-Jun-2025 04:55:49 Europe/Berlin] Database connection successful to localhost/real_estate_leads
[16-Jun-2025 04:55:49 Europe/Berlin] Database initialization error: Can't create table `real_estate_leads`.`projects` (errno: 150 "Foreign key constraint is incorrectly formed")
[16-Jun-2025 04:55:49 Europe/Berlin] Attempting database connection. DreamHost environment: false
[16-Jun-2025 04:55:49 Europe/Berlin] Database connection successful to localhost/real_estate_leads
[16-Jun-2025 04:55:49 Europe/Berlin] Attempting database connection. DreamHost environment: false
[16-Jun-2025 04:55:49 Europe/Berlin] Database connection successful to localhost/real_estate_leads
[16-Jun-2025 04:55:49 Europe/Berlin] Attempting database connection. DreamHost environment: false
[16-Jun-2025 04:55:49 Europe/Berlin] Database connection successful to localhost/real_estate_leads
[16-Jun-2025 04:55:49 Europe/Berlin] Attempting database connection. DreamHost environment: false
[16-Jun-2025 04:55:49 Europe/Berlin] Database connection successful to localhost/real_estate_leads
[16-Jun-2025 04:55:49 Europe/Berlin] Attempting database connection. DreamHost environment: false
[16-Jun-2025 04:55:49 Europe/Berlin] Database connection successful to localhost/real_estate_leads
[16-Jun-2025 04:55:49 Europe/Berlin] Attempting database connection. DreamHost environment: false
[16-Jun-2025 04:55:49 Europe/Berlin] Database connection successful to localhost/real_estate_leads
[16-Jun-2025 04:55:49 Europe/Berlin] Attempting database connection. DreamHost environment: false
[16-Jun-2025 04:55:49 Europe/Berlin] Database connection successful to localhost/real_estate_leads
[16-Jun-2025 04:55:49 Europe/Berlin] Attempting database connection. DreamHost environment: false
[16-Jun-2025 04:55:49 Europe/Berlin] Database connection successful to localhost/real_estate_leads
[16-Jun-2025 04:55:49 Europe/Berlin] getRecentNotifications - User ID: 15, Last Read: 2025-06-09 08:38:30
[16-Jun-2025 04:55:49 Europe/Berlin] Notification: Memo, Created: 2025-06-16 09:55:23 (1750060523), Last Read: 2025-06-09 08:38:30 (1749451110), Is Read: false
[16-Jun-2025 04:55:49 Europe/Berlin] Notification: Memo, Created: 2025-06-14 20:41:29 (1749926489), Last Read: 2025-06-09 08:38:30 (1749451110), Is Read: false
[16-Jun-2025 04:55:49 Europe/Berlin] Notification: Memo, Created: 2025-06-14 20:37:11 (1749926231), Last Read: 2025-06-09 08:38:30 (1749451110), Is Read: false
[16-Jun-2025 04:55:49 Europe/Berlin] Notification: Memo, Created: 2025-06-14 20:32:13 (1749925933), Last Read: 2025-06-09 08:38:30 (1749451110), Is Read: false
[16-Jun-2025 04:55:49 Europe/Berlin] Notification: Lead Update, Created: 2025-06-09 17:16:57 (1749482217), Last Read: 2025-06-09 08:38:30 (1749451110), Is Read: false
[16-Jun-2025 04:55:49 Europe/Berlin] Notification: Lead Update, Created: 2025-06-09 11:04:26 (1749459866), Last Read: 2025-06-09 08:38:30 (1749451110), Is Read: false
[16-Jun-2025 04:55:49 Europe/Berlin] Notification: Downpayment Tracker, Created: 2025-06-09 11:04:10 (1749459850), Last Read: 2025-06-09 08:38:30 (1749451110), Is Read: false
[16-Jun-2025 04:55:49 Europe/Berlin] Header loaded - Total notifications: 7, Unread count: 7
[16-Jun-2025 05:01:49 Europe/Berlin] Attempting database connection. DreamHost environment: false
[16-Jun-2025 05:01:49 Europe/Berlin] Database connection successful to localhost/real_estate_leads
[16-Jun-2025 05:01:49 Europe/Berlin] Database initialization error: Can't create table `real_estate_leads`.`projects` (errno: 150 "Foreign key constraint is incorrectly formed")
[16-Jun-2025 05:01:49 Europe/Berlin] Attempting database connection. DreamHost environment: false
[16-Jun-2025 05:01:49 Europe/Berlin] Database connection successful to localhost/real_estate_leads
[16-Jun-2025 05:01:49 Europe/Berlin] Attempting database connection. DreamHost environment: false
[16-Jun-2025 05:01:49 Europe/Berlin] Database connection successful to localhost/real_estate_leads
[16-Jun-2025 05:01:50 Europe/Berlin] Attempting database connection. DreamHost environment: false
[16-Jun-2025 05:01:50 Europe/Berlin] Database connection successful to localhost/real_estate_leads
[16-Jun-2025 05:01:50 Europe/Berlin] Attempting database connection. DreamHost environment: false
[16-Jun-2025 05:01:50 Europe/Berlin] Database connection successful to localhost/real_estate_leads
[16-Jun-2025 05:01:50 Europe/Berlin] Attempting database connection. DreamHost environment: false
[16-Jun-2025 05:01:50 Europe/Berlin] Database connection successful to localhost/real_estate_leads
[16-Jun-2025 05:01:50 Europe/Berlin] Attempting database connection. DreamHost environment: false
[16-Jun-2025 05:01:50 Europe/Berlin] Database connection successful to localhost/real_estate_leads
[16-Jun-2025 05:01:50 Europe/Berlin] Attempting database connection. DreamHost environment: false
[16-Jun-2025 05:01:50 Europe/Berlin] Database connection successful to localhost/real_estate_leads
[16-Jun-2025 05:01:50 Europe/Berlin] Attempting database connection. DreamHost environment: false
[16-Jun-2025 05:01:50 Europe/Berlin] Database connection successful to localhost/real_estate_leads
[16-Jun-2025 05:01:50 Europe/Berlin] getRecentNotifications - User ID: 15, Last Read: 2025-06-09 08:38:30
[16-Jun-2025 05:01:50 Europe/Berlin] Notification: Memo, Created: 2025-06-16 09:55:23 (1750060523), Last Read: 2025-06-09 08:38:30 (1749451110), Is Read: false
[16-Jun-2025 05:01:50 Europe/Berlin] Notification: Memo, Created: 2025-06-14 20:41:29 (1749926489), Last Read: 2025-06-09 08:38:30 (1749451110), Is Read: false
[16-Jun-2025 05:01:50 Europe/Berlin] Notification: Memo, Created: 2025-06-14 20:37:11 (1749926231), Last Read: 2025-06-09 08:38:30 (1749451110), Is Read: false
[16-Jun-2025 05:01:50 Europe/Berlin] Notification: Memo, Created: 2025-06-14 20:32:13 (1749925933), Last Read: 2025-06-09 08:38:30 (1749451110), Is Read: false
[16-Jun-2025 05:01:50 Europe/Berlin] Notification: Lead Update, Created: 2025-06-09 17:16:57 (1749482217), Last Read: 2025-06-09 08:38:30 (1749451110), Is Read: false
[16-Jun-2025 05:01:50 Europe/Berlin] Notification: Lead Update, Created: 2025-06-09 11:04:26 (1749459866), Last Read: 2025-06-09 08:38:30 (1749451110), Is Read: false
[16-Jun-2025 05:01:50 Europe/Berlin] Notification: Downpayment Tracker, Created: 2025-06-09 11:04:10 (1749459850), Last Read: 2025-06-09 08:38:30 (1749451110), Is Read: false
[16-Jun-2025 05:01:50 Europe/Berlin] Header loaded - Total notifications: 7, Unread count: 7
[16-Jun-2025 05:01:51 Europe/Berlin] Attempting database connection. DreamHost environment: false
[16-Jun-2025 05:01:51 Europe/Berlin] Database connection successful to localhost/real_estate_leads
[16-Jun-2025 05:01:52 Europe/Berlin] Database initialization error: Can't create table `real_estate_leads`.`projects` (errno: 150 "Foreign key constraint is incorrectly formed")
[16-Jun-2025 05:01:52 Europe/Berlin] Attempting database connection. DreamHost environment: false
[16-Jun-2025 05:01:52 Europe/Berlin] Database connection successful to localhost/real_estate_leads
[16-Jun-2025 05:01:52 Europe/Berlin] Attempting database connection. DreamHost environment: false
[16-Jun-2025 05:01:52 Europe/Berlin] Database connection successful to localhost/real_estate_leads
[16-Jun-2025 05:01:52 Europe/Berlin] Attempting database connection. DreamHost environment: false
[16-Jun-2025 05:01:52 Europe/Berlin] Database connection successful to localhost/real_estate_leads
[16-Jun-2025 05:01:52 Europe/Berlin] getRecentNotifications - User ID: 15, Last Read: 2025-06-09 08:38:30
[16-Jun-2025 05:01:52 Europe/Berlin] Notification: Memo, Created: 2025-06-16 09:55:23 (1750060523), Last Read: 2025-06-09 08:38:30 (1749451110), Is Read: false
[16-Jun-2025 05:01:52 Europe/Berlin] Notification: Memo, Created: 2025-06-14 20:41:29 (1749926489), Last Read: 2025-06-09 08:38:30 (1749451110), Is Read: false
[16-Jun-2025 05:01:52 Europe/Berlin] Notification: Memo, Created: 2025-06-14 20:37:11 (1749926231), Last Read: 2025-06-09 08:38:30 (1749451110), Is Read: false
[16-Jun-2025 05:01:52 Europe/Berlin] Notification: Memo, Created: 2025-06-14 20:32:13 (1749925933), Last Read: 2025-06-09 08:38:30 (1749451110), Is Read: false
[16-Jun-2025 05:01:52 Europe/Berlin] Notification: Lead Update, Created: 2025-06-09 17:16:57 (1749482217), Last Read: 2025-06-09 08:38:30 (1749451110), Is Read: false
[16-Jun-2025 05:01:52 Europe/Berlin] Notification: Lead Update, Created: 2025-06-09 11:04:26 (1749459866), Last Read: 2025-06-09 08:38:30 (1749451110), Is Read: false
[16-Jun-2025 05:01:52 Europe/Berlin] Notification: Downpayment Tracker, Created: 2025-06-09 11:04:10 (1749459850), Last Read: 2025-06-09 08:38:30 (1749451110), Is Read: false
[16-Jun-2025 05:01:52 Europe/Berlin] Header loaded - Total notifications: 7, Unread count: 7
[16-Jun-2025 05:02:00 Europe/Berlin] Attempting database connection. DreamHost environment: false
[16-Jun-2025 05:02:00 Europe/Berlin] Database connection successful to localhost/real_estate_leads
[16-Jun-2025 05:02:00 Europe/Berlin] Database initialization error: Can't create table `real_estate_leads`.`projects` (errno: 150 "Foreign key constraint is incorrectly formed")
[16-Jun-2025 05:02:00 Europe/Berlin] Attempting database connection. DreamHost environment: false
[16-Jun-2025 05:02:00 Europe/Berlin] Database connection successful to localhost/real_estate_leads
[16-Jun-2025 05:02:00 Europe/Berlin] Attempting database connection. DreamHost environment: false
[16-Jun-2025 05:02:00 Europe/Berlin] Database connection successful to localhost/real_estate_leads
[16-Jun-2025 05:02:00 Europe/Berlin] Attempting database connection. DreamHost environment: false
[16-Jun-2025 05:02:00 Europe/Berlin] Database connection successful to localhost/real_estate_leads
[16-Jun-2025 05:02:00 Europe/Berlin] getRecentNotifications - User ID: 15, Last Read: 2025-06-09 08:38:30
[16-Jun-2025 05:02:00 Europe/Berlin] Notification: Memo, Created: 2025-06-16 09:55:23 (1750060523), Last Read: 2025-06-09 08:38:30 (1749451110), Is Read: false
[16-Jun-2025 05:02:00 Europe/Berlin] Notification: Memo, Created: 2025-06-14 20:41:29 (1749926489), Last Read: 2025-06-09 08:38:30 (1749451110), Is Read: false
[16-Jun-2025 05:02:00 Europe/Berlin] Notification: Memo, Created: 2025-06-14 20:37:11 (1749926231), Last Read: 2025-06-09 08:38:30 (1749451110), Is Read: false
[16-Jun-2025 05:02:00 Europe/Berlin] Notification: Memo, Created: 2025-06-14 20:32:13 (1749925933), Last Read: 2025-06-09 08:38:30 (1749451110), Is Read: false
[16-Jun-2025 05:02:00 Europe/Berlin] Notification: Lead Update, Created: 2025-06-09 17:16:57 (1749482217), Last Read: 2025-06-09 08:38:30 (1749451110), Is Read: false
[16-Jun-2025 05:02:00 Europe/Berlin] Notification: Lead Update, Created: 2025-06-09 11:04:26 (1749459866), Last Read: 2025-06-09 08:38:30 (1749451110), Is Read: false
[16-Jun-2025 05:02:00 Europe/Berlin] Notification: Downpayment Tracker, Created: 2025-06-09 11:04:10 (1749459850), Last Read: 2025-06-09 08:38:30 (1749451110), Is Read: false
[16-Jun-2025 05:02:00 Europe/Berlin] Header loaded - Total notifications: 7, Unread count: 7
[16-Jun-2025 05:04:05 Europe/Berlin] Attempting database connection. DreamHost environment: false
[16-Jun-2025 05:04:05 Europe/Berlin] Database connection successful to localhost/real_estate_leads
[16-Jun-2025 05:04:05 Europe/Berlin] Database initialization error: Can't create table `real_estate_leads`.`projects` (errno: 150 "Foreign key constraint is incorrectly formed")
[16-Jun-2025 05:04:05 Europe/Berlin] Attempting database connection. DreamHost environment: false
[16-Jun-2025 05:04:05 Europe/Berlin] Database connection successful to localhost/real_estate_leads
[16-Jun-2025 05:04:05 Europe/Berlin] Attempting database connection. DreamHost environment: false
[16-Jun-2025 05:04:05 Europe/Berlin] Database connection successful to localhost/real_estate_leads
[16-Jun-2025 05:04:05 Europe/Berlin] Attempting database connection. DreamHost environment: false
[16-Jun-2025 05:04:05 Europe/Berlin] Database connection successful to localhost/real_estate_leads
[16-Jun-2025 05:04:05 Europe/Berlin] getRecentNotifications - User ID: 15, Last Read: 2025-06-09 08:38:30
[16-Jun-2025 05:04:05 Europe/Berlin] Notification: Memo, Created: 2025-06-16 09:55:23 (1750060523), Last Read: 2025-06-09 08:38:30 (1749451110), Is Read: false
[16-Jun-2025 05:04:05 Europe/Berlin] Notification: Memo, Created: 2025-06-14 20:41:29 (1749926489), Last Read: 2025-06-09 08:38:30 (1749451110), Is Read: false
[16-Jun-2025 05:04:05 Europe/Berlin] Notification: Memo, Created: 2025-06-14 20:37:11 (1749926231), Last Read: 2025-06-09 08:38:30 (1749451110), Is Read: false
[16-Jun-2025 05:04:05 Europe/Berlin] Notification: Memo, Created: 2025-06-14 20:32:13 (1749925933), Last Read: 2025-06-09 08:38:30 (1749451110), Is Read: false
[16-Jun-2025 05:04:05 Europe/Berlin] Notification: Lead Update, Created: 2025-06-09 17:16:57 (1749482217), Last Read: 2025-06-09 08:38:30 (1749451110), Is Read: false
[16-Jun-2025 05:04:05 Europe/Berlin] Notification: Lead Update, Created: 2025-06-09 11:04:26 (1749459866), Last Read: 2025-06-09 08:38:30 (1749451110), Is Read: false
[16-Jun-2025 05:04:05 Europe/Berlin] Notification: Downpayment Tracker, Created: 2025-06-09 11:04:10 (1749459850), Last Read: 2025-06-09 08:38:30 (1749451110), Is Read: false
[16-Jun-2025 05:04:05 Europe/Berlin] Header loaded - Total notifications: 7, Unread count: 7
[16-Jun-2025 05:04:08 Europe/Berlin] Attempting database connection. DreamHost environment: false
[16-Jun-2025 05:04:08 Europe/Berlin] Database connection successful to localhost/real_estate_leads
[16-Jun-2025 05:04:08 Europe/Berlin] Database initialization error: Can't create table `real_estate_leads`.`projects` (errno: 150 "Foreign key constraint is incorrectly formed")
[16-Jun-2025 05:04:08 Europe/Berlin] Attempting database connection. DreamHost environment: false
[16-Jun-2025 05:04:08 Europe/Berlin] Database connection successful to localhost/real_estate_leads
[16-Jun-2025 05:04:08 Europe/Berlin] Attempting database connection. DreamHost environment: false
[16-Jun-2025 05:04:09 Europe/Berlin] Database connection successful to localhost/real_estate_leads
[16-Jun-2025 05:04:09 Europe/Berlin] Attempting database connection. DreamHost environment: false
[16-Jun-2025 05:04:09 Europe/Berlin] Database connection successful to localhost/real_estate_leads
[16-Jun-2025 05:04:09 Europe/Berlin] getRecentNotifications - User ID: 15, Last Read: 2025-06-09 08:38:30
[16-Jun-2025 05:04:09 Europe/Berlin] Notification: Memo, Created: 2025-06-16 09:55:23 (1750060523), Last Read: 2025-06-09 08:38:30 (1749451110), Is Read: false
[16-Jun-2025 05:04:09 Europe/Berlin] Notification: Memo, Created: 2025-06-14 20:41:29 (1749926489), Last Read: 2025-06-09 08:38:30 (1749451110), Is Read: false
[16-Jun-2025 05:04:09 Europe/Berlin] Notification: Memo, Created: 2025-06-14 20:37:11 (1749926231), Last Read: 2025-06-09 08:38:30 (1749451110), Is Read: false
[16-Jun-2025 05:04:09 Europe/Berlin] Notification: Memo, Created: 2025-06-14 20:32:13 (1749925933), Last Read: 2025-06-09 08:38:30 (1749451110), Is Read: false
[16-Jun-2025 05:04:09 Europe/Berlin] Notification: Lead Update, Created: 2025-06-09 17:16:57 (1749482217), Last Read: 2025-06-09 08:38:30 (1749451110), Is Read: false
[16-Jun-2025 05:04:09 Europe/Berlin] Notification: Lead Update, Created: 2025-06-09 11:04:26 (1749459866), Last Read: 2025-06-09 08:38:30 (1749451110), Is Read: false
[16-Jun-2025 05:04:09 Europe/Berlin] Notification: Downpayment Tracker, Created: 2025-06-09 11:04:10 (1749459850), Last Read: 2025-06-09 08:38:30 (1749451110), Is Read: false
[16-Jun-2025 05:04:09 Europe/Berlin] Header loaded - Total notifications: 7, Unread count: 7
[16-Jun-2025 05:04:09 Europe/Berlin] Attempting database connection. DreamHost environment: false
[16-Jun-2025 05:04:09 Europe/Berlin] Database connection successful to localhost/real_estate_leads
[16-Jun-2025 05:04:09 Europe/Berlin] Database initialization error: Can't create table `real_estate_leads`.`projects` (errno: 150 "Foreign key constraint is incorrectly formed")
[16-Jun-2025 05:04:09 Europe/Berlin] Attempting database connection. DreamHost environment: false
[16-Jun-2025 05:04:09 Europe/Berlin] Database connection successful to localhost/real_estate_leads
[16-Jun-2025 05:04:09 Europe/Berlin] Attempting database connection. DreamHost environment: false
[16-Jun-2025 05:04:09 Europe/Berlin] Database connection successful to localhost/real_estate_leads
[16-Jun-2025 05:04:09 Europe/Berlin] Attempting database connection. DreamHost environment: false
[16-Jun-2025 05:04:09 Europe/Berlin] Database connection successful to localhost/real_estate_leads
[16-Jun-2025 05:04:09 Europe/Berlin] getRecentNotifications - User ID: 15, Last Read: 2025-06-09 08:38:30
[16-Jun-2025 05:04:09 Europe/Berlin] Notification: Memo, Created: 2025-06-16 09:55:23 (1750060523), Last Read: 2025-06-09 08:38:30 (1749451110), Is Read: false
[16-Jun-2025 05:04:09 Europe/Berlin] Notification: Memo, Created: 2025-06-14 20:41:29 (1749926489), Last Read: 2025-06-09 08:38:30 (1749451110), Is Read: false
[16-Jun-2025 05:04:09 Europe/Berlin] Notification: Memo, Created: 2025-06-14 20:37:11 (1749926231), Last Read: 2025-06-09 08:38:30 (1749451110), Is Read: false
[16-Jun-2025 05:04:09 Europe/Berlin] Notification: Memo, Created: 2025-06-14 20:32:13 (1749925933), Last Read: 2025-06-09 08:38:30 (1749451110), Is Read: false
[16-Jun-2025 05:04:09 Europe/Berlin] Notification: Lead Update, Created: 2025-06-09 17:16:57 (1749482217), Last Read: 2025-06-09 08:38:30 (1749451110), Is Read: false
[16-Jun-2025 05:04:09 Europe/Berlin] Notification: Lead Update, Created: 2025-06-09 11:04:26 (1749459866), Last Read: 2025-06-09 08:38:30 (1749451110), Is Read: false
[16-Jun-2025 05:04:09 Europe/Berlin] Notification: Downpayment Tracker, Created: 2025-06-09 11:04:10 (1749459850), Last Read: 2025-06-09 08:38:30 (1749451110), Is Read: false
[16-Jun-2025 05:04:09 Europe/Berlin] Header loaded - Total notifications: 7, Unread count: 7
[16-Jun-2025 05:04:09 Europe/Berlin] Attempting database connection. DreamHost environment: false
[16-Jun-2025 05:04:09 Europe/Berlin] Database connection successful to localhost/real_estate_leads
[16-Jun-2025 05:04:09 Europe/Berlin] Database initialization error: Can't create table `real_estate_leads`.`projects` (errno: 150 "Foreign key constraint is incorrectly formed")
[16-Jun-2025 05:04:09 Europe/Berlin] Attempting database connection. DreamHost environment: false
[16-Jun-2025 05:04:09 Europe/Berlin] Database connection successful to localhost/real_estate_leads
[16-Jun-2025 05:04:09 Europe/Berlin] Attempting database connection. DreamHost environment: false
[16-Jun-2025 05:04:09 Europe/Berlin] Database connection successful to localhost/real_estate_leads
[16-Jun-2025 05:04:09 Europe/Berlin] Attempting database connection. DreamHost environment: false
[16-Jun-2025 05:04:09 Europe/Berlin] Database connection successful to localhost/real_estate_leads
[16-Jun-2025 05:04:09 Europe/Berlin] getRecentNotifications - User ID: 15, Last Read: 2025-06-09 08:38:30
[16-Jun-2025 05:04:09 Europe/Berlin] Notification: Memo, Created: 2025-06-16 09:55:23 (1750060523), Last Read: 2025-06-09 08:38:30 (1749451110), Is Read: false
[16-Jun-2025 05:04:09 Europe/Berlin] Notification: Memo, Created: 2025-06-14 20:41:29 (1749926489), Last Read: 2025-06-09 08:38:30 (1749451110), Is Read: false
[16-Jun-2025 05:04:09 Europe/Berlin] Notification: Memo, Created: 2025-06-14 20:37:11 (1749926231), Last Read: 2025-06-09 08:38:30 (1749451110), Is Read: false
[16-Jun-2025 05:04:09 Europe/Berlin] Notification: Memo, Created: 2025-06-14 20:32:13 (1749925933), Last Read: 2025-06-09 08:38:30 (1749451110), Is Read: false
[16-Jun-2025 05:04:09 Europe/Berlin] Notification: Lead Update, Created: 2025-06-09 17:16:57 (1749482217), Last Read: 2025-06-09 08:38:30 (1749451110), Is Read: false
[16-Jun-2025 05:04:09 Europe/Berlin] Notification: Lead Update, Created: 2025-06-09 11:04:26 (1749459866), Last Read: 2025-06-09 08:38:30 (1749451110), Is Read: false
[16-Jun-2025 05:04:09 Europe/Berlin] Notification: Downpayment Tracker, Created: 2025-06-09 11:04:10 (1749459850), Last Read: 2025-06-09 08:38:30 (1749451110), Is Read: false
[16-Jun-2025 05:04:09 Europe/Berlin] Header loaded - Total notifications: 7, Unread count: 7
[16-Jun-2025 05:04:09 Europe/Berlin] Attempting database connection. DreamHost environment: false
[16-Jun-2025 05:04:09 Europe/Berlin] Database connection successful to localhost/real_estate_leads
[16-Jun-2025 05:04:09 Europe/Berlin] Database initialization error: Can't create table `real_estate_leads`.`projects` (errno: 150 "Foreign key constraint is incorrectly formed")
[16-Jun-2025 05:04:09 Europe/Berlin] Attempting database connection. DreamHost environment: false
[16-Jun-2025 05:04:09 Europe/Berlin] Database connection successful to localhost/real_estate_leads
[16-Jun-2025 05:04:09 Europe/Berlin] Attempting database connection. DreamHost environment: false
[16-Jun-2025 05:04:09 Europe/Berlin] Database connection successful to localhost/real_estate_leads
[16-Jun-2025 05:04:09 Europe/Berlin] Attempting database connection. DreamHost environment: false
[16-Jun-2025 05:04:09 Europe/Berlin] Database connection successful to localhost/real_estate_leads
[16-Jun-2025 05:04:09 Europe/Berlin] getRecentNotifications - User ID: 15, Last Read: 2025-06-09 08:38:30
[16-Jun-2025 05:04:09 Europe/Berlin] Notification: Memo, Created: 2025-06-16 09:55:23 (1750060523), Last Read: 2025-06-09 08:38:30 (1749451110), Is Read: false
[16-Jun-2025 05:04:09 Europe/Berlin] Notification: Memo, Created: 2025-06-14 20:41:29 (1749926489), Last Read: 2025-06-09 08:38:30 (1749451110), Is Read: false
[16-Jun-2025 05:04:09 Europe/Berlin] Notification: Memo, Created: 2025-06-14 20:37:11 (1749926231), Last Read: 2025-06-09 08:38:30 (1749451110), Is Read: false
[16-Jun-2025 05:04:09 Europe/Berlin] Notification: Memo, Created: 2025-06-14 20:32:13 (1749925933), Last Read: 2025-06-09 08:38:30 (1749451110), Is Read: false
[16-Jun-2025 05:04:09 Europe/Berlin] Notification: Lead Update, Created: 2025-06-09 17:16:57 (1749482217), Last Read: 2025-06-09 08:38:30 (1749451110), Is Read: false
[16-Jun-2025 05:04:09 Europe/Berlin] Notification: Lead Update, Created: 2025-06-09 11:04:26 (1749459866), Last Read: 2025-06-09 08:38:30 (1749451110), Is Read: false
[16-Jun-2025 05:04:09 Europe/Berlin] Notification: Downpayment Tracker, Created: 2025-06-09 11:04:10 (1749459850), Last Read: 2025-06-09 08:38:30 (1749451110), Is Read: false
[16-Jun-2025 05:04:09 Europe/Berlin] Header loaded - Total notifications: 7, Unread count: 7
[16-Jun-2025 05:04:09 Europe/Berlin] Attempting database connection. DreamHost environment: false
[16-Jun-2025 05:04:09 Europe/Berlin] Database connection successful to localhost/real_estate_leads
[16-Jun-2025 05:04:09 Europe/Berlin] Database initialization error: Can't create table `real_estate_leads`.`projects` (errno: 150 "Foreign key constraint is incorrectly formed")
[16-Jun-2025 05:04:09 Europe/Berlin] Attempting database connection. DreamHost environment: false
[16-Jun-2025 05:04:09 Europe/Berlin] Database connection successful to localhost/real_estate_leads
[16-Jun-2025 05:04:09 Europe/Berlin] Attempting database connection. DreamHost environment: false
[16-Jun-2025 05:04:09 Europe/Berlin] Database connection successful to localhost/real_estate_leads
[16-Jun-2025 05:04:09 Europe/Berlin] Attempting database connection. DreamHost environment: false
[16-Jun-2025 05:04:09 Europe/Berlin] Database connection successful to localhost/real_estate_leads
[16-Jun-2025 05:04:09 Europe/Berlin] getRecentNotifications - User ID: 15, Last Read: 2025-06-09 08:38:30
[16-Jun-2025 05:04:09 Europe/Berlin] Notification: Memo, Created: 2025-06-16 09:55:23 (1750060523), Last Read: 2025-06-09 08:38:30 (1749451110), Is Read: false
[16-Jun-2025 05:04:09 Europe/Berlin] Notification: Memo, Created: 2025-06-14 20:41:29 (1749926489), Last Read: 2025-06-09 08:38:30 (1749451110), Is Read: false
[16-Jun-2025 05:04:09 Europe/Berlin] Notification: Memo, Created: 2025-06-14 20:37:11 (1749926231), Last Read: 2025-06-09 08:38:30 (1749451110), Is Read: false
[16-Jun-2025 05:04:09 Europe/Berlin] Notification: Memo, Created: 2025-06-14 20:32:13 (1749925933), Last Read: 2025-06-09 08:38:30 (1749451110), Is Read: false
[16-Jun-2025 05:04:09 Europe/Berlin] Notification: Lead Update, Created: 2025-06-09 17:16:57 (1749482217), Last Read: 2025-06-09 08:38:30 (1749451110), Is Read: false
[16-Jun-2025 05:04:09 Europe/Berlin] Notification: Lead Update, Created: 2025-06-09 11:04:26 (1749459866), Last Read: 2025-06-09 08:38:30 (1749451110), Is Read: false
[16-Jun-2025 05:04:09 Europe/Berlin] Notification: Downpayment Tracker, Created: 2025-06-09 11:04:10 (1749459850), Last Read: 2025-06-09 08:38:30 (1749451110), Is Read: false
[16-Jun-2025 05:04:09 Europe/Berlin] Header loaded - Total notifications: 7, Unread count: 7
[16-Jun-2025 05:04:09 Europe/Berlin] Attempting database connection. DreamHost environment: false
[16-Jun-2025 05:04:09 Europe/Berlin] Database connection successful to localhost/real_estate_leads
[16-Jun-2025 05:04:09 Europe/Berlin] Database initialization error: Can't create table `real_estate_leads`.`projects` (errno: 150 "Foreign key constraint is incorrectly formed")
[16-Jun-2025 05:04:09 Europe/Berlin] Attempting database connection. DreamHost environment: false
[16-Jun-2025 05:04:09 Europe/Berlin] Database connection successful to localhost/real_estate_leads
[16-Jun-2025 05:04:09 Europe/Berlin] Attempting database connection. DreamHost environment: false
[16-Jun-2025 05:04:09 Europe/Berlin] Database connection successful to localhost/real_estate_leads
[16-Jun-2025 05:04:09 Europe/Berlin] Attempting database connection. DreamHost environment: false
[16-Jun-2025 05:04:09 Europe/Berlin] Database connection successful to localhost/real_estate_leads
[16-Jun-2025 05:04:09 Europe/Berlin] getRecentNotifications - User ID: 15, Last Read: 2025-06-09 08:38:30
[16-Jun-2025 05:04:09 Europe/Berlin] Notification: Memo, Created: 2025-06-16 09:55:23 (1750060523), Last Read: 2025-06-09 08:38:30 (1749451110), Is Read: false
[16-Jun-2025 05:04:09 Europe/Berlin] Notification: Memo, Created: 2025-06-14 20:41:29 (1749926489), Last Read: 2025-06-09 08:38:30 (1749451110), Is Read: false
[16-Jun-2025 05:04:09 Europe/Berlin] Notification: Memo, Created: 2025-06-14 20:37:11 (1749926231), Last Read: 2025-06-09 08:38:30 (1749451110), Is Read: false
[16-Jun-2025 05:04:09 Europe/Berlin] Notification: Memo, Created: 2025-06-14 20:32:13 (1749925933), Last Read: 2025-06-09 08:38:30 (1749451110), Is Read: false
[16-Jun-2025 05:04:09 Europe/Berlin] Notification: Lead Update, Created: 2025-06-09 17:16:57 (1749482217), Last Read: 2025-06-09 08:38:30 (1749451110), Is Read: false
[16-Jun-2025 05:04:09 Europe/Berlin] Notification: Lead Update, Created: 2025-06-09 11:04:26 (1749459866), Last Read: 2025-06-09 08:38:30 (1749451110), Is Read: false
[16-Jun-2025 05:04:09 Europe/Berlin] Notification: Downpayment Tracker, Created: 2025-06-09 11:04:10 (1749459850), Last Read: 2025-06-09 08:38:30 (1749451110), Is Read: false
[16-Jun-2025 05:04:09 Europe/Berlin] Header loaded - Total notifications: 7, Unread count: 7
[16-Jun-2025 05:04:09 Europe/Berlin] Attempting database connection. DreamHost environment: false
[16-Jun-2025 05:04:09 Europe/Berlin] Database connection successful to localhost/real_estate_leads
[16-Jun-2025 05:04:09 Europe/Berlin] Database initialization error: Can't create table `real_estate_leads`.`projects` (errno: 150 "Foreign key constraint is incorrectly formed")
[16-Jun-2025 05:04:09 Europe/Berlin] Attempting database connection. DreamHost environment: false
[16-Jun-2025 05:04:09 Europe/Berlin] Database connection successful to localhost/real_estate_leads
[16-Jun-2025 05:04:09 Europe/Berlin] Attempting database connection. DreamHost environment: false
[16-Jun-2025 05:04:09 Europe/Berlin] Database connection successful to localhost/real_estate_leads
[16-Jun-2025 05:04:09 Europe/Berlin] Attempting database connection. DreamHost environment: false
[16-Jun-2025 05:04:09 Europe/Berlin] Database connection successful to localhost/real_estate_leads
[16-Jun-2025 05:04:09 Europe/Berlin] getRecentNotifications - User ID: 15, Last Read: 2025-06-09 08:38:30
[16-Jun-2025 05:04:09 Europe/Berlin] Notification: Memo, Created: 2025-06-16 09:55:23 (1750060523), Last Read: 2025-06-09 08:38:30 (1749451110), Is Read: false
[16-Jun-2025 05:04:09 Europe/Berlin] Notification: Memo, Created: 2025-06-14 20:41:29 (1749926489), Last Read: 2025-06-09 08:38:30 (1749451110), Is Read: false
[16-Jun-2025 05:04:09 Europe/Berlin] Notification: Memo, Created: 2025-06-14 20:37:11 (1749926231), Last Read: 2025-06-09 08:38:30 (1749451110), Is Read: false
[16-Jun-2025 05:04:09 Europe/Berlin] Notification: Memo, Created: 2025-06-14 20:32:13 (1749925933), Last Read: 2025-06-09 08:38:30 (1749451110), Is Read: false
[16-Jun-2025 05:04:09 Europe/Berlin] Notification: Lead Update, Created: 2025-06-09 17:16:57 (1749482217), Last Read: 2025-06-09 08:38:30 (1749451110), Is Read: false
[16-Jun-2025 05:04:09 Europe/Berlin] Notification: Lead Update, Created: 2025-06-09 11:04:26 (1749459866), Last Read: 2025-06-09 08:38:30 (1749451110), Is Read: false
[16-Jun-2025 05:04:09 Europe/Berlin] Notification: Downpayment Tracker, Created: 2025-06-09 11:04:10 (1749459850), Last Read: 2025-06-09 08:38:30 (1749451110), Is Read: false
[16-Jun-2025 05:04:09 Europe/Berlin] Header loaded - Total notifications: 7, Unread count: 7
[16-Jun-2025 05:04:11 Europe/Berlin] Attempting database connection. DreamHost environment: false
[16-Jun-2025 05:04:11 Europe/Berlin] Database connection successful to localhost/real_estate_leads
[16-Jun-2025 05:04:11 Europe/Berlin] Database initialization error: Can't create table `real_estate_leads`.`projects` (errno: 150 "Foreign key constraint is incorrectly formed")
[16-Jun-2025 05:04:11 Europe/Berlin] Attempting database connection. DreamHost environment: false
[16-Jun-2025 05:04:12 Europe/Berlin] Database connection successful to localhost/real_estate_leads
[16-Jun-2025 05:04:12 Europe/Berlin] Attempting database connection. DreamHost environment: false
[16-Jun-2025 05:04:12 Europe/Berlin] Database connection successful to localhost/real_estate_leads
[16-Jun-2025 05:04:12 Europe/Berlin] Attempting database connection. DreamHost environment: false
[16-Jun-2025 05:04:12 Europe/Berlin] Database connection successful to localhost/real_estate_leads
[16-Jun-2025 05:04:12 Europe/Berlin] getRecentNotifications - User ID: 15, Last Read: 2025-06-09 08:38:30
[16-Jun-2025 05:04:12 Europe/Berlin] Notification: Memo, Created: 2025-06-16 09:55:23 (1750060523), Last Read: 2025-06-09 08:38:30 (1749451110), Is Read: false
[16-Jun-2025 05:04:12 Europe/Berlin] Notification: Memo, Created: 2025-06-14 20:41:29 (1749926489), Last Read: 2025-06-09 08:38:30 (1749451110), Is Read: false
[16-Jun-2025 05:04:12 Europe/Berlin] Notification: Memo, Created: 2025-06-14 20:37:11 (1749926231), Last Read: 2025-06-09 08:38:30 (1749451110), Is Read: false
[16-Jun-2025 05:04:12 Europe/Berlin] Notification: Memo, Created: 2025-06-14 20:32:13 (1749925933), Last Read: 2025-06-09 08:38:30 (1749451110), Is Read: false
[16-Jun-2025 05:04:12 Europe/Berlin] Notification: Lead Update, Created: 2025-06-09 17:16:57 (1749482217), Last Read: 2025-06-09 08:38:30 (1749451110), Is Read: false
[16-Jun-2025 05:04:12 Europe/Berlin] Notification: Lead Update, Created: 2025-06-09 11:04:26 (1749459866), Last Read: 2025-06-09 08:38:30 (1749451110), Is Read: false
[16-Jun-2025 05:04:12 Europe/Berlin] Notification: Downpayment Tracker, Created: 2025-06-09 11:04:10 (1749459850), Last Read: 2025-06-09 08:38:30 (1749451110), Is Read: false
[16-Jun-2025 05:04:12 Europe/Berlin] Header loaded - Total notifications: 7, Unread count: 7
[16-Jun-2025 05:06:53 Europe/Berlin] Attempting database connection. DreamHost environment: false
[16-Jun-2025 05:06:53 Europe/Berlin] Database connection successful to localhost/real_estate_leads
[16-Jun-2025 05:06:53 Europe/Berlin] Database initialization error: Can't create table `real_estate_leads`.`projects` (errno: 150 "Foreign key constraint is incorrectly formed")
[16-Jun-2025 05:07:10 Europe/Berlin] Attempting database connection. DreamHost environment: false
[16-Jun-2025 05:07:10 Europe/Berlin] Database connection successful to localhost/real_estate_leads
[16-Jun-2025 05:07:10 Europe/Berlin] Database initialization error: Can't create table `real_estate_leads`.`projects` (errno: 150 "Foreign key constraint is incorrectly formed")
[16-Jun-2025 05:07:10 Europe/Berlin] Attempting database connection. DreamHost environment: false
[16-Jun-2025 05:07:10 Europe/Berlin] Database connection successful to localhost/real_estate_leads
[16-Jun-2025 05:07:22 Europe/Berlin] Attempting database connection. DreamHost environment: false
[16-Jun-2025 05:07:22 Europe/Berlin] Database connection successful to localhost/real_estate_leads
[16-Jun-2025 05:07:22 Europe/Berlin] Database initialization error: Can't create table `real_estate_leads`.`projects` (errno: 150 "Foreign key constraint is incorrectly formed")
[16-Jun-2025 05:07:22 Europe/Berlin] Attempting database connection. DreamHost environment: false
[16-Jun-2025 05:07:22 Europe/Berlin] Database connection successful to localhost/real_estate_leads
[16-Jun-2025 05:07:24 Europe/Berlin] Attempting database connection. DreamHost environment: false
[16-Jun-2025 05:07:24 Europe/Berlin] Database connection successful to localhost/real_estate_leads
[16-Jun-2025 05:07:24 Europe/Berlin] Database initialization error: Can't create table `real_estate_leads`.`projects` (errno: 150 "Foreign key constraint is incorrectly formed")
[16-Jun-2025 05:34:27 Europe/Berlin] Attempting database connection. DreamHost environment: false
[16-Jun-2025 05:34:27 Europe/Berlin] Database connection successful to localhost/real_estate_leads
[16-Jun-2025 05:34:27 Europe/Berlin] Database initialization error: Can't create table `real_estate_leads`.`projects` (errno: 150 "Foreign key constraint is incorrectly formed")
[16-Jun-2025 05:34:28 Europe/Berlin] Attempting database connection. DreamHost environment: false
[16-Jun-2025 05:34:28 Europe/Berlin] Database connection successful to localhost/real_estate_leads
[16-Jun-2025 05:34:28 Europe/Berlin] Database initialization error: Can't create table `real_estate_leads`.`projects` (errno: 150 "Foreign key constraint is incorrectly formed")
[16-Jun-2025 05:34:28 Europe/Berlin] Attempting database connection. DreamHost environment: false
[16-Jun-2025 05:34:28 Europe/Berlin] Database connection successful to localhost/real_estate_leads
[16-Jun-2025 05:34:29 Europe/Berlin] Database initialization error: Can't create table `real_estate_leads`.`projects` (errno: 150 "Foreign key constraint is incorrectly formed")
[16-Jun-2025 05:34:37 Europe/Berlin] Attempting database connection. DreamHost environment: false
[16-Jun-2025 05:34:37 Europe/Berlin] Database connection successful to localhost/real_estate_leads
[16-Jun-2025 05:34:37 Europe/Berlin] Database initialization error: Can't create table `real_estate_leads`.`projects` (errno: 150 "Foreign key constraint is incorrectly formed")
[16-Jun-2025 05:34:37 Europe/Berlin] Attempting database connection. DreamHost environment: false
[16-Jun-2025 05:34:37 Europe/Berlin] Database connection successful to localhost/real_estate_leads
[16-Jun-2025 05:34:37 Europe/Berlin] Attempting database connection. DreamHost environment: false
[16-Jun-2025 05:34:37 Europe/Berlin] Database connection successful to localhost/real_estate_leads
[16-Jun-2025 05:34:37 Europe/Berlin] Database initialization error: Can't create table `real_estate_leads`.`projects` (errno: 150 "Foreign key constraint is incorrectly formed")
[16-Jun-2025 05:34:37 Europe/Berlin] Attempting database connection. DreamHost environment: false
[16-Jun-2025 05:34:37 Europe/Berlin] Database connection successful to localhost/real_estate_leads
[16-Jun-2025 05:34:37 Europe/Berlin] Attempting database connection. DreamHost environment: false
[16-Jun-2025 05:34:37 Europe/Berlin] Database connection successful to localhost/real_estate_leads
[16-Jun-2025 05:34:37 Europe/Berlin] Attempting database connection. DreamHost environment: false
[16-Jun-2025 05:34:37 Europe/Berlin] Database connection successful to localhost/real_estate_leads
[16-Jun-2025 05:34:37 Europe/Berlin] getRecentNotifications - User ID: 15, Last Read: 2025-06-09 08:38:30
[16-Jun-2025 05:34:37 Europe/Berlin] Notification: Lead Update, Created: 2025-06-09 17:16:57 (1749482217), Last Read: 2025-06-09 08:38:30 (1749451110), Is Read: false
[16-Jun-2025 05:34:37 Europe/Berlin] Notification: Lead Update, Created: 2025-06-09 11:04:26 (1749459866), Last Read: 2025-06-09 08:38:30 (1749451110), Is Read: false
[16-Jun-2025 05:34:37 Europe/Berlin] Notification: Downpayment Tracker, Created: 2025-06-09 11:04:10 (1749459850), Last Read: 2025-06-09 08:38:30 (1749451110), Is Read: false
[16-Jun-2025 05:34:37 Europe/Berlin] Header loaded - Total notifications: 7, Unread count: 4
[16-Jun-2025 05:34:39 Europe/Berlin] Attempting database connection. DreamHost environment: false
[16-Jun-2025 05:34:39 Europe/Berlin] Database connection successful to localhost/real_estate_leads
[16-Jun-2025 05:34:39 Europe/Berlin] Database initialization error: Can't create table `real_estate_leads`.`projects` (errno: 150 "Foreign key constraint is incorrectly formed")
[16-Jun-2025 05:34:39 Europe/Berlin] Attempting database connection. DreamHost environment: false
[16-Jun-2025 05:34:39 Europe/Berlin] Database connection successful to localhost/real_estate_leads
[16-Jun-2025 05:34:39 Europe/Berlin] Attempting database connection. DreamHost environment: false
[16-Jun-2025 05:34:39 Europe/Berlin] Database connection successful to localhost/real_estate_leads
[16-Jun-2025 05:34:39 Europe/Berlin] Attempting database connection. DreamHost environment: false
[16-Jun-2025 05:34:39 Europe/Berlin] Database connection successful to localhost/real_estate_leads
[16-Jun-2025 05:34:39 Europe/Berlin] getRecentNotifications - User ID: 15, Last Read: 2025-06-09 08:38:30
[16-Jun-2025 05:34:40 Europe/Berlin] Notification: Lead Update, Created: 2025-06-09 17:16:57 (1749482217), Last Read: 2025-06-09 08:38:30 (1749451110), Is Read: false
[16-Jun-2025 05:34:40 Europe/Berlin] Notification: Lead Update, Created: 2025-06-09 11:04:26 (1749459866), Last Read: 2025-06-09 08:38:30 (1749451110), Is Read: false
[16-Jun-2025 05:34:40 Europe/Berlin] Notification: Downpayment Tracker, Created: 2025-06-09 11:04:10 (1749459850), Last Read: 2025-06-09 08:38:30 (1749451110), Is Read: false
[16-Jun-2025 05:34:40 Europe/Berlin] Header loaded - Total notifications: 7, Unread count: 4
[16-Jun-2025 05:34:41 Europe/Berlin] Attempting database connection. DreamHost environment: false
[16-Jun-2025 05:34:41 Europe/Berlin] Database connection successful to localhost/real_estate_leads
[16-Jun-2025 05:34:41 Europe/Berlin] Database initialization error: Can't create table `real_estate_leads`.`projects` (errno: 150 "Foreign key constraint is incorrectly formed")
[15-Jun-2025 23:34:41 America/New_York] Attempting database connection. DreamHost environment: false
[15-Jun-2025 23:34:41 America/New_York] Database connection successful to localhost/real_estate_leads
[15-Jun-2025 23:34:41 America/New_York] Attempting database connection. DreamHost environment: false
[15-Jun-2025 23:34:41 America/New_York] Database connection successful to localhost/real_estate_leads
[15-Jun-2025 23:34:41 America/New_York] getRecentNotifications - User ID: 15, Last Read: 2025-06-09 08:38:30
[15-Jun-2025 23:34:41 America/New_York] Notification: Lead Update, Created: 2025-06-09 17:16:57 (1749503817), Last Read: 2025-06-09 08:38:30 (1749472710), Is Read: false
[15-Jun-2025 23:34:41 America/New_York] Notification: Lead Update, Created: 2025-06-09 11:04:26 (1749481466), Last Read: 2025-06-09 08:38:30 (1749472710), Is Read: false
[15-Jun-2025 23:34:41 America/New_York] Notification: Downpayment Tracker, Created: 2025-06-09 11:04:10 (1749481450), Last Read: 2025-06-09 08:38:30 (1749472710), Is Read: false
[15-Jun-2025 23:34:41 America/New_York] Header loaded - Total notifications: 7, Unread count: 4
[16-Jun-2025 05:34:43 Europe/Berlin] Attempting database connection. DreamHost environment: false
[16-Jun-2025 05:34:43 Europe/Berlin] Database connection successful to localhost/real_estate_leads
[16-Jun-2025 05:34:43 Europe/Berlin] Database initialization error: Can't create table `real_estate_leads`.`projects` (errno: 150 "Foreign key constraint is incorrectly formed")
[15-Jun-2025 23:34:43 America/New_York] Attempting database connection. DreamHost environment: false
[15-Jun-2025 23:34:43 America/New_York] Database connection successful to localhost/real_estate_leads
[15-Jun-2025 23:34:43 America/New_York] Attempting database connection. DreamHost environment: false
[15-Jun-2025 23:34:43 America/New_York] Database connection successful to localhost/real_estate_leads
[15-Jun-2025 23:34:43 America/New_York] getRecentNotifications - User ID: 15, Last Read: 2025-06-09 08:38:30
[15-Jun-2025 23:34:43 America/New_York] Notification: Lead Update, Created: 2025-06-09 17:16:57 (1749503817), Last Read: 2025-06-09 08:38:30 (1749472710), Is Read: false
[15-Jun-2025 23:34:43 America/New_York] Notification: Lead Update, Created: 2025-06-09 11:04:26 (1749481466), Last Read: 2025-06-09 08:38:30 (1749472710), Is Read: false
[15-Jun-2025 23:34:43 America/New_York] Notification: Downpayment Tracker, Created: 2025-06-09 11:04:10 (1749481450), Last Read: 2025-06-09 08:38:30 (1749472710), Is Read: false
[15-Jun-2025 23:34:43 America/New_York] Header loaded - Total notifications: 7, Unread count: 4
[16-Jun-2025 05:35:03 Europe/Berlin] Attempting database connection. DreamHost environment: false
[16-Jun-2025 05:35:03 Europe/Berlin] Database connection successful to localhost/real_estate_leads
[16-Jun-2025 05:35:03 Europe/Berlin] Database initialization error: Can't create table `real_estate_leads`.`projects` (errno: 150 "Foreign key constraint is incorrectly formed")
[15-Jun-2025 23:35:03 America/New_York] Attempting database connection. DreamHost environment: false
[15-Jun-2025 23:35:03 America/New_York] Database connection successful to localhost/real_estate_leads
[15-Jun-2025 23:35:03 America/New_York] Attempting database connection. DreamHost environment: false
[15-Jun-2025 23:35:03 America/New_York] Database connection successful to localhost/real_estate_leads
[15-Jun-2025 23:35:03 America/New_York] getRecentNotifications - User ID: 15, Last Read: 2025-06-09 08:38:30
[15-Jun-2025 23:35:03 America/New_York] Notification: Lead Update, Created: 2025-06-09 17:16:57 (1749503817), Last Read: 2025-06-09 08:38:30 (1749472710), Is Read: false
[15-Jun-2025 23:35:03 America/New_York] Notification: Lead Update, Created: 2025-06-09 11:04:26 (1749481466), Last Read: 2025-06-09 08:38:30 (1749472710), Is Read: false
[15-Jun-2025 23:35:03 America/New_York] Notification: Downpayment Tracker, Created: 2025-06-09 11:04:10 (1749481450), Last Read: 2025-06-09 08:38:30 (1749472710), Is Read: false
[15-Jun-2025 23:35:03 America/New_York] Header loaded - Total notifications: 7, Unread count: 4
[16-Jun-2025 05:36:23 Europe/Berlin] Attempting database connection. DreamHost environment: false
[16-Jun-2025 05:36:23 Europe/Berlin] Database connection successful to localhost/real_estate_leads
[16-Jun-2025 05:36:23 Europe/Berlin] Database initialization error: Can't create table `real_estate_leads`.`projects` (errno: 150 "Foreign key constraint is incorrectly formed")
[15-Jun-2025 23:36:23 America/New_York] Attempting database connection. DreamHost environment: false
[15-Jun-2025 23:36:23 America/New_York] Database connection successful to localhost/real_estate_leads
[15-Jun-2025 23:36:23 America/New_York] Attempting database connection. DreamHost environment: false
[15-Jun-2025 23:36:23 America/New_York] Database connection successful to localhost/real_estate_leads
[15-Jun-2025 23:36:23 America/New_York] getRecentNotifications - User ID: 15, Last Read: 2025-06-09 08:38:30
[15-Jun-2025 23:36:23 America/New_York] Notification: Lead Update, Created: 2025-06-09 17:16:57 (1749503817), Last Read: 2025-06-09 08:38:30 (1749472710), Is Read: false
[15-Jun-2025 23:36:23 America/New_York] Notification: Lead Update, Created: 2025-06-09 11:04:26 (1749481466), Last Read: 2025-06-09 08:38:30 (1749472710), Is Read: false
[15-Jun-2025 23:36:23 America/New_York] Notification: Downpayment Tracker, Created: 2025-06-09 11:04:10 (1749481450), Last Read: 2025-06-09 08:38:30 (1749472710), Is Read: false
[15-Jun-2025 23:36:23 America/New_York] Header loaded - Total notifications: 7, Unread count: 4
[16-Jun-2025 05:36:41 Europe/Berlin] Attempting database connection. DreamHost environment: false
[16-Jun-2025 05:36:41 Europe/Berlin] Database connection successful to localhost/real_estate_leads
[16-Jun-2025 05:36:41 Europe/Berlin] Database initialization error: Can't create table `real_estate_leads`.`projects` (errno: 150 "Foreign key constraint is incorrectly formed")
[15-Jun-2025 23:36:41 America/New_York] Attempting database connection. DreamHost environment: false
[15-Jun-2025 23:36:41 America/New_York] Database connection successful to localhost/real_estate_leads
[15-Jun-2025 23:36:41 America/New_York] Attempting database connection. DreamHost environment: false
[15-Jun-2025 23:36:41 America/New_York] Database connection successful to localhost/real_estate_leads
[15-Jun-2025 23:36:41 America/New_York] getRecentNotifications - User ID: 15, Last Read: 2025-06-09 08:38:30
[15-Jun-2025 23:36:41 America/New_York] Notification: Lead Update, Created: 2025-06-09 17:16:57 (1749503817), Last Read: 2025-06-09 08:38:30 (1749472710), Is Read: false
[15-Jun-2025 23:36:41 America/New_York] Notification: Lead Update, Created: 2025-06-09 11:04:26 (1749481466), Last Read: 2025-06-09 08:38:30 (1749472710), Is Read: false
[15-Jun-2025 23:36:41 America/New_York] Notification: Downpayment Tracker, Created: 2025-06-09 11:04:10 (1749481450), Last Read: 2025-06-09 08:38:30 (1749472710), Is Read: false
[15-Jun-2025 23:36:41 America/New_York] Header loaded - Total notifications: 7, Unread count: 4
[16-Jun-2025 05:36:43 Europe/Berlin] Attempting database connection. DreamHost environment: false
[16-Jun-2025 05:36:43 Europe/Berlin] Database connection successful to localhost/real_estate_leads
[16-Jun-2025 05:36:43 Europe/Berlin] Database initialization error: Can't create table `real_estate_leads`.`projects` (errno: 150 "Foreign key constraint is incorrectly formed")
[15-Jun-2025 23:36:43 America/New_York] Attempting database connection. DreamHost environment: false
[15-Jun-2025 23:36:43 America/New_York] Database connection successful to localhost/real_estate_leads
[15-Jun-2025 23:36:43 America/New_York] Attempting database connection. DreamHost environment: false
[15-Jun-2025 23:36:43 America/New_York] Database connection successful to localhost/real_estate_leads
[15-Jun-2025 23:36:43 America/New_York] getRecentNotifications - User ID: 15, Last Read: 2025-06-09 08:38:30
[15-Jun-2025 23:36:43 America/New_York] Notification: Lead Update, Created: 2025-06-09 17:16:57 (1749503817), Last Read: 2025-06-09 08:38:30 (1749472710), Is Read: false
[15-Jun-2025 23:36:43 America/New_York] Notification: Lead Update, Created: 2025-06-09 11:04:26 (1749481466), Last Read: 2025-06-09 08:38:30 (1749472710), Is Read: false
[15-Jun-2025 23:36:43 America/New_York] Notification: Downpayment Tracker, Created: 2025-06-09 11:04:10 (1749481450), Last Read: 2025-06-09 08:38:30 (1749472710), Is Read: false
[15-Jun-2025 23:36:43 America/New_York] Header loaded - Total notifications: 7, Unread count: 4
[16-Jun-2025 05:37:39 Europe/Berlin] Attempting database connection. DreamHost environment: false
[16-Jun-2025 05:37:39 Europe/Berlin] Database connection successful to localhost/real_estate_leads
[16-Jun-2025 05:37:39 Europe/Berlin] Database initialization error: Can't create table `real_estate_leads`.`projects` (errno: 150 "Foreign key constraint is incorrectly formed")
[15-Jun-2025 23:37:39 America/New_York] Attempting database connection. DreamHost environment: false
[15-Jun-2025 23:37:39 America/New_York] Database connection successful to localhost/real_estate_leads
[15-Jun-2025 23:37:39 America/New_York] Attempting database connection. DreamHost environment: false
[15-Jun-2025 23:37:39 America/New_York] Database connection successful to localhost/real_estate_leads
[15-Jun-2025 23:37:39 America/New_York] getRecentNotifications - User ID: 15, Last Read: 2025-06-09 08:38:30
[15-Jun-2025 23:37:39 America/New_York] Notification: Lead Update, Created: 2025-06-09 17:16:57 (1749503817), Last Read: 2025-06-09 08:38:30 (1749472710), Is Read: false
[15-Jun-2025 23:37:39 America/New_York] Notification: Lead Update, Created: 2025-06-09 11:04:26 (1749481466), Last Read: 2025-06-09 08:38:30 (1749472710), Is Read: false
[15-Jun-2025 23:37:39 America/New_York] Notification: Downpayment Tracker, Created: 2025-06-09 11:04:10 (1749481450), Last Read: 2025-06-09 08:38:30 (1749472710), Is Read: false
[15-Jun-2025 23:37:39 America/New_York] Header loaded - Total notifications: 7, Unread count: 4
[16-Jun-2025 05:38:08 Europe/Berlin] Attempting database connection. DreamHost environment: false
[16-Jun-2025 05:38:08 Europe/Berlin] Database connection successful to localhost/real_estate_leads
[16-Jun-2025 05:38:08 Europe/Berlin] Database initialization error: Can't create table `real_estate_leads`.`projects` (errno: 150 "Foreign key constraint is incorrectly formed")
[15-Jun-2025 23:38:08 America/New_York] Attempting database connection. DreamHost environment: false
[15-Jun-2025 23:38:08 America/New_York] Database connection successful to localhost/real_estate_leads
[15-Jun-2025 23:38:08 America/New_York] Attempting database connection. DreamHost environment: false
[15-Jun-2025 23:38:08 America/New_York] Database connection successful to localhost/real_estate_leads
[15-Jun-2025 23:38:08 America/New_York] getRecentNotifications - User ID: 15, Last Read: 2025-06-09 08:38:30
[15-Jun-2025 23:38:08 America/New_York] Notification: Lead Update, Created: 2025-06-09 17:16:57 (1749503817), Last Read: 2025-06-09 08:38:30 (1749472710), Is Read: false
[15-Jun-2025 23:38:08 America/New_York] Notification: Lead Update, Created: 2025-06-09 11:04:26 (1749481466), Last Read: 2025-06-09 08:38:30 (1749472710), Is Read: false
[15-Jun-2025 23:38:08 America/New_York] Notification: Downpayment Tracker, Created: 2025-06-09 11:04:10 (1749481450), Last Read: 2025-06-09 08:38:30 (1749472710), Is Read: false
[15-Jun-2025 23:38:08 America/New_York] Header loaded - Total notifications: 7, Unread count: 4
[16-Jun-2025 05:38:12 Europe/Berlin] Attempting database connection. DreamHost environment: false
[16-Jun-2025 05:38:12 Europe/Berlin] Database connection successful to localhost/real_estate_leads
[16-Jun-2025 05:38:12 Europe/Berlin] Database initialization error: Can't create table `real_estate_leads`.`projects` (errno: 150 "Foreign key constraint is incorrectly formed")
[15-Jun-2025 23:38:12 America/New_York] Attempting database connection. DreamHost environment: false
[15-Jun-2025 23:38:12 America/New_York] Database connection successful to localhost/real_estate_leads
[15-Jun-2025 23:38:12 America/New_York] Attempting database connection. DreamHost environment: false
[15-Jun-2025 23:38:12 America/New_York] Database connection successful to localhost/real_estate_leads
[15-Jun-2025 23:38:12 America/New_York] getRecentNotifications - User ID: 15, Last Read: 2025-06-09 08:38:30
[15-Jun-2025 23:38:12 America/New_York] Notification: Lead Update, Created: 2025-06-09 17:16:57 (1749503817), Last Read: 2025-06-09 08:38:30 (1749472710), Is Read: false
[15-Jun-2025 23:38:12 America/New_York] Notification: Lead Update, Created: 2025-06-09 11:04:26 (1749481466), Last Read: 2025-06-09 08:38:30 (1749472710), Is Read: false
[15-Jun-2025 23:38:12 America/New_York] Notification: Downpayment Tracker, Created: 2025-06-09 11:04:10 (1749481450), Last Read: 2025-06-09 08:38:30 (1749472710), Is Read: false
[15-Jun-2025 23:38:12 America/New_York] Header loaded - Total notifications: 7, Unread count: 4
[16-Jun-2025 05:38:16 Europe/Berlin] Attempting database connection. DreamHost environment: false
[16-Jun-2025 05:38:16 Europe/Berlin] Database connection successful to localhost/real_estate_leads
[16-Jun-2025 05:38:16 Europe/Berlin] Database initialization error: Can't create table `real_estate_leads`.`projects` (errno: 150 "Foreign key constraint is incorrectly formed")
[15-Jun-2025 23:38:16 America/New_York] Attempting database connection. DreamHost environment: false
[15-Jun-2025 23:38:16 America/New_York] Database connection successful to localhost/real_estate_leads
[15-Jun-2025 23:38:16 America/New_York] Attempting database connection. DreamHost environment: false
[15-Jun-2025 23:38:16 America/New_York] Database connection successful to localhost/real_estate_leads
[15-Jun-2025 23:38:16 America/New_York] getRecentNotifications - User ID: 15, Last Read: 2025-06-09 08:38:30
[15-Jun-2025 23:38:16 America/New_York] Notification: Lead Update, Created: 2025-06-09 17:16:57 (1749503817), Last Read: 2025-06-09 08:38:30 (1749472710), Is Read: false
[15-Jun-2025 23:38:16 America/New_York] Notification: Lead Update, Created: 2025-06-09 11:04:26 (1749481466), Last Read: 2025-06-09 08:38:30 (1749472710), Is Read: false
[15-Jun-2025 23:38:16 America/New_York] Notification: Downpayment Tracker, Created: 2025-06-09 11:04:10 (1749481450), Last Read: 2025-06-09 08:38:30 (1749472710), Is Read: false
[15-Jun-2025 23:38:16 America/New_York] Header loaded - Total notifications: 7, Unread count: 4
[16-Jun-2025 07:02:03 Europe/Berlin] Attempting database connection. DreamHost environment: false
[16-Jun-2025 07:02:03 Europe/Berlin] Database connection successful to localhost/real_estate_leads
[16-Jun-2025 07:02:03 Europe/Berlin] Database initialization error: Can't create table `real_estate_leads`.`projects` (errno: 150 "Foreign key constraint is incorrectly formed")
[16-Jun-2025 07:02:03 Europe/Berlin] Attempting database connection. DreamHost environment: false
[16-Jun-2025 07:02:03 Europe/Berlin] Database connection successful to localhost/real_estate_leads
[16-Jun-2025 07:02:03 Europe/Berlin] Database initialization error: Can't create table `real_estate_leads`.`projects` (errno: 150 "Foreign key constraint is incorrectly formed")
[16-Jun-2025 07:02:03 Europe/Berlin] Attempting database connection. DreamHost environment: false
[16-Jun-2025 07:02:03 Europe/Berlin] Database connection successful to localhost/real_estate_leads
[16-Jun-2025 07:02:03 Europe/Berlin] Attempting database connection. DreamHost environment: false
[16-Jun-2025 07:02:03 Europe/Berlin] Database connection successful to localhost/real_estate_leads
[16-Jun-2025 07:02:03 Europe/Berlin] Attempting database connection. DreamHost environment: false
[16-Jun-2025 07:02:03 Europe/Berlin] Database connection successful to localhost/real_estate_leads
[16-Jun-2025 07:02:03 Europe/Berlin] getRecentNotifications - User ID: 15, Last Read: 2025-06-09 08:38:30
[16-Jun-2025 07:02:03 Europe/Berlin] Notification: Lead Update, Created: 2025-06-09 17:16:57 (1749482217), Last Read: 2025-06-09 08:38:30 (1749451110), Is Read: false
[16-Jun-2025 07:02:03 Europe/Berlin] Notification: Lead Update, Created: 2025-06-09 11:04:26 (1749459866), Last Read: 2025-06-09 08:38:30 (1749451110), Is Read: false
[16-Jun-2025 07:02:03 Europe/Berlin] Notification: Downpayment Tracker, Created: 2025-06-09 11:04:10 (1749459850), Last Read: 2025-06-09 08:38:30 (1749451110), Is Read: false
[16-Jun-2025 07:02:03 Europe/Berlin] Header loaded - Total notifications: 7, Unread count: 4
[16-Jun-2025 07:02:06 Europe/Berlin] Attempting database connection. DreamHost environment: false
[16-Jun-2025 07:02:06 Europe/Berlin] Database connection successful to localhost/real_estate_leads
[16-Jun-2025 07:02:06 Europe/Berlin] Database initialization error: Can't create table `real_estate_leads`.`projects` (errno: 150 "Foreign key constraint is incorrectly formed")
[16-Jun-2025 07:02:06 Europe/Berlin] Attempting database connection. DreamHost environment: false
[16-Jun-2025 07:02:06 Europe/Berlin] Database connection successful to localhost/real_estate_leads
[16-Jun-2025 07:02:06 Europe/Berlin] Attempting database connection. DreamHost environment: false
[16-Jun-2025 07:02:06 Europe/Berlin] Database connection successful to localhost/real_estate_leads
[16-Jun-2025 07:02:06 Europe/Berlin] Attempting database connection. DreamHost environment: false
[16-Jun-2025 07:02:06 Europe/Berlin] Database connection successful to localhost/real_estate_leads
[16-Jun-2025 07:02:06 Europe/Berlin] Attempting database connection. DreamHost environment: false
[16-Jun-2025 07:02:06 Europe/Berlin] Database connection successful to localhost/real_estate_leads
[16-Jun-2025 07:02:06 Europe/Berlin] Attempting database connection. DreamHost environment: false
[16-Jun-2025 07:02:06 Europe/Berlin] Database connection successful to localhost/real_estate_leads
[16-Jun-2025 07:02:06 Europe/Berlin] Attempting database connection. DreamHost environment: false
[16-Jun-2025 07:02:06 Europe/Berlin] Database connection successful to localhost/real_estate_leads
[16-Jun-2025 07:02:06 Europe/Berlin] Attempting database connection. DreamHost environment: false
[16-Jun-2025 07:02:06 Europe/Berlin] Database connection successful to localhost/real_estate_leads
[16-Jun-2025 07:02:06 Europe/Berlin] Attempting database connection. DreamHost environment: false
[16-Jun-2025 07:02:06 Europe/Berlin] Database connection successful to localhost/real_estate_leads
[16-Jun-2025 07:02:06 Europe/Berlin] getRecentNotifications - User ID: 15, Last Read: 2025-06-09 08:38:30
[16-Jun-2025 07:02:06 Europe/Berlin] Notification: Lead Update, Created: 2025-06-09 17:16:57 (1749482217), Last Read: 2025-06-09 08:38:30 (1749451110), Is Read: false
[16-Jun-2025 07:02:06 Europe/Berlin] Notification: Lead Update, Created: 2025-06-09 11:04:26 (1749459866), Last Read: 2025-06-09 08:38:30 (1749451110), Is Read: false
[16-Jun-2025 07:02:06 Europe/Berlin] Notification: Downpayment Tracker, Created: 2025-06-09 11:04:10 (1749459850), Last Read: 2025-06-09 08:38:30 (1749451110), Is Read: false
[16-Jun-2025 07:02:06 Europe/Berlin] Header loaded - Total notifications: 7, Unread count: 4
[16-Jun-2025 07:04:28 Europe/Berlin] Attempting database connection. DreamHost environment: false
[16-Jun-2025 07:04:28 Europe/Berlin] Database connection successful to localhost/real_estate_leads
[16-Jun-2025 07:04:29 Europe/Berlin] Database initialization error: Can't create table `real_estate_leads`.`projects` (errno: 150 "Foreign key constraint is incorrectly formed")
[16-Jun-2025 07:04:29 Europe/Berlin] Attempting database connection. DreamHost environment: false
[16-Jun-2025 07:04:29 Europe/Berlin] Database connection successful to localhost/real_estate_leads
[16-Jun-2025 07:04:29 Europe/Berlin] Attempting database connection. DreamHost environment: false
[16-Jun-2025 07:04:29 Europe/Berlin] Database connection successful to localhost/real_estate_leads
[16-Jun-2025 07:04:29 Europe/Berlin] Attempting database connection. DreamHost environment: false
[16-Jun-2025 07:04:29 Europe/Berlin] Database connection successful to localhost/real_estate_leads
[16-Jun-2025 07:04:29 Europe/Berlin] Attempting database connection. DreamHost environment: false
[16-Jun-2025 07:04:29 Europe/Berlin] Database connection successful to localhost/real_estate_leads
[16-Jun-2025 07:04:29 Europe/Berlin] Attempting database connection. DreamHost environment: false
[16-Jun-2025 07:04:29 Europe/Berlin] Database connection successful to localhost/real_estate_leads
[16-Jun-2025 07:04:29 Europe/Berlin] Attempting database connection. DreamHost environment: false
[16-Jun-2025 07:04:29 Europe/Berlin] Database connection successful to localhost/real_estate_leads
[16-Jun-2025 07:04:29 Europe/Berlin] Attempting database connection. DreamHost environment: false
[16-Jun-2025 07:04:29 Europe/Berlin] Database connection successful to localhost/real_estate_leads
[16-Jun-2025 07:04:29 Europe/Berlin] Attempting database connection. DreamHost environment: false
[16-Jun-2025 07:04:29 Europe/Berlin] Database connection successful to localhost/real_estate_leads
[16-Jun-2025 07:04:29 Europe/Berlin] getRecentNotifications - User ID: 15, Last Read: 2025-06-09 08:38:30
[16-Jun-2025 07:04:29 Europe/Berlin] Notification: Lead Update, Created: 2025-06-09 17:16:57 (1749482217), Last Read: 2025-06-09 08:38:30 (1749451110), Is Read: false
[16-Jun-2025 07:04:29 Europe/Berlin] Notification: Lead Update, Created: 2025-06-09 11:04:26 (1749459866), Last Read: 2025-06-09 08:38:30 (1749451110), Is Read: false
[16-Jun-2025 07:04:29 Europe/Berlin] Notification: Downpayment Tracker, Created: 2025-06-09 11:04:10 (1749459850), Last Read: 2025-06-09 08:38:30 (1749451110), Is Read: false
[16-Jun-2025 07:04:29 Europe/Berlin] Header loaded - Total notifications: 7, Unread count: 4
[16-Jun-2025 07:04:30 Europe/Berlin] Attempting database connection. DreamHost environment: false
[16-Jun-2025 07:04:30 Europe/Berlin] Database connection successful to localhost/real_estate_leads
[16-Jun-2025 07:04:30 Europe/Berlin] Database initialization error: Can't create table `real_estate_leads`.`projects` (errno: 150 "Foreign key constraint is incorrectly formed")
[16-Jun-2025 07:04:30 Europe/Berlin] Attempting database connection. DreamHost environment: false
[16-Jun-2025 07:04:30 Europe/Berlin] Database connection successful to localhost/real_estate_leads
[16-Jun-2025 07:04:30 Europe/Berlin] Attempting database connection. DreamHost environment: false
[16-Jun-2025 07:04:30 Europe/Berlin] Database connection successful to localhost/real_estate_leads
[16-Jun-2025 07:04:30 Europe/Berlin] Attempting database connection. DreamHost environment: false
[16-Jun-2025 07:04:30 Europe/Berlin] Database connection successful to localhost/real_estate_leads
[16-Jun-2025 07:04:30 Europe/Berlin] getRecentNotifications - User ID: 15, Last Read: 2025-06-09 08:38:30
[16-Jun-2025 07:04:30 Europe/Berlin] Notification: Lead Update, Created: 2025-06-09 17:16:57 (1749482217), Last Read: 2025-06-09 08:38:30 (1749451110), Is Read: false
[16-Jun-2025 07:04:30 Europe/Berlin] Notification: Lead Update, Created: 2025-06-09 11:04:26 (1749459866), Last Read: 2025-06-09 08:38:30 (1749451110), Is Read: false
[16-Jun-2025 07:04:30 Europe/Berlin] Notification: Downpayment Tracker, Created: 2025-06-09 11:04:10 (1749459850), Last Read: 2025-06-09 08:38:30 (1749451110), Is Read: false
[16-Jun-2025 07:04:30 Europe/Berlin] Header loaded - Total notifications: 7, Unread count: 4
[16-Jun-2025 07:04:45 Europe/Berlin] Attempting database connection. DreamHost environment: false
[16-Jun-2025 07:04:45 Europe/Berlin] Database connection successful to localhost/real_estate_leads
[16-Jun-2025 07:04:45 Europe/Berlin] Database initialization error: Can't create table `real_estate_leads`.`projects` (errno: 150 "Foreign key constraint is incorrectly formed")
[16-Jun-2025 07:04:45 Europe/Berlin] Attempting database connection. DreamHost environment: false
[16-Jun-2025 07:04:45 Europe/Berlin] Database connection successful to localhost/real_estate_leads
[16-Jun-2025 07:04:45 Europe/Berlin] Attempting database connection. DreamHost environment: false
[16-Jun-2025 07:04:45 Europe/Berlin] Database connection successful to localhost/real_estate_leads
[16-Jun-2025 07:04:45 Europe/Berlin] Attempting database connection. DreamHost environment: false
[16-Jun-2025 07:04:45 Europe/Berlin] Database connection successful to localhost/real_estate_leads
[16-Jun-2025 07:04:45 Europe/Berlin] getRecentNotifications - User ID: 15, Last Read: 2025-06-09 08:38:30
[16-Jun-2025 07:04:45 Europe/Berlin] Notification: Lead Update, Created: 2025-06-09 17:16:57 (1749482217), Last Read: 2025-06-09 08:38:30 (1749451110), Is Read: false
[16-Jun-2025 07:04:45 Europe/Berlin] Notification: Lead Update, Created: 2025-06-09 11:04:26 (1749459866), Last Read: 2025-06-09 08:38:30 (1749451110), Is Read: false
[16-Jun-2025 07:04:45 Europe/Berlin] Notification: Downpayment Tracker, Created: 2025-06-09 11:04:10 (1749459850), Last Read: 2025-06-09 08:38:30 (1749451110), Is Read: false
[16-Jun-2025 07:04:45 Europe/Berlin] Header loaded - Total notifications: 7, Unread count: 4
[16-Jun-2025 07:04:47 Europe/Berlin] Attempting database connection. DreamHost environment: false
[16-Jun-2025 07:04:47 Europe/Berlin] Database connection successful to localhost/real_estate_leads
[16-Jun-2025 07:04:47 Europe/Berlin] Database initialization error: Can't create table `real_estate_leads`.`projects` (errno: 150 "Foreign key constraint is incorrectly formed")
[16-Jun-2025 07:04:47 Europe/Berlin] Attempting database connection. DreamHost environment: false
[16-Jun-2025 07:04:47 Europe/Berlin] Database connection successful to localhost/real_estate_leads
[16-Jun-2025 07:04:47 Europe/Berlin] Attempting database connection. DreamHost environment: false
[16-Jun-2025 07:04:47 Europe/Berlin] Database connection successful to localhost/real_estate_leads
[16-Jun-2025 07:04:47 Europe/Berlin] Attempting database connection. DreamHost environment: false
[16-Jun-2025 07:04:47 Europe/Berlin] Database connection successful to localhost/real_estate_leads
[16-Jun-2025 07:04:47 Europe/Berlin] getRecentNotifications - User ID: 15, Last Read: 2025-06-09 08:38:30
[16-Jun-2025 07:04:47 Europe/Berlin] Notification: Lead Update, Created: 2025-06-09 17:16:57 (1749482217), Last Read: 2025-06-09 08:38:30 (1749451110), Is Read: false
[16-Jun-2025 07:04:47 Europe/Berlin] Notification: Lead Update, Created: 2025-06-09 11:04:26 (1749459866), Last Read: 2025-06-09 08:38:30 (1749451110), Is Read: false
[16-Jun-2025 07:04:47 Europe/Berlin] Notification: Downpayment Tracker, Created: 2025-06-09 11:04:10 (1749459850), Last Read: 2025-06-09 08:38:30 (1749451110), Is Read: false
[16-Jun-2025 07:04:47 Europe/Berlin] Header loaded - Total notifications: 7, Unread count: 4
[16-Jun-2025 07:12:28 Europe/Berlin] Attempting database connection. DreamHost environment: false
[16-Jun-2025 07:12:28 Europe/Berlin] Database connection successful to localhost/real_estate_leads
[16-Jun-2025 07:12:28 Europe/Berlin] Database initialization error: Can't create table `real_estate_leads`.`projects` (errno: 150 "Foreign key constraint is incorrectly formed")
[16-Jun-2025 07:12:28 Europe/Berlin] Attempting database connection. DreamHost environment: false
[16-Jun-2025 07:12:28 Europe/Berlin] Database connection successful to localhost/real_estate_leads
[16-Jun-2025 07:12:28 Europe/Berlin] Attempting database connection. DreamHost environment: false
[16-Jun-2025 07:12:28 Europe/Berlin] Database connection successful to localhost/real_estate_leads
[16-Jun-2025 07:12:28 Europe/Berlin] Attempting database connection. DreamHost environment: false
[16-Jun-2025 07:12:28 Europe/Berlin] Database connection successful to localhost/real_estate_leads
[16-Jun-2025 07:12:28 Europe/Berlin] getRecentNotifications - User ID: 15, Last Read: 2025-06-09 08:38:30
[16-Jun-2025 07:12:28 Europe/Berlin] Notification: Lead Update, Created: 2025-06-09 17:16:57 (1749482217), Last Read: 2025-06-09 08:38:30 (1749451110), Is Read: false
[16-Jun-2025 07:12:28 Europe/Berlin] Notification: Lead Update, Created: 2025-06-09 11:04:26 (1749459866), Last Read: 2025-06-09 08:38:30 (1749451110), Is Read: false
[16-Jun-2025 07:12:28 Europe/Berlin] Notification: Downpayment Tracker, Created: 2025-06-09 11:04:10 (1749459850), Last Read: 2025-06-09 08:38:30 (1749451110), Is Read: false
[16-Jun-2025 07:12:28 Europe/Berlin] Header loaded - Total notifications: 7, Unread count: 4
[16-Jun-2025 07:12:29 Europe/Berlin] Attempting database connection. DreamHost environment: false
[16-Jun-2025 07:12:29 Europe/Berlin] Database connection successful to localhost/real_estate_leads
[16-Jun-2025 07:12:29 Europe/Berlin] Database initialization error: Can't create table `real_estate_leads`.`projects` (errno: 150 "Foreign key constraint is incorrectly formed")
[16-Jun-2025 07:12:29 Europe/Berlin] Attempting database connection. DreamHost environment: false
[16-Jun-2025 07:12:29 Europe/Berlin] Database connection successful to localhost/real_estate_leads
[16-Jun-2025 07:12:29 Europe/Berlin] Attempting database connection. DreamHost environment: false
[16-Jun-2025 07:12:29 Europe/Berlin] Database connection successful to localhost/real_estate_leads
[16-Jun-2025 07:12:29 Europe/Berlin] Attempting database connection. DreamHost environment: false
[16-Jun-2025 07:12:29 Europe/Berlin] Database connection successful to localhost/real_estate_leads
[16-Jun-2025 07:12:29 Europe/Berlin] Attempting database connection. DreamHost environment: false
[16-Jun-2025 07:12:29 Europe/Berlin] Database connection successful to localhost/real_estate_leads
[16-Jun-2025 07:12:29 Europe/Berlin] Attempting database connection. DreamHost environment: false
[16-Jun-2025 07:12:29 Europe/Berlin] Database connection successful to localhost/real_estate_leads
[16-Jun-2025 07:12:29 Europe/Berlin] Attempting database connection. DreamHost environment: false
[16-Jun-2025 07:12:29 Europe/Berlin] Database connection successful to localhost/real_estate_leads
[16-Jun-2025 07:12:29 Europe/Berlin] Attempting database connection. DreamHost environment: false
[16-Jun-2025 07:12:29 Europe/Berlin] Database connection successful to localhost/real_estate_leads
[16-Jun-2025 07:12:29 Europe/Berlin] Attempting database connection. DreamHost environment: false
[16-Jun-2025 07:12:29 Europe/Berlin] Database connection successful to localhost/real_estate_leads
[16-Jun-2025 07:12:29 Europe/Berlin] getRecentNotifications - User ID: 15, Last Read: 2025-06-09 08:38:30
[16-Jun-2025 07:12:29 Europe/Berlin] Notification: Lead Update, Created: 2025-06-09 17:16:57 (1749482217), Last Read: 2025-06-09 08:38:30 (1749451110), Is Read: false
[16-Jun-2025 07:12:29 Europe/Berlin] Notification: Lead Update, Created: 2025-06-09 11:04:26 (1749459866), Last Read: 2025-06-09 08:38:30 (1749451110), Is Read: false
[16-Jun-2025 07:12:29 Europe/Berlin] Notification: Downpayment Tracker, Created: 2025-06-09 11:04:10 (1749459850), Last Read: 2025-06-09 08:38:30 (1749451110), Is Read: false
[16-Jun-2025 07:12:29 Europe/Berlin] Header loaded - Total notifications: 7, Unread count: 4
[16-Jun-2025 07:12:30 Europe/Berlin] Attempting database connection. DreamHost environment: false
[16-Jun-2025 07:12:30 Europe/Berlin] Database connection successful to localhost/real_estate_leads
[16-Jun-2025 07:12:31 Europe/Berlin] Database initialization error: Can't create table `real_estate_leads`.`projects` (errno: 150 "Foreign key constraint is incorrectly formed")
[16-Jun-2025 07:12:31 Europe/Berlin] Attempting database connection. DreamHost environment: false
[16-Jun-2025 07:12:31 Europe/Berlin] Database connection successful to localhost/real_estate_leads
[16-Jun-2025 07:12:31 Europe/Berlin] Attempting database connection. DreamHost environment: false
[16-Jun-2025 07:12:31 Europe/Berlin] Database connection successful to localhost/real_estate_leads
[16-Jun-2025 07:12:31 Europe/Berlin] Attempting database connection. DreamHost environment: false
[16-Jun-2025 07:12:31 Europe/Berlin] Database connection successful to localhost/real_estate_leads
[16-Jun-2025 07:12:31 Europe/Berlin] Attempting database connection. DreamHost environment: false
[16-Jun-2025 07:12:31 Europe/Berlin] Database connection successful to localhost/real_estate_leads
[16-Jun-2025 07:12:31 Europe/Berlin] Attempting database connection. DreamHost environment: false
[16-Jun-2025 07:12:31 Europe/Berlin] Database connection successful to localhost/real_estate_leads
[16-Jun-2025 07:12:31 Europe/Berlin] getRecentNotifications - User ID: 15, Last Read: 2025-06-09 08:38:30
[16-Jun-2025 07:12:31 Europe/Berlin] Notification: Lead Update, Created: 2025-06-09 17:16:57 (1749482217), Last Read: 2025-06-09 08:38:30 (1749451110), Is Read: false
[16-Jun-2025 07:12:31 Europe/Berlin] Notification: Lead Update, Created: 2025-06-09 11:04:26 (1749459866), Last Read: 2025-06-09 08:38:30 (1749451110), Is Read: false
[16-Jun-2025 07:12:31 Europe/Berlin] Notification: Downpayment Tracker, Created: 2025-06-09 11:04:10 (1749459850), Last Read: 2025-06-09 08:38:30 (1749451110), Is Read: false
[16-Jun-2025 07:12:31 Europe/Berlin] Header loaded - Total notifications: 7, Unread count: 4
[16-Jun-2025 07:13:07 Europe/Berlin] Attempting database connection. DreamHost environment: false
[16-Jun-2025 07:13:07 Europe/Berlin] Database connection successful to localhost/real_estate_leads
[16-Jun-2025 07:13:07 Europe/Berlin] Database initialization error: Can't create table `real_estate_leads`.`projects` (errno: 150 "Foreign key constraint is incorrectly formed")
[16-Jun-2025 07:13:07 Europe/Berlin] Attempting database connection. DreamHost environment: false
[16-Jun-2025 07:13:07 Europe/Berlin] Database connection successful to localhost/real_estate_leads
[16-Jun-2025 07:13:07 Europe/Berlin] Attempting database connection. DreamHost environment: false
[16-Jun-2025 07:13:07 Europe/Berlin] Database connection successful to localhost/real_estate_leads
[16-Jun-2025 07:13:07 Europe/Berlin] Attempting database connection. DreamHost environment: false
[16-Jun-2025 07:13:07 Europe/Berlin] Database connection successful to localhost/real_estate_leads
[16-Jun-2025 07:13:07 Europe/Berlin] Attempting database connection. DreamHost environment: false
[16-Jun-2025 07:13:07 Europe/Berlin] Database connection successful to localhost/real_estate_leads
[16-Jun-2025 07:13:07 Europe/Berlin] Attempting database connection. DreamHost environment: false
[16-Jun-2025 07:13:07 Europe/Berlin] Database connection successful to localhost/real_estate_leads
[16-Jun-2025 07:13:07 Europe/Berlin] getRecentNotifications - User ID: 15, Last Read: 2025-06-09 08:38:30
[16-Jun-2025 07:13:07 Europe/Berlin] Notification: Lead Update, Created: 2025-06-09 17:16:57 (1749482217), Last Read: 2025-06-09 08:38:30 (1749451110), Is Read: false
[16-Jun-2025 07:13:07 Europe/Berlin] Notification: Lead Update, Created: 2025-06-09 11:04:26 (1749459866), Last Read: 2025-06-09 08:38:30 (1749451110), Is Read: false
[16-Jun-2025 07:13:07 Europe/Berlin] Notification: Downpayment Tracker, Created: 2025-06-09 11:04:10 (1749459850), Last Read: 2025-06-09 08:38:30 (1749451110), Is Read: false
[16-Jun-2025 07:13:07 Europe/Berlin] Header loaded - Total notifications: 7, Unread count: 4
[16-Jun-2025 07:14:16 Europe/Berlin] Attempting database connection. DreamHost environment: false
[16-Jun-2025 07:14:16 Europe/Berlin] Database connection successful to localhost/real_estate_leads
[16-Jun-2025 07:14:16 Europe/Berlin] Database initialization error: Can't create table `real_estate_leads`.`projects` (errno: 150 "Foreign key constraint is incorrectly formed")
[16-Jun-2025 07:14:16 Europe/Berlin] Attempting database connection. DreamHost environment: false
[16-Jun-2025 07:14:16 Europe/Berlin] Database connection successful to localhost/real_estate_leads
[16-Jun-2025 07:14:16 Europe/Berlin] Attempting database connection. DreamHost environment: false
[16-Jun-2025 07:14:16 Europe/Berlin] Database connection successful to localhost/real_estate_leads
[16-Jun-2025 07:14:16 Europe/Berlin] Attempting database connection. DreamHost environment: false
[16-Jun-2025 07:14:16 Europe/Berlin] Database connection successful to localhost/real_estate_leads
[16-Jun-2025 07:14:16 Europe/Berlin] Attempting database connection. DreamHost environment: false
[16-Jun-2025 07:14:16 Europe/Berlin] Database connection successful to localhost/real_estate_leads
[16-Jun-2025 07:14:17 Europe/Berlin] Attempting database connection. DreamHost environment: false
[16-Jun-2025 07:14:17 Europe/Berlin] Database connection successful to localhost/real_estate_leads
[16-Jun-2025 07:14:17 Europe/Berlin] getRecentNotifications - User ID: 15, Last Read: 2025-06-09 08:38:30
[16-Jun-2025 07:14:17 Europe/Berlin] Notification: Lead Update, Created: 2025-06-09 17:16:57 (1749482217), Last Read: 2025-06-09 08:38:30 (1749451110), Is Read: false
[16-Jun-2025 07:14:17 Europe/Berlin] Notification: Lead Update, Created: 2025-06-09 11:04:26 (1749459866), Last Read: 2025-06-09 08:38:30 (1749451110), Is Read: false
[16-Jun-2025 07:14:17 Europe/Berlin] Notification: Downpayment Tracker, Created: 2025-06-09 11:04:10 (1749459850), Last Read: 2025-06-09 08:38:30 (1749451110), Is Read: false
[16-Jun-2025 07:14:17 Europe/Berlin] Header loaded - Total notifications: 7, Unread count: 4
[16-Jun-2025 07:16:46 Europe/Berlin] Attempting database connection. DreamHost environment: false
[16-Jun-2025 07:16:46 Europe/Berlin] Database connection successful to localhost/real_estate_leads
[16-Jun-2025 07:16:46 Europe/Berlin] Database initialization error: Can't create table `real_estate_leads`.`projects` (errno: 150 "Foreign key constraint is incorrectly formed")
[16-Jun-2025 07:16:46 Europe/Berlin] Attempting database connection. DreamHost environment: false
[16-Jun-2025 07:16:46 Europe/Berlin] Database connection successful to localhost/real_estate_leads
[16-Jun-2025 07:16:46 Europe/Berlin] Attempting database connection. DreamHost environment: false
[16-Jun-2025 07:16:46 Europe/Berlin] Database connection successful to localhost/real_estate_leads
[16-Jun-2025 07:16:46 Europe/Berlin] Attempting database connection. DreamHost environment: false
[16-Jun-2025 07:16:46 Europe/Berlin] Database connection successful to localhost/real_estate_leads
[16-Jun-2025 07:16:46 Europe/Berlin] Attempting database connection. DreamHost environment: false
[16-Jun-2025 07:16:46 Europe/Berlin] Database connection successful to localhost/real_estate_leads
[16-Jun-2025 07:16:46 Europe/Berlin] Attempting database connection. DreamHost environment: false
[16-Jun-2025 07:16:46 Europe/Berlin] Database connection successful to localhost/real_estate_leads
[16-Jun-2025 07:16:46 Europe/Berlin] getRecentNotifications - User ID: 15, Last Read: 2025-06-09 08:38:30
[16-Jun-2025 07:16:46 Europe/Berlin] Notification: Lead Update, Created: 2025-06-09 17:16:57 (1749482217), Last Read: 2025-06-09 08:38:30 (1749451110), Is Read: false
[16-Jun-2025 07:16:46 Europe/Berlin] Notification: Lead Update, Created: 2025-06-09 11:04:26 (1749459866), Last Read: 2025-06-09 08:38:30 (1749451110), Is Read: false
[16-Jun-2025 07:16:46 Europe/Berlin] Notification: Downpayment Tracker, Created: 2025-06-09 11:04:10 (1749459850), Last Read: 2025-06-09 08:38:30 (1749451110), Is Read: false
[16-Jun-2025 07:16:46 Europe/Berlin] Header loaded - Total notifications: 7, Unread count: 4
[16-Jun-2025 07:17:36 Europe/Berlin] Attempting database connection. DreamHost environment: false
[16-Jun-2025 07:17:36 Europe/Berlin] Database connection successful to localhost/real_estate_leads
[16-Jun-2025 07:17:36 Europe/Berlin] Database initialization error: Can't create table `real_estate_leads`.`projects` (errno: 150 "Foreign key constraint is incorrectly formed")
[16-Jun-2025 07:17:36 Europe/Berlin] Attempting database connection. DreamHost environment: false
[16-Jun-2025 07:17:36 Europe/Berlin] Database connection successful to localhost/real_estate_leads
[16-Jun-2025 07:17:36 Europe/Berlin] Attempting database connection. DreamHost environment: false
[16-Jun-2025 07:17:36 Europe/Berlin] Database connection successful to localhost/real_estate_leads
[16-Jun-2025 07:17:36 Europe/Berlin] Attempting database connection. DreamHost environment: false
[16-Jun-2025 07:17:36 Europe/Berlin] Database connection successful to localhost/real_estate_leads
[16-Jun-2025 07:17:36 Europe/Berlin] Attempting database connection. DreamHost environment: false
[16-Jun-2025 07:17:36 Europe/Berlin] Database connection successful to localhost/real_estate_leads
[16-Jun-2025 07:17:36 Europe/Berlin] Attempting database connection. DreamHost environment: false
[16-Jun-2025 07:17:36 Europe/Berlin] Database connection successful to localhost/real_estate_leads
[16-Jun-2025 07:17:36 Europe/Berlin] getRecentNotifications - User ID: 15, Last Read: 2025-06-09 08:38:30
[16-Jun-2025 07:17:36 Europe/Berlin] Notification: Lead Update, Created: 2025-06-09 17:16:57 (1749482217), Last Read: 2025-06-09 08:38:30 (1749451110), Is Read: false
[16-Jun-2025 07:17:36 Europe/Berlin] Notification: Lead Update, Created: 2025-06-09 11:04:26 (1749459866), Last Read: 2025-06-09 08:38:30 (1749451110), Is Read: false
[16-Jun-2025 07:17:36 Europe/Berlin] Notification: Downpayment Tracker, Created: 2025-06-09 11:04:10 (1749459850), Last Read: 2025-06-09 08:38:30 (1749451110), Is Read: false
[16-Jun-2025 07:17:36 Europe/Berlin] Header loaded - Total notifications: 7, Unread count: 4
[16-Jun-2025 07:17:55 Europe/Berlin] Attempting database connection. DreamHost environment: false
[16-Jun-2025 07:17:55 Europe/Berlin] Database connection successful to localhost/real_estate_leads
[16-Jun-2025 07:17:55 Europe/Berlin] Database initialization error: Can't create table `real_estate_leads`.`projects` (errno: 150 "Foreign key constraint is incorrectly formed")
[16-Jun-2025 07:17:55 Europe/Berlin] Attempting database connection. DreamHost environment: false
[16-Jun-2025 07:17:55 Europe/Berlin] Database connection successful to localhost/real_estate_leads
[16-Jun-2025 07:17:55 Europe/Berlin] Attempting database connection. DreamHost environment: false
[16-Jun-2025 07:17:55 Europe/Berlin] Database connection successful to localhost/real_estate_leads
[16-Jun-2025 07:17:55 Europe/Berlin] Attempting database connection. DreamHost environment: false
[16-Jun-2025 07:17:55 Europe/Berlin] Database connection successful to localhost/real_estate_leads
[16-Jun-2025 07:17:55 Europe/Berlin] Attempting database connection. DreamHost environment: false
[16-Jun-2025 07:17:55 Europe/Berlin] Database connection successful to localhost/real_estate_leads
[16-Jun-2025 07:17:55 Europe/Berlin] Attempting database connection. DreamHost environment: false
[16-Jun-2025 07:17:55 Europe/Berlin] Database connection successful to localhost/real_estate_leads
[16-Jun-2025 07:17:55 Europe/Berlin] getRecentNotifications - User ID: 15, Last Read: 2025-06-16 07:17:53
[16-Jun-2025 07:17:55 Europe/Berlin] Notification: Lead Update, Created: 2025-06-09 17:16:57 (1749482217), Last Read: 2025-06-16 07:17:53 (1750051073), Is Read: true
[16-Jun-2025 07:17:55 Europe/Berlin] Notification: Lead Update, Created: 2025-06-09 11:04:26 (1749459866), Last Read: 2025-06-16 07:17:53 (1750051073), Is Read: true
[16-Jun-2025 07:17:55 Europe/Berlin] Notification: Downpayment Tracker, Created: 2025-06-09 11:04:10 (1749459850), Last Read: 2025-06-16 07:17:53 (1750051073), Is Read: true
[16-Jun-2025 07:17:55 Europe/Berlin] Header loaded - Total notifications: 7, Unread count: 1
[16-Jun-2025 07:18:09 Europe/Berlin] Attempting database connection. DreamHost environment: false
[16-Jun-2025 07:18:09 Europe/Berlin] Database connection successful to localhost/real_estate_leads
[16-Jun-2025 07:18:09 Europe/Berlin] Database initialization error: Can't create table `real_estate_leads`.`projects` (errno: 150 "Foreign key constraint is incorrectly formed")
[16-Jun-2025 07:18:09 Europe/Berlin] Attempting database connection. DreamHost environment: false
[16-Jun-2025 07:18:09 Europe/Berlin] Database connection successful to localhost/real_estate_leads
[16-Jun-2025 07:18:09 Europe/Berlin] Attempting database connection. DreamHost environment: false
[16-Jun-2025 07:18:09 Europe/Berlin] Database connection successful to localhost/real_estate_leads
[16-Jun-2025 07:18:09 Europe/Berlin] Attempting database connection. DreamHost environment: false
[16-Jun-2025 07:18:10 Europe/Berlin] Database connection successful to localhost/real_estate_leads
[16-Jun-2025 07:18:10 Europe/Berlin] getRecentNotifications - User ID: 15, Last Read: 2025-06-16 07:17:53
[16-Jun-2025 07:18:10 Europe/Berlin] Notification: Lead Update, Created: 2025-06-09 17:16:57 (1749482217), Last Read: 2025-06-16 07:17:53 (1750051073), Is Read: true
[16-Jun-2025 07:18:10 Europe/Berlin] Notification: Lead Update, Created: 2025-06-09 11:04:26 (1749459866), Last Read: 2025-06-16 07:17:53 (1750051073), Is Read: true
[16-Jun-2025 07:18:10 Europe/Berlin] Notification: Downpayment Tracker, Created: 2025-06-09 11:04:10 (1749459850), Last Read: 2025-06-16 07:17:53 (1750051073), Is Read: true
[16-Jun-2025 07:18:10 Europe/Berlin] Header loaded - Total notifications: 7, Unread count: 1
[16-Jun-2025 07:18:22 Europe/Berlin] Attempting database connection. DreamHost environment: false
[16-Jun-2025 07:18:22 Europe/Berlin] Database connection successful to localhost/real_estate_leads
[16-Jun-2025 07:18:22 Europe/Berlin] Database initialization error: Can't create table `real_estate_leads`.`projects` (errno: 150 "Foreign key constraint is incorrectly formed")
[16-Jun-2025 07:18:22 Europe/Berlin] Attempting database connection. DreamHost environment: false
[16-Jun-2025 07:18:22 Europe/Berlin] Database connection successful to localhost/real_estate_leads
[16-Jun-2025 07:18:22 Europe/Berlin] Attempting database connection. DreamHost environment: false
[16-Jun-2025 07:18:22 Europe/Berlin] Database connection successful to localhost/real_estate_leads
[16-Jun-2025 07:18:22 Europe/Berlin] Attempting database connection. DreamHost environment: false
[16-Jun-2025 07:18:22 Europe/Berlin] Database connection successful to localhost/real_estate_leads
[16-Jun-2025 07:18:22 Europe/Berlin] getRecentNotifications - User ID: 15, Last Read: 2025-06-16 07:17:53
[16-Jun-2025 07:18:23 Europe/Berlin] Notification: Lead Update, Created: 2025-06-09 17:16:57 (1749482217), Last Read: 2025-06-16 07:17:53 (1750051073), Is Read: true
[16-Jun-2025 07:18:23 Europe/Berlin] Notification: Lead Update, Created: 2025-06-09 11:04:26 (1749459866), Last Read: 2025-06-16 07:17:53 (1750051073), Is Read: true
[16-Jun-2025 07:18:23 Europe/Berlin] Notification: Downpayment Tracker, Created: 2025-06-09 11:04:10 (1749459850), Last Read: 2025-06-16 07:17:53 (1750051073), Is Read: true
[16-Jun-2025 07:18:23 Europe/Berlin] Header loaded - Total notifications: 7, Unread count: 1
[16-Jun-2025 07:25:47 Europe/Berlin] Attempting database connection. DreamHost environment: false
[16-Jun-2025 07:25:47 Europe/Berlin] Database connection successful to localhost/real_estate_leads
[16-Jun-2025 07:25:47 Europe/Berlin] Database initialization error: Can't create table `real_estate_leads`.`projects` (errno: 150 "Foreign key constraint is incorrectly formed")
[16-Jun-2025 07:25:47 Europe/Berlin] Attempting database connection. DreamHost environment: false
[16-Jun-2025 07:25:47 Europe/Berlin] Database connection successful to localhost/real_estate_leads
[16-Jun-2025 07:25:47 Europe/Berlin] Attempting database connection. DreamHost environment: false
[16-Jun-2025 07:25:47 Europe/Berlin] Database connection successful to localhost/real_estate_leads
[16-Jun-2025 07:25:47 Europe/Berlin] Attempting database connection. DreamHost environment: false
[16-Jun-2025 07:25:47 Europe/Berlin] Database connection successful to localhost/real_estate_leads
[16-Jun-2025 07:25:47 Europe/Berlin] getRecentNotifications - User ID: 15, Last Read: 2025-06-16 07:17:53
[16-Jun-2025 07:25:47 Europe/Berlin] Notification: Lead Update, Created: 2025-06-09 17:16:57 (1749482217), Last Read: 2025-06-16 07:17:53 (1750051073), Is Read: true
[16-Jun-2025 07:25:47 Europe/Berlin] Notification: Lead Update, Created: 2025-06-09 11:04:26 (1749459866), Last Read: 2025-06-16 07:17:53 (1750051073), Is Read: true
[16-Jun-2025 07:25:47 Europe/Berlin] Notification: Downpayment Tracker, Created: 2025-06-09 11:04:10 (1749459850), Last Read: 2025-06-16 07:17:53 (1750051073), Is Read: true
[16-Jun-2025 07:25:47 Europe/Berlin] Header loaded - Total notifications: 7, Unread count: 1
[16-Jun-2025 08:09:07 Europe/Berlin] Attempting database connection. DreamHost environment: false
[16-Jun-2025 08:09:07 Europe/Berlin] Database connection successful to localhost/real_estate_leads
[16-Jun-2025 08:09:07 Europe/Berlin] Database initialization error: Can't create table `real_estate_leads`.`projects` (errno: 150 "Foreign key constraint is incorrectly formed")
[16-Jun-2025 08:09:07 Europe/Berlin] Attempting database connection. DreamHost environment: false
[16-Jun-2025 08:09:08 Europe/Berlin] Database connection successful to localhost/real_estate_leads
[16-Jun-2025 08:09:08 Europe/Berlin] Attempting database connection. DreamHost environment: false
[16-Jun-2025 08:09:08 Europe/Berlin] Database connection successful to localhost/real_estate_leads
[16-Jun-2025 08:09:08 Europe/Berlin] Attempting database connection. DreamHost environment: false
[16-Jun-2025 08:09:08 Europe/Berlin] Database connection successful to localhost/real_estate_leads
[16-Jun-2025 08:09:08 Europe/Berlin] getRecentNotifications - User ID: 15, Last Read: 2025-06-16 07:17:53
[16-Jun-2025 08:09:08 Europe/Berlin] Notification: Lead Update, Created: 2025-06-09 17:16:57 (1749482217), Last Read: 2025-06-16 07:17:53 (1750051073), Is Read: true
[16-Jun-2025 08:09:08 Europe/Berlin] Notification: Lead Update, Created: 2025-06-09 11:04:26 (1749459866), Last Read: 2025-06-16 07:17:53 (1750051073), Is Read: true
[16-Jun-2025 08:09:08 Europe/Berlin] Notification: Downpayment Tracker, Created: 2025-06-09 11:04:10 (1749459850), Last Read: 2025-06-16 07:17:53 (1750051073), Is Read: true
[16-Jun-2025 08:09:08 Europe/Berlin] Header loaded - Total notifications: 7, Unread count: 1
[16-Jun-2025 08:09:33 Europe/Berlin] Attempting database connection. DreamHost environment: false
[16-Jun-2025 08:09:33 Europe/Berlin] Database connection successful to localhost/real_estate_leads
[16-Jun-2025 08:09:33 Europe/Berlin] Database initialization error: Can't create table `real_estate_leads`.`projects` (errno: 150 "Foreign key constraint is incorrectly formed")
[16-Jun-2025 02:09:33 America/New_York] Attempting database connection. DreamHost environment: false
[16-Jun-2025 02:09:33 America/New_York] Database connection successful to localhost/real_estate_leads
[16-Jun-2025 02:09:33 America/New_York] Attempting database connection. DreamHost environment: false
[16-Jun-2025 02:09:33 America/New_York] Database connection successful to localhost/real_estate_leads
[16-Jun-2025 02:09:33 America/New_York] getRecentNotifications - User ID: 15, Last Read: 2025-06-16 07:17:53
[16-Jun-2025 02:09:33 America/New_York] Notification: Lead Update, Created: 2025-06-09 17:16:57 (1749503817), Last Read: 2025-06-16 07:17:53 (1750072673), Is Read: true
[16-Jun-2025 02:09:33 America/New_York] Notification: Lead Update, Created: 2025-06-09 11:04:26 (1749481466), Last Read: 2025-06-16 07:17:53 (1750072673), Is Read: true
[16-Jun-2025 02:09:33 America/New_York] Notification: Downpayment Tracker, Created: 2025-06-09 11:04:10 (1749481450), Last Read: 2025-06-16 07:17:53 (1750072673), Is Read: true
[16-Jun-2025 02:09:33 America/New_York] Header loaded - Total notifications: 7, Unread count: 1
[16-Jun-2025 08:51:53 Europe/Berlin] Attempting database connection. DreamHost environment: false
[16-Jun-2025 08:51:53 Europe/Berlin] Database connection successful to localhost/real_estate_leads
[16-Jun-2025 08:51:53 Europe/Berlin] Database initialization error: Can't create table `real_estate_leads`.`projects` (errno: 150 "Foreign key constraint is incorrectly formed")
[16-Jun-2025 08:51:53 Europe/Berlin] Attempting database connection. DreamHost environment: false
[16-Jun-2025 08:51:53 Europe/Berlin] Database connection successful to localhost/real_estate_leads
[16-Jun-2025 08:51:53 Europe/Berlin] Attempting database connection. DreamHost environment: false
[16-Jun-2025 08:51:53 Europe/Berlin] Database connection successful to localhost/real_estate_leads
[16-Jun-2025 08:51:53 Europe/Berlin] Attempting database connection. DreamHost environment: false
[16-Jun-2025 08:51:53 Europe/Berlin] Database connection successful to localhost/real_estate_leads
[16-Jun-2025 08:51:53 Europe/Berlin] getRecentNotifications - User ID: 15, Last Read: 2025-06-16 07:17:53
[16-Jun-2025 08:51:53 Europe/Berlin] Notification: Lead Update, Created: 2025-06-09 17:16:57 (1749482217), Last Read: 2025-06-16 07:17:53 (1750051073), Is Read: true
[16-Jun-2025 08:51:53 Europe/Berlin] Notification: Lead Update, Created: 2025-06-09 11:04:26 (1749459866), Last Read: 2025-06-16 07:17:53 (1750051073), Is Read: true
[16-Jun-2025 08:51:53 Europe/Berlin] Notification: Downpayment Tracker, Created: 2025-06-09 11:04:10 (1749459850), Last Read: 2025-06-16 07:17:53 (1750051073), Is Read: true
[16-Jun-2025 08:51:53 Europe/Berlin] Header loaded - Total notifications: 7, Unread count: 1
[16-Jun-2025 08:52:08 Europe/Berlin] Attempting database connection. DreamHost environment: false
[16-Jun-2025 08:52:08 Europe/Berlin] Database connection successful to localhost/real_estate_leads
[16-Jun-2025 08:52:08 Europe/Berlin] Database initialization error: Can't create table `real_estate_leads`.`projects` (errno: 150 "Foreign key constraint is incorrectly formed")
[16-Jun-2025 08:52:08 Europe/Berlin] Attempting database connection. DreamHost environment: false
[16-Jun-2025 08:52:08 Europe/Berlin] Database connection successful to localhost/real_estate_leads
[16-Jun-2025 08:52:08 Europe/Berlin] Attempting database connection. DreamHost environment: false
[16-Jun-2025 08:52:08 Europe/Berlin] Database connection successful to localhost/real_estate_leads
[16-Jun-2025 08:52:08 Europe/Berlin] Attempting database connection. DreamHost environment: false
[16-Jun-2025 08:52:08 Europe/Berlin] Database connection successful to localhost/real_estate_leads
[16-Jun-2025 08:52:08 Europe/Berlin] Attempting database connection. DreamHost environment: false
[16-Jun-2025 08:52:08 Europe/Berlin] Database connection successful to localhost/real_estate_leads
[16-Jun-2025 08:52:08 Europe/Berlin] Attempting database connection. DreamHost environment: false
[16-Jun-2025 08:52:08 Europe/Berlin] Database connection successful to localhost/real_estate_leads
[16-Jun-2025 08:52:08 Europe/Berlin] Attempting database connection. DreamHost environment: false
[16-Jun-2025 08:52:08 Europe/Berlin] Database connection successful to localhost/real_estate_leads
[16-Jun-2025 08:52:08 Europe/Berlin] getRecentNotifications - User ID: 15, Last Read: 2025-06-16 07:17:53
[16-Jun-2025 08:52:08 Europe/Berlin] Notification: Lead Update, Created: 2025-06-09 17:16:57 (1749482217), Last Read: 2025-06-16 07:17:53 (1750051073), Is Read: true
[16-Jun-2025 08:52:08 Europe/Berlin] Notification: Lead Update, Created: 2025-06-09 11:04:26 (1749459866), Last Read: 2025-06-16 07:17:53 (1750051073), Is Read: true
[16-Jun-2025 08:52:08 Europe/Berlin] Notification: Downpayment Tracker, Created: 2025-06-09 11:04:10 (1749459850), Last Read: 2025-06-16 07:17:53 (1750051073), Is Read: true
[16-Jun-2025 08:52:08 Europe/Berlin] Header loaded - Total notifications: 7, Unread count: 1
[16-Jun-2025 08:52:10 Europe/Berlin] Attempting database connection. DreamHost environment: false
[16-Jun-2025 08:52:10 Europe/Berlin] Database connection successful to localhost/real_estate_leads
[16-Jun-2025 08:52:10 Europe/Berlin] Database initialization error: Can't create table `real_estate_leads`.`projects` (errno: 150 "Foreign key constraint is incorrectly formed")
[16-Jun-2025 08:52:10 Europe/Berlin] Attempting database connection. DreamHost environment: false
[16-Jun-2025 08:52:10 Europe/Berlin] Database connection successful to localhost/real_estate_leads
[16-Jun-2025 08:52:10 Europe/Berlin] Attempting database connection. DreamHost environment: false
[16-Jun-2025 08:52:10 Europe/Berlin] Database connection successful to localhost/real_estate_leads
[16-Jun-2025 08:52:10 Europe/Berlin] Attempting database connection. DreamHost environment: false
[16-Jun-2025 08:52:10 Europe/Berlin] Database connection successful to localhost/real_estate_leads
[16-Jun-2025 08:52:10 Europe/Berlin] Attempting database connection. DreamHost environment: false
[16-Jun-2025 08:52:10 Europe/Berlin] Database connection successful to localhost/real_estate_leads
[16-Jun-2025 08:52:10 Europe/Berlin] Attempting database connection. DreamHost environment: false
[16-Jun-2025 08:52:10 Europe/Berlin] Database connection successful to localhost/real_estate_leads
[16-Jun-2025 08:52:10 Europe/Berlin] getRecentNotifications - User ID: 15, Last Read: 2025-06-16 07:17:53
[16-Jun-2025 08:52:11 Europe/Berlin] Notification: Lead Update, Created: 2025-06-09 17:16:57 (1749482217), Last Read: 2025-06-16 07:17:53 (1750051073), Is Read: true
[16-Jun-2025 08:52:11 Europe/Berlin] Notification: Lead Update, Created: 2025-06-09 11:04:26 (1749459866), Last Read: 2025-06-16 07:17:53 (1750051073), Is Read: true
[16-Jun-2025 08:52:11 Europe/Berlin] Notification: Downpayment Tracker, Created: 2025-06-09 11:04:10 (1749459850), Last Read: 2025-06-16 07:17:53 (1750051073), Is Read: true
[16-Jun-2025 08:52:11 Europe/Berlin] Header loaded - Total notifications: 7, Unread count: 1
[16-Jun-2025 08:52:14 Europe/Berlin] Attempting database connection. DreamHost environment: false
[16-Jun-2025 08:52:14 Europe/Berlin] Database connection successful to localhost/real_estate_leads
[16-Jun-2025 08:52:14 Europe/Berlin] Database initialization error: Can't create table `real_estate_leads`.`projects` (errno: 150 "Foreign key constraint is incorrectly formed")
[16-Jun-2025 08:52:14 Europe/Berlin] Attempting database connection. DreamHost environment: false
[16-Jun-2025 08:52:14 Europe/Berlin] Database connection successful to localhost/real_estate_leads
[16-Jun-2025 08:52:14 Europe/Berlin] Attempting database connection. DreamHost environment: false
[16-Jun-2025 08:52:14 Europe/Berlin] Database connection successful to localhost/real_estate_leads
[16-Jun-2025 08:52:14 Europe/Berlin] Attempting database connection. DreamHost environment: false
[16-Jun-2025 08:52:14 Europe/Berlin] Database connection successful to localhost/real_estate_leads
[16-Jun-2025 08:52:14 Europe/Berlin] getRecentNotifications - User ID: 15, Last Read: 2025-06-16 07:17:53
[16-Jun-2025 08:52:14 Europe/Berlin] Notification: Lead Update, Created: 2025-06-09 17:16:57 (1749482217), Last Read: 2025-06-16 07:17:53 (1750051073), Is Read: true
[16-Jun-2025 08:52:14 Europe/Berlin] Notification: Lead Update, Created: 2025-06-09 11:04:26 (1749459866), Last Read: 2025-06-16 07:17:53 (1750051073), Is Read: true
[16-Jun-2025 08:52:14 Europe/Berlin] Notification: Downpayment Tracker, Created: 2025-06-09 11:04:10 (1749459850), Last Read: 2025-06-16 07:17:53 (1750051073), Is Read: true
[16-Jun-2025 08:52:14 Europe/Berlin] Header loaded - Total notifications: 7, Unread count: 1
[16-Jun-2025 08:54:01 Europe/Berlin] Attempting database connection. DreamHost environment: false
[16-Jun-2025 08:54:01 Europe/Berlin] Database connection successful to localhost/real_estate_leads
[16-Jun-2025 08:54:01 Europe/Berlin] Database initialization error: Can't create table `real_estate_leads`.`projects` (errno: 150 "Foreign key constraint is incorrectly formed")
[16-Jun-2025 08:54:01 Europe/Berlin] Attempting database connection. DreamHost environment: false
[16-Jun-2025 08:54:01 Europe/Berlin] Database connection successful to localhost/real_estate_leads
[16-Jun-2025 08:54:01 Europe/Berlin] Attempting database connection. DreamHost environment: false
[16-Jun-2025 08:54:01 Europe/Berlin] Database connection successful to localhost/real_estate_leads
[16-Jun-2025 08:54:01 Europe/Berlin] Attempting database connection. DreamHost environment: false
[16-Jun-2025 08:54:01 Europe/Berlin] Database connection successful to localhost/real_estate_leads
[16-Jun-2025 08:54:01 Europe/Berlin] Attempting database connection. DreamHost environment: false
[16-Jun-2025 08:54:01 Europe/Berlin] Database connection successful to localhost/real_estate_leads
[16-Jun-2025 08:54:01 Europe/Berlin] Attempting database connection. DreamHost environment: false
[16-Jun-2025 08:54:01 Europe/Berlin] Database connection successful to localhost/real_estate_leads
[16-Jun-2025 08:54:01 Europe/Berlin] Attempting database connection. DreamHost environment: false
[16-Jun-2025 08:54:01 Europe/Berlin] Database connection successful to localhost/real_estate_leads
[16-Jun-2025 08:54:01 Europe/Berlin] Attempting database connection. DreamHost environment: false
[16-Jun-2025 08:54:01 Europe/Berlin] Database connection successful to localhost/real_estate_leads
[16-Jun-2025 08:54:01 Europe/Berlin] Attempting database connection. DreamHost environment: false
[16-Jun-2025 08:54:01 Europe/Berlin] Database connection successful to localhost/real_estate_leads
[16-Jun-2025 08:54:01 Europe/Berlin] getRecentNotifications - User ID: 15, Last Read: 2025-06-16 07:17:53
[16-Jun-2025 08:54:01 Europe/Berlin] Notification: Lead Update, Created: 2025-06-09 17:16:57 (1749482217), Last Read: 2025-06-16 07:17:53 (1750051073), Is Read: true
[16-Jun-2025 08:54:01 Europe/Berlin] Notification: Lead Update, Created: 2025-06-09 11:04:26 (1749459866), Last Read: 2025-06-16 07:17:53 (1750051073), Is Read: true
[16-Jun-2025 08:54:01 Europe/Berlin] Notification: Downpayment Tracker, Created: 2025-06-09 11:04:10 (1749459850), Last Read: 2025-06-16 07:17:53 (1750051073), Is Read: true
[16-Jun-2025 08:54:01 Europe/Berlin] Header loaded - Total notifications: 7, Unread count: 1
[16-Jun-2025 08:54:03 Europe/Berlin] Attempting database connection. DreamHost environment: false
[16-Jun-2025 08:54:03 Europe/Berlin] Database connection successful to localhost/real_estate_leads
[16-Jun-2025 08:54:03 Europe/Berlin] Database initialization error: Can't create table `real_estate_leads`.`projects` (errno: 150 "Foreign key constraint is incorrectly formed")
[16-Jun-2025 08:54:03 Europe/Berlin] Attempting database connection. DreamHost environment: false
[16-Jun-2025 08:54:03 Europe/Berlin] Database connection successful to localhost/real_estate_leads
[16-Jun-2025 08:54:03 Europe/Berlin] Attempting database connection. DreamHost environment: false
[16-Jun-2025 08:54:03 Europe/Berlin] Database connection successful to localhost/real_estate_leads
[16-Jun-2025 08:54:03 Europe/Berlin] Attempting database connection. DreamHost environment: false
[16-Jun-2025 08:54:03 Europe/Berlin] Database connection successful to localhost/real_estate_leads
[16-Jun-2025 08:54:03 Europe/Berlin] Attempting database connection. DreamHost environment: false
[16-Jun-2025 08:54:03 Europe/Berlin] Database connection successful to localhost/real_estate_leads
[16-Jun-2025 08:54:03 Europe/Berlin] Attempting database connection. DreamHost environment: false
[16-Jun-2025 08:54:03 Europe/Berlin] Database connection successful to localhost/real_estate_leads
[16-Jun-2025 08:54:03 Europe/Berlin] getRecentNotifications - User ID: 15, Last Read: 2025-06-16 07:17:53
[16-Jun-2025 08:54:03 Europe/Berlin] Notification: Lead Update, Created: 2025-06-09 17:16:57 (1749482217), Last Read: 2025-06-16 07:17:53 (1750051073), Is Read: true
[16-Jun-2025 08:54:03 Europe/Berlin] Notification: Lead Update, Created: 2025-06-09 11:04:26 (1749459866), Last Read: 2025-06-16 07:17:53 (1750051073), Is Read: true
[16-Jun-2025 08:54:03 Europe/Berlin] Notification: Downpayment Tracker, Created: 2025-06-09 11:04:10 (1749459850), Last Read: 2025-06-16 07:17:53 (1750051073), Is Read: true
[16-Jun-2025 08:54:03 Europe/Berlin] Header loaded - Total notifications: 7, Unread count: 1
[16-Jun-2025 09:46:45 Europe/Berlin] Attempting database connection. DreamHost environment: false
[16-Jun-2025 09:46:45 Europe/Berlin] Database connection successful to localhost/real_estate_leads
[16-Jun-2025 09:46:45 Europe/Berlin] Database initialization error: Can't create table `real_estate_leads`.`projects` (errno: 150 "Foreign key constraint is incorrectly formed")
[16-Jun-2025 09:46:55 Europe/Berlin] Attempting database connection. DreamHost environment: false
[16-Jun-2025 09:46:55 Europe/Berlin] Database connection successful to localhost/real_estate_leads
[16-Jun-2025 09:46:55 Europe/Berlin] Database initialization error: Can't create table `real_estate_leads`.`projects` (errno: 150 "Foreign key constraint is incorrectly formed")
[16-Jun-2025 09:46:55 Europe/Berlin] Attempting database connection. DreamHost environment: false
[16-Jun-2025 09:46:55 Europe/Berlin] Database connection successful to localhost/real_estate_leads
[16-Jun-2025 09:47:07 Europe/Berlin] Attempting database connection. DreamHost environment: false
[16-Jun-2025 09:47:07 Europe/Berlin] Database connection successful to localhost/real_estate_leads
[16-Jun-2025 09:47:07 Europe/Berlin] Database initialization error: Can't create table `real_estate_leads`.`projects` (errno: 150 "Foreign key constraint is incorrectly formed")
[16-Jun-2025 09:47:07 Europe/Berlin] Attempting database connection. DreamHost environment: false
[16-Jun-2025 09:47:07 Europe/Berlin] Database connection successful to localhost/real_estate_leads
[16-Jun-2025 09:49:22 Europe/Berlin] Attempting database connection. DreamHost environment: false
[16-Jun-2025 09:49:22 Europe/Berlin] Database connection successful to localhost/real_estate_leads
[16-Jun-2025 09:49:22 Europe/Berlin] Database initialization error: Can't create table `real_estate_leads`.`projects` (errno: 150 "Foreign key constraint is incorrectly formed")
[16-Jun-2025 09:49:22 Europe/Berlin] Attempting database connection. DreamHost environment: false
[16-Jun-2025 09:49:22 Europe/Berlin] Database connection successful to localhost/real_estate_leads
[16-Jun-2025 09:49:22 Europe/Berlin] Attempting database connection. DreamHost environment: false
[16-Jun-2025 09:49:22 Europe/Berlin] Database connection successful to localhost/real_estate_leads
[16-Jun-2025 09:49:22 Europe/Berlin] Database initialization error: Can't create table `real_estate_leads`.`projects` (errno: 150 "Foreign key constraint is incorrectly formed")
[16-Jun-2025 09:49:22 Europe/Berlin] Attempting database connection. DreamHost environment: false
[16-Jun-2025 09:49:22 Europe/Berlin] Database connection successful to localhost/real_estate_leads
[16-Jun-2025 09:49:22 Europe/Berlin] Attempting database connection. DreamHost environment: false
[16-Jun-2025 09:49:22 Europe/Berlin] Database connection successful to localhost/real_estate_leads
[16-Jun-2025 09:49:22 Europe/Berlin] Attempting database connection. DreamHost environment: false
[16-Jun-2025 09:49:22 Europe/Berlin] Database connection successful to localhost/real_estate_leads
[16-Jun-2025 09:49:22 Europe/Berlin] getRecentNotifications - User ID: 8, Last Read: NULL
[16-Jun-2025 09:49:22 Europe/Berlin] No last_read timestamp, marking as unread: Lead Update
[16-Jun-2025 09:49:22 Europe/Berlin] No last_read timestamp, marking as unread: Lead Update
[16-Jun-2025 09:49:22 Europe/Berlin] Header loaded - Total notifications: 5, Unread count: 3
[16-Jun-2025 09:49:24 Europe/Berlin] Attempting database connection. DreamHost environment: false
[16-Jun-2025 09:49:24 Europe/Berlin] Database connection successful to localhost/real_estate_leads
[16-Jun-2025 09:49:24 Europe/Berlin] Database initialization error: Can't create table `real_estate_leads`.`projects` (errno: 150 "Foreign key constraint is incorrectly formed")
[16-Jun-2025 09:49:24 Europe/Berlin] [ADD-LEAD DEBUG] 2025-06-16 09:49:24 - Required files loaded successfully
[16-Jun-2025 09:49:24 Europe/Berlin] [ADD-LEAD DEBUG] 2025-06-16 09:49:24 - Processing request for user ID: 8
[16-Jun-2025 09:49:24 Europe/Berlin] Attempting database connection. DreamHost environment: false
[16-Jun-2025 09:49:24 Europe/Berlin] Database connection successful to localhost/real_estate_leads
[16-Jun-2025 09:49:24 Europe/Berlin] [ADD-LEAD DEBUG] 2025-06-16 09:49:24 - User found: Charlene Dellosa
[16-Jun-2025 09:49:24 Europe/Berlin] [ADD-LEAD DEBUG] 2025-06-16 09:49:24 - Loading dropdown data
[16-Jun-2025 09:49:24 Europe/Berlin] [ADD-LEAD DEBUG] 2025-06-16 09:49:24 - Getting developers
[16-Jun-2025 09:49:24 Europe/Berlin] Attempting database connection. DreamHost environment: false
[16-Jun-2025 09:49:24 Europe/Berlin] Database connection successful to localhost/real_estate_leads
[16-Jun-2025 09:49:24 Europe/Berlin] [ADD-LEAD DEBUG] 2025-06-16 09:49:24 - Got 11 developers from getDevelopers()
[16-Jun-2025 09:49:24 Europe/Berlin] [ADD-LEAD DEBUG] 2025-06-16 09:49:24 - Loaded 11 developers
[16-Jun-2025 09:49:24 Europe/Berlin] [ADD-LEAD DEBUG] 2025-06-16 09:49:24 - Getting project models
[16-Jun-2025 09:49:24 Europe/Berlin] Attempting database connection. DreamHost environment: false
[16-Jun-2025 09:49:24 Europe/Berlin] Database connection successful to localhost/real_estate_leads
[16-Jun-2025 09:49:24 Europe/Berlin] [ADD-LEAD DEBUG] 2025-06-16 09:49:24 - Got 17 project models from getProjectModels()
[16-Jun-2025 09:49:24 Europe/Berlin] [ADD-LEAD DEBUG] 2025-06-16 09:49:24 - Loaded 17 project models
[16-Jun-2025 09:49:24 Europe/Berlin] [ADD-LEAD DEBUG] 2025-06-16 09:49:24 - Getting lead sources
[16-Jun-2025 09:49:24 Europe/Berlin] Attempting database connection. DreamHost environment: false
[16-Jun-2025 09:49:24 Europe/Berlin] Database connection successful to localhost/real_estate_leads
[16-Jun-2025 09:49:24 Europe/Berlin] [ADD-LEAD DEBUG] 2025-06-16 09:49:24 - Using default lead sources
[16-Jun-2025 09:49:24 Europe/Berlin] [ADD-LEAD DEBUG] 2025-06-16 09:49:24 - Loaded 23 lead sources
[16-Jun-2025 09:49:24 Europe/Berlin] [ADD-LEAD DEBUG] 2025-06-16 09:49:24 - Page rendering started
[16-Jun-2025 09:49:24 Europe/Berlin] Attempting database connection. DreamHost environment: false
[16-Jun-2025 09:49:24 Europe/Berlin] Database connection successful to localhost/real_estate_leads
[16-Jun-2025 09:49:24 Europe/Berlin] getRecentNotifications - User ID: 8, Last Read: NULL
[16-Jun-2025 09:49:24 Europe/Berlin] No last_read timestamp, marking as unread: Lead Update
[16-Jun-2025 09:49:24 Europe/Berlin] No last_read timestamp, marking as unread: Lead Update
[16-Jun-2025 09:49:24 Europe/Berlin] Header loaded - Total notifications: 5, Unread count: 3
[16-Jun-2025 09:49:55 Europe/Berlin] Attempting database connection. DreamHost environment: false
[16-Jun-2025 09:49:55 Europe/Berlin] Database connection successful to localhost/real_estate_leads
[16-Jun-2025 09:49:56 Europe/Berlin] Database initialization error: Can't create table `real_estate_leads`.`projects` (errno: 150 "Foreign key constraint is incorrectly formed")
[16-Jun-2025 09:49:56 Europe/Berlin] [ADD-LEAD DEBUG] 2025-06-16 09:49:56 - Required files loaded successfully
[16-Jun-2025 09:49:56 Europe/Berlin] [ADD-LEAD DEBUG] 2025-06-16 09:49:56 - Processing request for user ID: 8
[16-Jun-2025 09:49:56 Europe/Berlin] Attempting database connection. DreamHost environment: false
[16-Jun-2025 09:49:56 Europe/Berlin] Database connection successful to localhost/real_estate_leads
[16-Jun-2025 09:49:56 Europe/Berlin] [ADD-LEAD DEBUG] 2025-06-16 09:49:56 - User found: Charlene Dellosa
[16-Jun-2025 09:49:56 Europe/Berlin] [ADD-LEAD DEBUG] 2025-06-16 09:49:56 - Loading dropdown data
[16-Jun-2025 09:49:56 Europe/Berlin] [ADD-LEAD DEBUG] 2025-06-16 09:49:56 - Getting developers
[16-Jun-2025 09:49:56 Europe/Berlin] Attempting database connection. DreamHost environment: false
[16-Jun-2025 09:49:56 Europe/Berlin] Database connection successful to localhost/real_estate_leads
[16-Jun-2025 09:49:56 Europe/Berlin] [ADD-LEAD DEBUG] 2025-06-16 09:49:56 - Got 11 developers from getDevelopers()
[16-Jun-2025 09:49:56 Europe/Berlin] [ADD-LEAD DEBUG] 2025-06-16 09:49:56 - Loaded 11 developers
[16-Jun-2025 09:49:56 Europe/Berlin] [ADD-LEAD DEBUG] 2025-06-16 09:49:56 - Getting project models
[16-Jun-2025 09:49:56 Europe/Berlin] Attempting database connection. DreamHost environment: false
[16-Jun-2025 09:49:56 Europe/Berlin] Database connection successful to localhost/real_estate_leads
[16-Jun-2025 09:49:56 Europe/Berlin] [ADD-LEAD DEBUG] 2025-06-16 09:49:56 - Got 17 project models from getProjectModels()
[16-Jun-2025 09:49:56 Europe/Berlin] [ADD-LEAD DEBUG] 2025-06-16 09:49:56 - Loaded 17 project models
[16-Jun-2025 09:49:56 Europe/Berlin] [ADD-LEAD DEBUG] 2025-06-16 09:49:56 - Getting lead sources
[16-Jun-2025 09:49:56 Europe/Berlin] Attempting database connection. DreamHost environment: false
[16-Jun-2025 09:49:56 Europe/Berlin] Database connection successful to localhost/real_estate_leads
[16-Jun-2025 09:49:56 Europe/Berlin] [ADD-LEAD DEBUG] 2025-06-16 09:49:56 - Using default lead sources
[16-Jun-2025 09:49:56 Europe/Berlin] [ADD-LEAD DEBUG] 2025-06-16 09:49:56 - Loaded 23 lead sources
[16-Jun-2025 09:49:56 Europe/Berlin] [ADD-LEAD DEBUG] 2025-06-16 09:49:56 - Processing form submission
[16-Jun-2025 09:49:56 Europe/Berlin] [ADD-LEAD DEBUG] 2025-06-16 09:49:56 - Form data collected - Client: 'Leonard Pistano', Phone: '09238382832', Email: 'maskdj@gmail.com'
[16-Jun-2025 09:49:56 Europe/Berlin] [ADD-LEAD DEBUG] 2025-06-16 09:49:56 - Project data - Developer: 'Minami Residence', Model: 'Hana'
[16-Jun-2025 09:49:56 Europe/Berlin] [ADD-LEAD DEBUG] 2025-06-16 09:49:56 - Price converted from '3000000' to 3000000
[16-Jun-2025 09:49:56 Europe/Berlin] [ADD-LEAD DEBUG] 2025-06-16 09:49:56 - Validation passed, attempting to add lead
[16-Jun-2025 09:49:56 Europe/Berlin] Attempting database connection. DreamHost environment: false
[16-Jun-2025 09:49:56 Europe/Berlin] Database connection successful to localhost/real_estate_leads
[16-Jun-2025 09:49:56 Europe/Berlin] [ADD-LEAD DEBUG] 2025-06-16 09:49:56 - Lead added successfully with result: true
[16-Jun-2025 09:49:56 Europe/Berlin] [ADD-LEAD DEBUG] 2025-06-16 09:49:56 - Page rendering started
[16-Jun-2025 09:49:56 Europe/Berlin] Attempting database connection. DreamHost environment: false
[16-Jun-2025 09:49:56 Europe/Berlin] Database connection successful to localhost/real_estate_leads
[16-Jun-2025 09:49:56 Europe/Berlin] getRecentNotifications - User ID: 8, Last Read: NULL
[16-Jun-2025 09:49:56 Europe/Berlin] No last_read timestamp, marking as unread: Lead Update
[16-Jun-2025 09:49:56 Europe/Berlin] No last_read timestamp, marking as unread: Lead Update
[16-Jun-2025 09:49:56 Europe/Berlin] Header loaded - Total notifications: 5, Unread count: 3
[16-Jun-2025 09:49:58 Europe/Berlin] Attempting database connection. DreamHost environment: false
[16-Jun-2025 09:49:58 Europe/Berlin] Database connection successful to localhost/real_estate_leads
[16-Jun-2025 09:49:58 Europe/Berlin] Database initialization error: Can't create table `real_estate_leads`.`projects` (errno: 150 "Foreign key constraint is incorrectly formed")
[16-Jun-2025 09:49:58 Europe/Berlin] Attempting database connection. DreamHost environment: false
[16-Jun-2025 09:49:58 Europe/Berlin] Database connection successful to localhost/real_estate_leads
[16-Jun-2025 09:49:58 Europe/Berlin] Attempting database connection. DreamHost environment: false
[16-Jun-2025 09:49:58 Europe/Berlin] Database connection successful to localhost/real_estate_leads
[16-Jun-2025 09:49:58 Europe/Berlin] Attempting database connection. DreamHost environment: false
[16-Jun-2025 09:49:58 Europe/Berlin] Database connection successful to localhost/real_estate_leads
[16-Jun-2025 09:49:58 Europe/Berlin] Attempting database connection. DreamHost environment: false
[16-Jun-2025 09:49:58 Europe/Berlin] Database connection successful to localhost/real_estate_leads
[16-Jun-2025 09:49:58 Europe/Berlin] Attempting database connection. DreamHost environment: false
[16-Jun-2025 09:49:58 Europe/Berlin] Database connection successful to localhost/real_estate_leads
[16-Jun-2025 09:49:58 Europe/Berlin] Attempting database connection. DreamHost environment: false
[16-Jun-2025 09:49:58 Europe/Berlin] Database connection successful to localhost/real_estate_leads
[16-Jun-2025 09:49:58 Europe/Berlin] Attempting database connection. DreamHost environment: false
[16-Jun-2025 09:49:58 Europe/Berlin] Database connection successful to localhost/real_estate_leads
[16-Jun-2025 09:49:58 Europe/Berlin] Attempting database connection. DreamHost environment: false
[16-Jun-2025 09:49:58 Europe/Berlin] Database connection successful to localhost/real_estate_leads
[16-Jun-2025 09:49:58 Europe/Berlin] getRecentNotifications - User ID: 8, Last Read: NULL
[16-Jun-2025 09:49:58 Europe/Berlin] No last_read timestamp, marking as unread: Lead Update
[16-Jun-2025 09:49:58 Europe/Berlin] No last_read timestamp, marking as unread: Lead Update
[16-Jun-2025 09:49:58 Europe/Berlin] Header loaded - Total notifications: 5, Unread count: 3
[16-Jun-2025 09:53:26 Europe/Berlin] Attempting database connection. DreamHost environment: false
[16-Jun-2025 09:53:26 Europe/Berlin] Database connection successful to localhost/real_estate_leads
[16-Jun-2025 09:53:26 Europe/Berlin] Database initialization error: Can't create table `real_estate_leads`.`projects` (errno: 150 "Foreign key constraint is incorrectly formed")
[16-Jun-2025 09:53:26 Europe/Berlin] Attempting database connection. DreamHost environment: false
[16-Jun-2025 09:53:26 Europe/Berlin] Database connection successful to localhost/real_estate_leads
[16-Jun-2025 09:53:26 Europe/Berlin] Attempting database connection. DreamHost environment: false
[16-Jun-2025 09:53:26 Europe/Berlin] Database connection successful to localhost/real_estate_leads
[16-Jun-2025 09:53:26 Europe/Berlin] Attempting database connection. DreamHost environment: false
[16-Jun-2025 09:53:26 Europe/Berlin] Database connection successful to localhost/real_estate_leads
[16-Jun-2025 09:53:26 Europe/Berlin] getRecentNotifications - User ID: 8, Last Read: NULL
[16-Jun-2025 09:53:26 Europe/Berlin] No last_read timestamp, marking as unread: Lead Update
[16-Jun-2025 09:53:26 Europe/Berlin] No last_read timestamp, marking as unread: Lead Update
[16-Jun-2025 09:53:26 Europe/Berlin] Header loaded - Total notifications: 5, Unread count: 3
[16-Jun-2025 09:53:58 Europe/Berlin] Attempting database connection. DreamHost environment: false
[16-Jun-2025 09:53:58 Europe/Berlin] Database connection successful to localhost/real_estate_leads
[16-Jun-2025 09:53:58 Europe/Berlin] Database initialization error: Can't create table `real_estate_leads`.`projects` (errno: 150 "Foreign key constraint is incorrectly formed")
[16-Jun-2025 09:53:58 Europe/Berlin] Attempting database connection. DreamHost environment: false
[16-Jun-2025 09:53:58 Europe/Berlin] Database connection successful to localhost/real_estate_leads
[16-Jun-2025 09:53:58 Europe/Berlin] Attempting database connection. DreamHost environment: false
[16-Jun-2025 09:53:58 Europe/Berlin] Database connection successful to localhost/real_estate_leads
[16-Jun-2025 09:53:58 Europe/Berlin] Attempting database connection. DreamHost environment: false
[16-Jun-2025 09:53:58 Europe/Berlin] Database connection successful to localhost/real_estate_leads
[16-Jun-2025 09:53:58 Europe/Berlin] getRecentNotifications - User ID: 8, Last Read: NULL
[16-Jun-2025 09:53:58 Europe/Berlin] No last_read timestamp, marking as unread: Lead Update
[16-Jun-2025 09:53:58 Europe/Berlin] No last_read timestamp, marking as unread: Lead Update
[16-Jun-2025 09:53:58 Europe/Berlin] Header loaded - Total notifications: 5, Unread count: 3
[16-Jun-2025 09:54:05 Europe/Berlin] Attempting database connection. DreamHost environment: false
[16-Jun-2025 09:54:05 Europe/Berlin] Database connection successful to localhost/real_estate_leads
[16-Jun-2025 09:54:05 Europe/Berlin] Database initialization error: Can't create table `real_estate_leads`.`projects` (errno: 150 "Foreign key constraint is incorrectly formed")
[16-Jun-2025 09:54:05 Europe/Berlin] Attempting database connection. DreamHost environment: false
[16-Jun-2025 09:54:05 Europe/Berlin] Database connection successful to localhost/real_estate_leads
[16-Jun-2025 09:54:05 Europe/Berlin] Attempting database connection. DreamHost environment: false
[16-Jun-2025 09:54:05 Europe/Berlin] Database connection successful to localhost/real_estate_leads
[16-Jun-2025 09:54:05 Europe/Berlin] Attempting database connection. DreamHost environment: false
[16-Jun-2025 09:54:05 Europe/Berlin] Database connection successful to localhost/real_estate_leads
[16-Jun-2025 09:54:05 Europe/Berlin] getRecentNotifications - User ID: 8, Last Read: NULL
[16-Jun-2025 09:54:05 Europe/Berlin] No last_read timestamp, marking as unread: Lead Update
[16-Jun-2025 09:54:05 Europe/Berlin] No last_read timestamp, marking as unread: Lead Update
[16-Jun-2025 09:54:05 Europe/Berlin] Header loaded - Total notifications: 5, Unread count: 3
[16-Jun-2025 09:54:13 Europe/Berlin] Attempting database connection. DreamHost environment: false
[16-Jun-2025 09:54:13 Europe/Berlin] Database connection successful to localhost/real_estate_leads
[16-Jun-2025 09:54:13 Europe/Berlin] Database initialization error: Can't create table `real_estate_leads`.`projects` (errno: 150 "Foreign key constraint is incorrectly formed")
[16-Jun-2025 09:54:13 Europe/Berlin] Attempting database connection. DreamHost environment: false
[16-Jun-2025 09:54:13 Europe/Berlin] Database connection successful to localhost/real_estate_leads
[16-Jun-2025 09:54:13 Europe/Berlin] Attempting database connection. DreamHost environment: false
[16-Jun-2025 09:54:13 Europe/Berlin] Database connection successful to localhost/real_estate_leads
[16-Jun-2025 09:54:13 Europe/Berlin] Attempting database connection. DreamHost environment: false
[16-Jun-2025 09:54:13 Europe/Berlin] Database connection successful to localhost/real_estate_leads
[16-Jun-2025 09:54:13 Europe/Berlin] getRecentNotifications - User ID: 8, Last Read: NULL
[16-Jun-2025 09:54:13 Europe/Berlin] No last_read timestamp, marking as unread: Lead Update
[16-Jun-2025 09:54:13 Europe/Berlin] No last_read timestamp, marking as unread: Lead Update
[16-Jun-2025 09:54:13 Europe/Berlin] Header loaded - Total notifications: 5, Unread count: 3
[16-Jun-2025 09:55:33 Europe/Berlin] Attempting database connection. DreamHost environment: false
[16-Jun-2025 09:55:33 Europe/Berlin] Database connection successful to localhost/real_estate_leads
[16-Jun-2025 09:55:33 Europe/Berlin] Database initialization error: Can't create table `real_estate_leads`.`projects` (errno: 150 "Foreign key constraint is incorrectly formed")
[16-Jun-2025 09:55:33 Europe/Berlin] Attempting database connection. DreamHost environment: false
[16-Jun-2025 09:55:33 Europe/Berlin] Database connection successful to localhost/real_estate_leads
[16-Jun-2025 09:55:33 Europe/Berlin] Attempting database connection. DreamHost environment: false
[16-Jun-2025 09:55:33 Europe/Berlin] Database connection successful to localhost/real_estate_leads
[16-Jun-2025 09:55:33 Europe/Berlin] Attempting database connection. DreamHost environment: false
[16-Jun-2025 09:55:33 Europe/Berlin] Database connection successful to localhost/real_estate_leads
[16-Jun-2025 09:55:33 Europe/Berlin] getRecentNotifications - User ID: 8, Last Read: NULL
[16-Jun-2025 09:55:33 Europe/Berlin] No last_read timestamp, marking as unread: Lead Update
[16-Jun-2025 09:55:33 Europe/Berlin] No last_read timestamp, marking as unread: Lead Update
[16-Jun-2025 09:55:33 Europe/Berlin] Header loaded - Total notifications: 5, Unread count: 3
[16-Jun-2025 09:57:16 Europe/Berlin] Attempting database connection. DreamHost environment: false
[16-Jun-2025 09:57:16 Europe/Berlin] Database connection successful to localhost/real_estate_leads
[16-Jun-2025 09:57:16 Europe/Berlin] Database initialization error: Can't create table `real_estate_leads`.`projects` (errno: 150 "Foreign key constraint is incorrectly formed")
[16-Jun-2025 09:57:16 Europe/Berlin] Attempting database connection. DreamHost environment: false
[16-Jun-2025 09:57:16 Europe/Berlin] Database connection successful to localhost/real_estate_leads
[16-Jun-2025 09:58:04 Europe/Berlin] Attempting database connection. DreamHost environment: false
[16-Jun-2025 09:58:04 Europe/Berlin] Database connection successful to localhost/real_estate_leads
[16-Jun-2025 09:58:04 Europe/Berlin] Database initialization error: Can't create table `real_estate_leads`.`projects` (errno: 150 "Foreign key constraint is incorrectly formed")
[16-Jun-2025 09:58:04 Europe/Berlin] Attempting database connection. DreamHost environment: false
[16-Jun-2025 09:58:04 Europe/Berlin] Database connection successful to localhost/real_estate_leads
[16-Jun-2025 09:58:04 Europe/Berlin] Attempting database connection. DreamHost environment: false
[16-Jun-2025 09:58:04 Europe/Berlin] Database connection successful to localhost/real_estate_leads
[16-Jun-2025 09:58:04 Europe/Berlin] Attempting database connection. DreamHost environment: false
[16-Jun-2025 09:58:04 Europe/Berlin] Database connection successful to localhost/real_estate_leads
[16-Jun-2025 09:58:04 Europe/Berlin] getRecentNotifications - User ID: 8, Last Read: NULL
[16-Jun-2025 09:58:04 Europe/Berlin] No last_read timestamp, marking as unread: Lead Update
[16-Jun-2025 09:58:04 Europe/Berlin] No last_read timestamp, marking as unread: Lead Update
[16-Jun-2025 09:58:04 Europe/Berlin] Header loaded - Total notifications: 5, Unread count: 3
[16-Jun-2025 09:59:22 Europe/Berlin] Attempting database connection. DreamHost environment: false
[16-Jun-2025 09:59:22 Europe/Berlin] Database connection successful to localhost/real_estate_leads
[16-Jun-2025 09:59:22 Europe/Berlin] Database initialization error: Can't create table `real_estate_leads`.`projects` (errno: 150 "Foreign key constraint is incorrectly formed")
[16-Jun-2025 09:59:22 Europe/Berlin] Attempting database connection. DreamHost environment: false
[16-Jun-2025 09:59:22 Europe/Berlin] Database connection successful to localhost/real_estate_leads
[16-Jun-2025 09:59:22 Europe/Berlin] Attempting database connection. DreamHost environment: false
[16-Jun-2025 09:59:22 Europe/Berlin] Database connection successful to localhost/real_estate_leads
[16-Jun-2025 09:59:22 Europe/Berlin] Attempting database connection. DreamHost environment: false
[16-Jun-2025 09:59:22 Europe/Berlin] Database connection successful to localhost/real_estate_leads
[16-Jun-2025 09:59:22 Europe/Berlin] Attempting database connection. DreamHost environment: false
[16-Jun-2025 09:59:22 Europe/Berlin] Database connection successful to localhost/real_estate_leads
[16-Jun-2025 09:59:22 Europe/Berlin] Attempting database connection. DreamHost environment: false
[16-Jun-2025 09:59:22 Europe/Berlin] Database connection successful to localhost/real_estate_leads
[16-Jun-2025 09:59:22 Europe/Berlin] Attempting database connection. DreamHost environment: false
[16-Jun-2025 09:59:22 Europe/Berlin] Database connection successful to localhost/real_estate_leads
[16-Jun-2025 09:59:22 Europe/Berlin] Attempting database connection. DreamHost environment: false
[16-Jun-2025 09:59:22 Europe/Berlin] Database connection successful to localhost/real_estate_leads
[16-Jun-2025 09:59:22 Europe/Berlin] Attempting database connection. DreamHost environment: false
[16-Jun-2025 09:59:22 Europe/Berlin] Database connection successful to localhost/real_estate_leads
[16-Jun-2025 09:59:22 Europe/Berlin] getRecentNotifications - User ID: 8, Last Read: NULL
[16-Jun-2025 09:59:22 Europe/Berlin] No last_read timestamp, marking as unread: Lead Update
[16-Jun-2025 09:59:22 Europe/Berlin] No last_read timestamp, marking as unread: Lead Update
[16-Jun-2025 09:59:22 Europe/Berlin] Header loaded - Total notifications: 5, Unread count: 3
[16-Jun-2025 09:59:29 Europe/Berlin] Attempting database connection. DreamHost environment: false
[16-Jun-2025 09:59:29 Europe/Berlin] Database connection successful to localhost/real_estate_leads
[16-Jun-2025 09:59:29 Europe/Berlin] Database initialization error: Can't create table `real_estate_leads`.`projects` (errno: 150 "Foreign key constraint is incorrectly formed")
[16-Jun-2025 09:59:29 Europe/Berlin] Attempting database connection. DreamHost environment: false
[16-Jun-2025 09:59:29 Europe/Berlin] Database connection successful to localhost/real_estate_leads
[16-Jun-2025 09:59:29 Europe/Berlin] Attempting database connection. DreamHost environment: false
[16-Jun-2025 09:59:29 Europe/Berlin] Database connection successful to localhost/real_estate_leads
[16-Jun-2025 09:59:29 Europe/Berlin] Attempting database connection. DreamHost environment: false
[16-Jun-2025 09:59:29 Europe/Berlin] Database connection successful to localhost/real_estate_leads
[16-Jun-2025 09:59:29 Europe/Berlin] Attempting database connection. DreamHost environment: false
[16-Jun-2025 09:59:29 Europe/Berlin] Database connection successful to localhost/real_estate_leads
[16-Jun-2025 09:59:29 Europe/Berlin] Attempting database connection. DreamHost environment: false
[16-Jun-2025 09:59:29 Europe/Berlin] Database connection successful to localhost/real_estate_leads
[16-Jun-2025 09:59:29 Europe/Berlin] Attempting database connection. DreamHost environment: false
[16-Jun-2025 09:59:29 Europe/Berlin] Database connection successful to localhost/real_estate_leads
[16-Jun-2025 09:59:29 Europe/Berlin] getRecentNotifications - User ID: 8, Last Read: NULL
[16-Jun-2025 09:59:29 Europe/Berlin] No last_read timestamp, marking as unread: Lead Update
[16-Jun-2025 09:59:29 Europe/Berlin] No last_read timestamp, marking as unread: Lead Update
[16-Jun-2025 09:59:29 Europe/Berlin] Header loaded - Total notifications: 5, Unread count: 3
[16-Jun-2025 09:59:37 Europe/Berlin] Attempting database connection. DreamHost environment: false
[16-Jun-2025 09:59:37 Europe/Berlin] Database connection successful to localhost/real_estate_leads
[16-Jun-2025 09:59:37 Europe/Berlin] Database initialization error: Can't create table `real_estate_leads`.`projects` (errno: 150 "Foreign key constraint is incorrectly formed")
[16-Jun-2025 09:59:37 Europe/Berlin] Attempting database connection. DreamHost environment: false
[16-Jun-2025 09:59:37 Europe/Berlin] Database connection successful to localhost/real_estate_leads
[16-Jun-2025 09:59:37 Europe/Berlin] Attempting database connection. DreamHost environment: false
[16-Jun-2025 09:59:37 Europe/Berlin] Database connection successful to localhost/real_estate_leads
[16-Jun-2025 09:59:37 Europe/Berlin] Attempting database connection. DreamHost environment: false
[16-Jun-2025 09:59:37 Europe/Berlin] Database connection successful to localhost/real_estate_leads
[16-Jun-2025 09:59:37 Europe/Berlin] Attempting database connection. DreamHost environment: false
[16-Jun-2025 09:59:37 Europe/Berlin] Database connection successful to localhost/real_estate_leads
[16-Jun-2025 09:59:37 Europe/Berlin] Attempting database connection. DreamHost environment: false
[16-Jun-2025 09:59:37 Europe/Berlin] Database connection successful to localhost/real_estate_leads
[16-Jun-2025 09:59:37 Europe/Berlin] Attempting database connection. DreamHost environment: false
[16-Jun-2025 09:59:37 Europe/Berlin] Database connection successful to localhost/real_estate_leads
[16-Jun-2025 09:59:37 Europe/Berlin] Attempting database connection. DreamHost environment: false
[16-Jun-2025 09:59:37 Europe/Berlin] Database connection successful to localhost/real_estate_leads
[16-Jun-2025 09:59:37 Europe/Berlin] Database initialization error: Can't create table `real_estate_leads`.`projects` (errno: 150 "Foreign key constraint is incorrectly formed")
[16-Jun-2025 09:59:37 Europe/Berlin] Attempting database connection. DreamHost environment: false
[16-Jun-2025 09:59:37 Europe/Berlin] Database connection successful to localhost/real_estate_leads
[16-Jun-2025 09:59:37 Europe/Berlin] Attempting database connection. DreamHost environment: false
[16-Jun-2025 09:59:37 Europe/Berlin] Database connection successful to localhost/real_estate_leads
[16-Jun-2025 09:59:38 Europe/Berlin] Attempting database connection. DreamHost environment: false
[16-Jun-2025 09:59:38 Europe/Berlin] Database connection successful to localhost/real_estate_leads
[16-Jun-2025 09:59:38 Europe/Berlin] Attempting database connection. DreamHost environment: false
[16-Jun-2025 09:59:38 Europe/Berlin] Database connection successful to localhost/real_estate_leads
[16-Jun-2025 09:59:38 Europe/Berlin] Attempting database connection. DreamHost environment: false
[16-Jun-2025 09:59:38 Europe/Berlin] Database connection successful to localhost/real_estate_leads
[16-Jun-2025 09:59:38 Europe/Berlin] getRecentNotifications - User ID: 8, Last Read: NULL
[16-Jun-2025 09:59:38 Europe/Berlin] No last_read timestamp, marking as unread: Lead Update
[16-Jun-2025 09:59:38 Europe/Berlin] No last_read timestamp, marking as unread: Lead Update
[16-Jun-2025 09:59:38 Europe/Berlin] No last_read timestamp, marking as unread: Lead Update
[16-Jun-2025 09:59:38 Europe/Berlin] Header loaded - Total notifications: 6, Unread count: 4
[16-Jun-2025 09:59:49 Europe/Berlin] Attempting database connection. DreamHost environment: false
[16-Jun-2025 09:59:49 Europe/Berlin] Database connection successful to localhost/real_estate_leads
[16-Jun-2025 09:59:49 Europe/Berlin] Database initialization error: Can't create table `real_estate_leads`.`projects` (errno: 150 "Foreign key constraint is incorrectly formed")
[16-Jun-2025 09:59:49 Europe/Berlin] Attempting database connection. DreamHost environment: false
[16-Jun-2025 09:59:49 Europe/Berlin] Database connection successful to localhost/real_estate_leads
[16-Jun-2025 09:59:49 Europe/Berlin] Attempting database connection. DreamHost environment: false
[16-Jun-2025 09:59:49 Europe/Berlin] Database connection successful to localhost/real_estate_leads
[16-Jun-2025 09:59:49 Europe/Berlin] Attempting database connection. DreamHost environment: false
[16-Jun-2025 09:59:49 Europe/Berlin] Database connection successful to localhost/real_estate_leads
[16-Jun-2025 09:59:49 Europe/Berlin] getRecentNotifications - User ID: 8, Last Read: NULL
[16-Jun-2025 09:59:49 Europe/Berlin] No last_read timestamp, marking as unread: Lead Update
[16-Jun-2025 09:59:49 Europe/Berlin] No last_read timestamp, marking as unread: Lead Update
[16-Jun-2025 09:59:49 Europe/Berlin] No last_read timestamp, marking as unread: Lead Update
[16-Jun-2025 09:59:49 Europe/Berlin] Header loaded - Total notifications: 6, Unread count: 4
[16-Jun-2025 10:00:03 Europe/Berlin] Attempting database connection. DreamHost environment: false
[16-Jun-2025 10:00:03 Europe/Berlin] Database connection successful to localhost/real_estate_leads
[16-Jun-2025 10:00:03 Europe/Berlin] Database initialization error: Can't create table `real_estate_leads`.`projects` (errno: 150 "Foreign key constraint is incorrectly formed")
[16-Jun-2025 10:00:03 Europe/Berlin] Attempting database connection. DreamHost environment: false
[16-Jun-2025 10:00:03 Europe/Berlin] Database connection successful to localhost/real_estate_leads
[16-Jun-2025 10:01:36 Europe/Berlin] Attempting database connection. DreamHost environment: false
[16-Jun-2025 10:01:36 Europe/Berlin] Database connection successful to localhost/real_estate_leads
[16-Jun-2025 10:01:36 Europe/Berlin] Database initialization error: Can't create table `real_estate_leads`.`projects` (errno: 150 "Foreign key constraint is incorrectly formed")
[16-Jun-2025 10:01:36 Europe/Berlin] Attempting database connection. DreamHost environment: false
[16-Jun-2025 10:01:36 Europe/Berlin] Database connection successful to localhost/real_estate_leads
[16-Jun-2025 10:01:36 Europe/Berlin] Attempting database connection. DreamHost environment: false
[16-Jun-2025 10:01:36 Europe/Berlin] Database connection successful to localhost/real_estate_leads
[16-Jun-2025 10:01:36 Europe/Berlin] Attempting database connection. DreamHost environment: false
[16-Jun-2025 10:01:36 Europe/Berlin] Database connection successful to localhost/real_estate_leads
[16-Jun-2025 10:01:36 Europe/Berlin] Attempting database connection. DreamHost environment: false
[16-Jun-2025 10:01:36 Europe/Berlin] Database connection successful to localhost/real_estate_leads
[16-Jun-2025 10:01:36 Europe/Berlin] Database initialization error: Can't create table `real_estate_leads`.`projects` (errno: 150 "Foreign key constraint is incorrectly formed")
[16-Jun-2025 10:01:36 Europe/Berlin] Attempting database connection. DreamHost environment: false
[16-Jun-2025 10:01:36 Europe/Berlin] Database connection successful to localhost/real_estate_leads
[16-Jun-2025 10:01:36 Europe/Berlin] Attempting database connection. DreamHost environment: false
[16-Jun-2025 10:01:36 Europe/Berlin] Database connection successful to localhost/real_estate_leads
[16-Jun-2025 10:01:36 Europe/Berlin] Attempting database connection. DreamHost environment: false
[16-Jun-2025 10:01:36 Europe/Berlin] Database connection successful to localhost/real_estate_leads
[16-Jun-2025 10:01:36 Europe/Berlin] getRecentNotifications - User ID: 8, Last Read: NULL
[16-Jun-2025 10:01:36 Europe/Berlin] No last_read timestamp, marking as unread: Downpayment Tracker
[16-Jun-2025 10:01:36 Europe/Berlin] No last_read timestamp, marking as unread: Lead Update
[16-Jun-2025 10:01:36 Europe/Berlin] No last_read timestamp, marking as unread: Lead Update
[16-Jun-2025 10:01:36 Europe/Berlin] No last_read timestamp, marking as unread: Lead Update
[16-Jun-2025 10:01:36 Europe/Berlin] Header loaded - Total notifications: 7, Unread count: 5
[16-Jun-2025 10:02:06 Europe/Berlin] Attempting database connection. DreamHost environment: false
[16-Jun-2025 10:02:06 Europe/Berlin] Database connection successful to localhost/real_estate_leads
[16-Jun-2025 10:02:06 Europe/Berlin] Database initialization error: Can't create table `real_estate_leads`.`projects` (errno: 150 "Foreign key constraint is incorrectly formed")
[16-Jun-2025 10:02:06 Europe/Berlin] Attempting database connection. DreamHost environment: false
[16-Jun-2025 10:02:06 Europe/Berlin] Database connection successful to localhost/real_estate_leads
[16-Jun-2025 10:02:19 Europe/Berlin] Attempting database connection. DreamHost environment: false
[16-Jun-2025 10:02:19 Europe/Berlin] Database connection successful to localhost/real_estate_leads
[16-Jun-2025 10:02:19 Europe/Berlin] Database initialization error: Can't create table `real_estate_leads`.`projects` (errno: 150 "Foreign key constraint is incorrectly formed")
[16-Jun-2025 10:02:19 Europe/Berlin] Attempting database connection. DreamHost environment: false
[16-Jun-2025 10:02:19 Europe/Berlin] Database connection successful to localhost/real_estate_leads
[16-Jun-2025 10:02:19 Europe/Berlin] Attempting database connection. DreamHost environment: false
[16-Jun-2025 10:02:19 Europe/Berlin] Database connection successful to localhost/real_estate_leads
[16-Jun-2025 10:02:19 Europe/Berlin] Attempting database connection. DreamHost environment: false
[16-Jun-2025 10:02:19 Europe/Berlin] Database connection successful to localhost/real_estate_leads
[16-Jun-2025 10:02:19 Europe/Berlin] Attempting database connection. DreamHost environment: false
[16-Jun-2025 10:02:19 Europe/Berlin] Database connection successful to localhost/real_estate_leads
[16-Jun-2025 10:02:19 Europe/Berlin] Database initialization error: Can't create table `real_estate_leads`.`projects` (errno: 150 "Foreign key constraint is incorrectly formed")
[16-Jun-2025 10:02:19 Europe/Berlin] Attempting database connection. DreamHost environment: false
[16-Jun-2025 10:02:19 Europe/Berlin] Database connection successful to localhost/real_estate_leads
[16-Jun-2025 10:02:19 Europe/Berlin] Attempting database connection. DreamHost environment: false
[16-Jun-2025 10:02:19 Europe/Berlin] Database connection successful to localhost/real_estate_leads
[16-Jun-2025 10:02:19 Europe/Berlin] Attempting database connection. DreamHost environment: false
[16-Jun-2025 10:02:19 Europe/Berlin] Database connection successful to localhost/real_estate_leads
[16-Jun-2025 10:02:19 Europe/Berlin] getRecentNotifications - User ID: 8, Last Read: NULL
[16-Jun-2025 10:02:19 Europe/Berlin] No last_read timestamp, marking as unread: Downpayment Tracker
[16-Jun-2025 10:02:19 Europe/Berlin] No last_read timestamp, marking as unread: Downpayment Tracker
[16-Jun-2025 10:02:19 Europe/Berlin] No last_read timestamp, marking as unread: Lead Update
[16-Jun-2025 10:02:19 Europe/Berlin] No last_read timestamp, marking as unread: Lead Update
[16-Jun-2025 10:02:19 Europe/Berlin] No last_read timestamp, marking as unread: Lead Update
[16-Jun-2025 10:02:19 Europe/Berlin] Header loaded - Total notifications: 8, Unread count: 6
[16-Jun-2025 10:02:23 Europe/Berlin] Attempting database connection. DreamHost environment: false
[16-Jun-2025 10:02:23 Europe/Berlin] Database connection successful to localhost/real_estate_leads
[16-Jun-2025 10:02:23 Europe/Berlin] Database initialization error: Can't create table `real_estate_leads`.`projects` (errno: 150 "Foreign key constraint is incorrectly formed")
[16-Jun-2025 10:02:23 Europe/Berlin] Attempting database connection. DreamHost environment: false
[16-Jun-2025 10:02:23 Europe/Berlin] Database connection successful to localhost/real_estate_leads
[16-Jun-2025 10:02:23 Europe/Berlin] Attempting database connection. DreamHost environment: false
[16-Jun-2025 10:02:23 Europe/Berlin] Database connection successful to localhost/real_estate_leads
[16-Jun-2025 10:02:23 Europe/Berlin] Attempting database connection. DreamHost environment: false
[16-Jun-2025 10:02:23 Europe/Berlin] Database connection successful to localhost/real_estate_leads
[16-Jun-2025 10:02:23 Europe/Berlin] getRecentNotifications - User ID: 8, Last Read: NULL
[16-Jun-2025 10:02:23 Europe/Berlin] No last_read timestamp, marking as unread: Downpayment Tracker
[16-Jun-2025 10:02:23 Europe/Berlin] No last_read timestamp, marking as unread: Downpayment Tracker
[16-Jun-2025 10:02:23 Europe/Berlin] No last_read timestamp, marking as unread: Lead Update
[16-Jun-2025 10:02:23 Europe/Berlin] No last_read timestamp, marking as unread: Lead Update
[16-Jun-2025 10:02:23 Europe/Berlin] No last_read timestamp, marking as unread: Lead Update
[16-Jun-2025 10:02:23 Europe/Berlin] Header loaded - Total notifications: 8, Unread count: 6
[16-Jun-2025 10:02:59 Europe/Berlin] Attempting database connection. DreamHost environment: false
[16-Jun-2025 10:02:59 Europe/Berlin] Database connection successful to localhost/real_estate_leads
[16-Jun-2025 10:02:59 Europe/Berlin] Database initialization error: Can't create table `real_estate_leads`.`projects` (errno: 150 "Foreign key constraint is incorrectly formed")
[16-Jun-2025 10:02:59 Europe/Berlin] Attempting database connection. DreamHost environment: false
[16-Jun-2025 10:02:59 Europe/Berlin] Database connection successful to localhost/real_estate_leads
[16-Jun-2025 10:02:59 Europe/Berlin] Attempting database connection. DreamHost environment: false
[16-Jun-2025 10:02:59 Europe/Berlin] Database connection successful to localhost/real_estate_leads
[16-Jun-2025 10:02:59 Europe/Berlin] Attempting database connection. DreamHost environment: false
[16-Jun-2025 10:02:59 Europe/Berlin] Database connection successful to localhost/real_estate_leads
[16-Jun-2025 10:02:59 Europe/Berlin] Attempting database connection. DreamHost environment: false
[16-Jun-2025 10:02:59 Europe/Berlin] Database connection successful to localhost/real_estate_leads
[16-Jun-2025 10:02:59 Europe/Berlin] Attempting database connection. DreamHost environment: false
[16-Jun-2025 10:02:59 Europe/Berlin] Database connection successful to localhost/real_estate_leads
[16-Jun-2025 10:02:59 Europe/Berlin] getRecentNotifications - User ID: 8, Last Read: NULL
[16-Jun-2025 10:03:00 Europe/Berlin] No last_read timestamp, marking as unread: Downpayment Tracker
[16-Jun-2025 10:03:00 Europe/Berlin] No last_read timestamp, marking as unread: Downpayment Tracker
[16-Jun-2025 10:03:00 Europe/Berlin] No last_read timestamp, marking as unread: Lead Update
[16-Jun-2025 10:03:00 Europe/Berlin] No last_read timestamp, marking as unread: Lead Update
[16-Jun-2025 10:03:00 Europe/Berlin] No last_read timestamp, marking as unread: Lead Update
[16-Jun-2025 10:03:00 Europe/Berlin] Header loaded - Total notifications: 8, Unread count: 6
[16-Jun-2025 10:03:01 Europe/Berlin] Attempting database connection. DreamHost environment: false
[16-Jun-2025 10:03:01 Europe/Berlin] Database connection successful to localhost/real_estate_leads
[16-Jun-2025 10:03:01 Europe/Berlin] Database initialization error: Can't create table `real_estate_leads`.`projects` (errno: 150 "Foreign key constraint is incorrectly formed")
[16-Jun-2025 10:03:01 Europe/Berlin] Attempting database connection. DreamHost environment: false
[16-Jun-2025 10:03:01 Europe/Berlin] Database connection successful to localhost/real_estate_leads
[16-Jun-2025 10:03:01 Europe/Berlin] Attempting database connection. DreamHost environment: false
[16-Jun-2025 10:03:01 Europe/Berlin] Database connection successful to localhost/real_estate_leads
[16-Jun-2025 10:03:01 Europe/Berlin] Attempting database connection. DreamHost environment: false
[16-Jun-2025 10:03:01 Europe/Berlin] Database connection successful to localhost/real_estate_leads
[16-Jun-2025 10:03:01 Europe/Berlin] Attempting database connection. DreamHost environment: false
[16-Jun-2025 10:03:01 Europe/Berlin] Database connection successful to localhost/real_estate_leads
[16-Jun-2025 10:03:02 Europe/Berlin] Attempting database connection. DreamHost environment: false
[16-Jun-2025 10:03:02 Europe/Berlin] Database connection successful to localhost/real_estate_leads
[16-Jun-2025 10:03:02 Europe/Berlin] Attempting database connection. DreamHost environment: false
[16-Jun-2025 10:03:02 Europe/Berlin] Database connection successful to localhost/real_estate_leads
[16-Jun-2025 10:03:02 Europe/Berlin] getRecentNotifications - User ID: 8, Last Read: NULL
[16-Jun-2025 10:03:02 Europe/Berlin] No last_read timestamp, marking as unread: Downpayment Tracker
[16-Jun-2025 10:03:02 Europe/Berlin] No last_read timestamp, marking as unread: Downpayment Tracker
[16-Jun-2025 10:03:02 Europe/Berlin] No last_read timestamp, marking as unread: Lead Update
[16-Jun-2025 10:03:02 Europe/Berlin] No last_read timestamp, marking as unread: Lead Update
[16-Jun-2025 10:03:02 Europe/Berlin] No last_read timestamp, marking as unread: Lead Update
[16-Jun-2025 10:03:02 Europe/Berlin] Header loaded - Total notifications: 8, Unread count: 6
[16-Jun-2025 10:03:11 Europe/Berlin] Attempting database connection. DreamHost environment: false
[16-Jun-2025 10:03:11 Europe/Berlin] Database connection successful to localhost/real_estate_leads
[16-Jun-2025 10:03:11 Europe/Berlin] Database initialization error: Can't create table `real_estate_leads`.`projects` (errno: 150 "Foreign key constraint is incorrectly formed")
[16-Jun-2025 10:03:11 Europe/Berlin] Attempting database connection. DreamHost environment: false
[16-Jun-2025 10:03:11 Europe/Berlin] Database connection successful to localhost/real_estate_leads
[16-Jun-2025 10:03:11 Europe/Berlin] Attempting database connection. DreamHost environment: false
[16-Jun-2025 10:03:11 Europe/Berlin] Database connection successful to localhost/real_estate_leads
[16-Jun-2025 10:03:11 Europe/Berlin] Attempting database connection. DreamHost environment: false
[16-Jun-2025 10:03:11 Europe/Berlin] Database connection successful to localhost/real_estate_leads
[16-Jun-2025 10:03:11 Europe/Berlin] Attempting database connection. DreamHost environment: false
[16-Jun-2025 10:03:11 Europe/Berlin] Database connection successful to localhost/real_estate_leads
[16-Jun-2025 10:03:11 Europe/Berlin] Attempting database connection. DreamHost environment: false
[16-Jun-2025 10:03:11 Europe/Berlin] Database connection successful to localhost/real_estate_leads
[16-Jun-2025 10:03:11 Europe/Berlin] Attempting database connection. DreamHost environment: false
[16-Jun-2025 10:03:11 Europe/Berlin] Database connection successful to localhost/real_estate_leads
[16-Jun-2025 10:03:11 Europe/Berlin] Attempting database connection. DreamHost environment: false
[16-Jun-2025 10:03:11 Europe/Berlin] Database connection successful to localhost/real_estate_leads
[16-Jun-2025 10:03:11 Europe/Berlin] Database initialization error: Can't create table `real_estate_leads`.`projects` (errno: 150 "Foreign key constraint is incorrectly formed")
[16-Jun-2025 10:03:11 Europe/Berlin] Attempting database connection. DreamHost environment: false
[16-Jun-2025 10:03:11 Europe/Berlin] Database connection successful to localhost/real_estate_leads
[16-Jun-2025 10:03:11 Europe/Berlin] Attempting database connection. DreamHost environment: false
[16-Jun-2025 10:03:11 Europe/Berlin] Database connection successful to localhost/real_estate_leads
[16-Jun-2025 10:03:11 Europe/Berlin] Attempting database connection. DreamHost environment: false
[16-Jun-2025 10:03:11 Europe/Berlin] Database connection successful to localhost/real_estate_leads
[16-Jun-2025 10:03:11 Europe/Berlin] Attempting database connection. DreamHost environment: false
[16-Jun-2025 10:03:11 Europe/Berlin] Database connection successful to localhost/real_estate_leads
[16-Jun-2025 10:03:11 Europe/Berlin] Attempting database connection. DreamHost environment: false
[16-Jun-2025 10:03:11 Europe/Berlin] Database connection successful to localhost/real_estate_leads
[16-Jun-2025 10:03:11 Europe/Berlin] getRecentNotifications - User ID: 8, Last Read: NULL
[16-Jun-2025 10:03:11 Europe/Berlin] No last_read timestamp, marking as unread: Lead Update
[16-Jun-2025 10:03:11 Europe/Berlin] No last_read timestamp, marking as unread: Downpayment Tracker
[16-Jun-2025 10:03:11 Europe/Berlin] No last_read timestamp, marking as unread: Downpayment Tracker
[16-Jun-2025 10:03:11 Europe/Berlin] No last_read timestamp, marking as unread: Lead Update
[16-Jun-2025 10:03:11 Europe/Berlin] No last_read timestamp, marking as unread: Lead Update
[16-Jun-2025 10:03:11 Europe/Berlin] No last_read timestamp, marking as unread: Lead Update
[16-Jun-2025 10:03:11 Europe/Berlin] Header loaded - Total notifications: 9, Unread count: 7
[16-Jun-2025 10:03:14 Europe/Berlin] Attempting database connection. DreamHost environment: false
[16-Jun-2025 10:03:14 Europe/Berlin] Database connection successful to localhost/real_estate_leads
[16-Jun-2025 10:03:14 Europe/Berlin] Database initialization error: Can't create table `real_estate_leads`.`projects` (errno: 150 "Foreign key constraint is incorrectly formed")
[16-Jun-2025 10:03:14 Europe/Berlin] Attempting database connection. DreamHost environment: false
[16-Jun-2025 10:03:14 Europe/Berlin] Database connection successful to localhost/real_estate_leads
[16-Jun-2025 10:03:14 Europe/Berlin] Attempting database connection. DreamHost environment: false
[16-Jun-2025 10:03:14 Europe/Berlin] Database connection successful to localhost/real_estate_leads
[16-Jun-2025 10:03:14 Europe/Berlin] Attempting database connection. DreamHost environment: false
[16-Jun-2025 10:03:14 Europe/Berlin] Database connection successful to localhost/real_estate_leads
[16-Jun-2025 10:03:14 Europe/Berlin] getRecentNotifications - User ID: 8, Last Read: NULL
[16-Jun-2025 10:03:14 Europe/Berlin] No last_read timestamp, marking as unread: Lead Update
[16-Jun-2025 10:03:14 Europe/Berlin] No last_read timestamp, marking as unread: Downpayment Tracker
[16-Jun-2025 10:03:14 Europe/Berlin] No last_read timestamp, marking as unread: Downpayment Tracker
[16-Jun-2025 10:03:14 Europe/Berlin] No last_read timestamp, marking as unread: Lead Update
[16-Jun-2025 10:03:14 Europe/Berlin] No last_read timestamp, marking as unread: Lead Update
[16-Jun-2025 10:03:14 Europe/Berlin] No last_read timestamp, marking as unread: Lead Update
[16-Jun-2025 10:03:14 Europe/Berlin] Header loaded - Total notifications: 9, Unread count: 7
[16-Jun-2025 10:03:16 Europe/Berlin] Attempting database connection. DreamHost environment: false
[16-Jun-2025 10:03:16 Europe/Berlin] Database connection successful to localhost/real_estate_leads
[16-Jun-2025 10:03:16 Europe/Berlin] Database initialization error: Can't create table `real_estate_leads`.`projects` (errno: 150 "Foreign key constraint is incorrectly formed")
[16-Jun-2025 10:03:16 Europe/Berlin] Attempting database connection. DreamHost environment: false
[16-Jun-2025 10:03:16 Europe/Berlin] Database connection successful to localhost/real_estate_leads
[16-Jun-2025 10:03:16 Europe/Berlin] Attempting database connection. DreamHost environment: false
[16-Jun-2025 10:03:16 Europe/Berlin] Database connection successful to localhost/real_estate_leads
[16-Jun-2025 10:03:16 Europe/Berlin] Attempting database connection. DreamHost environment: false
[16-Jun-2025 10:03:16 Europe/Berlin] Database connection successful to localhost/real_estate_leads
[16-Jun-2025 10:03:16 Europe/Berlin] getRecentNotifications - User ID: 8, Last Read: NULL
[16-Jun-2025 10:03:16 Europe/Berlin] No last_read timestamp, marking as unread: Lead Update
[16-Jun-2025 10:03:16 Europe/Berlin] No last_read timestamp, marking as unread: Downpayment Tracker
[16-Jun-2025 10:03:16 Europe/Berlin] No last_read timestamp, marking as unread: Downpayment Tracker
[16-Jun-2025 10:03:16 Europe/Berlin] No last_read timestamp, marking as unread: Lead Update
[16-Jun-2025 10:03:16 Europe/Berlin] No last_read timestamp, marking as unread: Lead Update
[16-Jun-2025 10:03:16 Europe/Berlin] No last_read timestamp, marking as unread: Lead Update
[16-Jun-2025 10:03:16 Europe/Berlin] Header loaded - Total notifications: 9, Unread count: 7
[16-Jun-2025 10:03:18 Europe/Berlin] Attempting database connection. DreamHost environment: false
[16-Jun-2025 10:03:18 Europe/Berlin] Database connection successful to localhost/real_estate_leads
[16-Jun-2025 10:03:18 Europe/Berlin] Database initialization error: Can't create table `real_estate_leads`.`projects` (errno: 150 "Foreign key constraint is incorrectly formed")
[16-Jun-2025 10:03:18 Europe/Berlin] Attempting database connection. DreamHost environment: false
[16-Jun-2025 10:03:18 Europe/Berlin] Database connection successful to localhost/real_estate_leads
[16-Jun-2025 10:03:18 Europe/Berlin] Attempting database connection. DreamHost environment: false
[16-Jun-2025 10:03:18 Europe/Berlin] Database connection successful to localhost/real_estate_leads
[16-Jun-2025 10:03:18 Europe/Berlin] Attempting database connection. DreamHost environment: false
[16-Jun-2025 10:03:18 Europe/Berlin] Database connection successful to localhost/real_estate_leads
[16-Jun-2025 10:03:18 Europe/Berlin] Attempting database connection. DreamHost environment: false
[16-Jun-2025 10:03:18 Europe/Berlin] Database connection successful to localhost/real_estate_leads
[16-Jun-2025 10:03:18 Europe/Berlin] Attempting database connection. DreamHost environment: false
[16-Jun-2025 10:03:18 Europe/Berlin] Database connection successful to localhost/real_estate_leads
[16-Jun-2025 10:03:18 Europe/Berlin] Attempting database connection. DreamHost environment: false
[16-Jun-2025 10:03:18 Europe/Berlin] Database connection successful to localhost/real_estate_leads
[16-Jun-2025 10:03:18 Europe/Berlin] Attempting database connection. DreamHost environment: false
[16-Jun-2025 10:03:18 Europe/Berlin] Database connection successful to localhost/real_estate_leads
[16-Jun-2025 10:03:18 Europe/Berlin] Attempting database connection. DreamHost environment: false
[16-Jun-2025 10:03:18 Europe/Berlin] Database connection successful to localhost/real_estate_leads
[16-Jun-2025 10:03:18 Europe/Berlin] getRecentNotifications - User ID: 8, Last Read: NULL
[16-Jun-2025 10:03:18 Europe/Berlin] No last_read timestamp, marking as unread: Lead Update
[16-Jun-2025 10:03:18 Europe/Berlin] No last_read timestamp, marking as unread: Downpayment Tracker
[16-Jun-2025 10:03:18 Europe/Berlin] No last_read timestamp, marking as unread: Downpayment Tracker
[16-Jun-2025 10:03:18 Europe/Berlin] No last_read timestamp, marking as unread: Lead Update
[16-Jun-2025 10:03:18 Europe/Berlin] No last_read timestamp, marking as unread: Lead Update
[16-Jun-2025 10:03:18 Europe/Berlin] No last_read timestamp, marking as unread: Lead Update
[16-Jun-2025 10:03:18 Europe/Berlin] Header loaded - Total notifications: 9, Unread count: 7
[16-Jun-2025 10:03:22 Europe/Berlin] Attempting database connection. DreamHost environment: false
[16-Jun-2025 10:03:22 Europe/Berlin] Database connection successful to localhost/real_estate_leads
[16-Jun-2025 10:03:22 Europe/Berlin] Database initialization error: Can't create table `real_estate_leads`.`projects` (errno: 150 "Foreign key constraint is incorrectly formed")
[16-Jun-2025 10:03:22 Europe/Berlin] Attempting database connection. DreamHost environment: false
[16-Jun-2025 10:03:22 Europe/Berlin] Database connection successful to localhost/real_estate_leads
[16-Jun-2025 10:03:22 Europe/Berlin] Attempting database connection. DreamHost environment: false
[16-Jun-2025 10:03:22 Europe/Berlin] Database connection successful to localhost/real_estate_leads
[16-Jun-2025 10:03:22 Europe/Berlin] Attempting database connection. DreamHost environment: false
[16-Jun-2025 10:03:22 Europe/Berlin] Database connection successful to localhost/real_estate_leads
[16-Jun-2025 10:03:22 Europe/Berlin] Attempting database connection. DreamHost environment: false
[16-Jun-2025 10:03:22 Europe/Berlin] Database connection successful to localhost/real_estate_leads
[16-Jun-2025 10:03:22 Europe/Berlin] Attempting database connection. DreamHost environment: false
[16-Jun-2025 10:03:22 Europe/Berlin] Database connection successful to localhost/real_estate_leads
[16-Jun-2025 10:03:22 Europe/Berlin] getRecentNotifications - User ID: 8, Last Read: NULL
[16-Jun-2025 10:03:22 Europe/Berlin] No last_read timestamp, marking as unread: Lead Update
[16-Jun-2025 10:03:22 Europe/Berlin] No last_read timestamp, marking as unread: Downpayment Tracker
[16-Jun-2025 10:03:22 Europe/Berlin] No last_read timestamp, marking as unread: Downpayment Tracker
[16-Jun-2025 10:03:22 Europe/Berlin] No last_read timestamp, marking as unread: Lead Update
[16-Jun-2025 10:03:22 Europe/Berlin] No last_read timestamp, marking as unread: Lead Update
[16-Jun-2025 10:03:22 Europe/Berlin] No last_read timestamp, marking as unread: Lead Update
[16-Jun-2025 10:03:22 Europe/Berlin] Header loaded - Total notifications: 9, Unread count: 7
[16-Jun-2025 10:03:31 Europe/Berlin] Attempting database connection. DreamHost environment: false
[16-Jun-2025 10:03:31 Europe/Berlin] Database connection successful to localhost/real_estate_leads
[16-Jun-2025 10:03:31 Europe/Berlin] Database initialization error: Can't create table `real_estate_leads`.`projects` (errno: 150 "Foreign key constraint is incorrectly formed")
[16-Jun-2025 10:03:31 Europe/Berlin] Attempting database connection. DreamHost environment: false
[16-Jun-2025 10:03:31 Europe/Berlin] Database connection successful to localhost/real_estate_leads
[16-Jun-2025 10:03:31 Europe/Berlin] Attempting database connection. DreamHost environment: false
[16-Jun-2025 10:03:31 Europe/Berlin] Database connection successful to localhost/real_estate_leads
[16-Jun-2025 10:03:31 Europe/Berlin] Attempting database connection. DreamHost environment: false
[16-Jun-2025 10:03:31 Europe/Berlin] Database connection successful to localhost/real_estate_leads
[16-Jun-2025 10:03:31 Europe/Berlin] Attempting database connection. DreamHost environment: false
[16-Jun-2025 10:03:31 Europe/Berlin] Database connection successful to localhost/real_estate_leads
[16-Jun-2025 10:03:31 Europe/Berlin] Attempting database connection. DreamHost environment: false
[16-Jun-2025 10:03:31 Europe/Berlin] Database connection successful to localhost/real_estate_leads
[16-Jun-2025 10:03:31 Europe/Berlin] Attempting database connection. DreamHost environment: false
[16-Jun-2025 10:03:31 Europe/Berlin] Database connection successful to localhost/real_estate_leads
[16-Jun-2025 10:03:31 Europe/Berlin] getRecentNotifications - User ID: 8, Last Read: NULL
[16-Jun-2025 10:03:31 Europe/Berlin] No last_read timestamp, marking as unread: Lead Update
[16-Jun-2025 10:03:31 Europe/Berlin] No last_read timestamp, marking as unread: Downpayment Tracker
[16-Jun-2025 10:03:31 Europe/Berlin] No last_read timestamp, marking as unread: Downpayment Tracker
[16-Jun-2025 10:03:31 Europe/Berlin] No last_read timestamp, marking as unread: Lead Update
[16-Jun-2025 10:03:31 Europe/Berlin] No last_read timestamp, marking as unread: Lead Update
[16-Jun-2025 10:03:31 Europe/Berlin] No last_read timestamp, marking as unread: Lead Update
[16-Jun-2025 10:03:31 Europe/Berlin] Header loaded - Total notifications: 9, Unread count: 7
[16-Jun-2025 10:03:59 Europe/Berlin] Attempting database connection. DreamHost environment: false
[16-Jun-2025 10:03:59 Europe/Berlin] Database connection successful to localhost/real_estate_leads
[16-Jun-2025 10:03:59 Europe/Berlin] Database initialization error: Can't create table `real_estate_leads`.`projects` (errno: 150 "Foreign key constraint is incorrectly formed")
[16-Jun-2025 10:03:59 Europe/Berlin] Attempting database connection. DreamHost environment: false
[16-Jun-2025 10:03:59 Europe/Berlin] Database connection successful to localhost/real_estate_leads
[16-Jun-2025 10:03:59 Europe/Berlin] Attempting database connection. DreamHost environment: false
[16-Jun-2025 10:03:59 Europe/Berlin] Database connection successful to localhost/real_estate_leads
[16-Jun-2025 10:03:59 Europe/Berlin] Attempting database connection. DreamHost environment: false
[16-Jun-2025 10:03:59 Europe/Berlin] Database connection successful to localhost/real_estate_leads
[16-Jun-2025 10:03:59 Europe/Berlin] Attempting database connection. DreamHost environment: false
[16-Jun-2025 10:03:59 Europe/Berlin] Database connection successful to localhost/real_estate_leads
[16-Jun-2025 10:03:59 Europe/Berlin] Attempting database connection. DreamHost environment: false
[16-Jun-2025 10:03:59 Europe/Berlin] Database connection successful to localhost/real_estate_leads
[16-Jun-2025 10:03:59 Europe/Berlin] Attempting database connection. DreamHost environment: false
[16-Jun-2025 10:03:59 Europe/Berlin] Database connection successful to localhost/real_estate_leads
[16-Jun-2025 10:03:59 Europe/Berlin] Attempting database connection. DreamHost environment: false
[16-Jun-2025 10:03:59 Europe/Berlin] Database connection successful to localhost/real_estate_leads
[16-Jun-2025 10:03:59 Europe/Berlin] Database initialization error: Can't create table `real_estate_leads`.`projects` (errno: 150 "Foreign key constraint is incorrectly formed")
[16-Jun-2025 10:03:59 Europe/Berlin] Attempting database connection. DreamHost environment: false
[16-Jun-2025 10:03:59 Europe/Berlin] Database connection successful to localhost/real_estate_leads
[16-Jun-2025 10:03:59 Europe/Berlin] Attempting database connection. DreamHost environment: false
[16-Jun-2025 10:03:59 Europe/Berlin] Database connection successful to localhost/real_estate_leads
[16-Jun-2025 10:03:59 Europe/Berlin] Attempting database connection. DreamHost environment: false
[16-Jun-2025 10:03:59 Europe/Berlin] Database connection successful to localhost/real_estate_leads
[16-Jun-2025 10:03:59 Europe/Berlin] Attempting database connection. DreamHost environment: false
[16-Jun-2025 10:03:59 Europe/Berlin] Database connection successful to localhost/real_estate_leads
[16-Jun-2025 10:03:59 Europe/Berlin] Attempting database connection. DreamHost environment: false
[16-Jun-2025 10:03:59 Europe/Berlin] Database connection successful to localhost/real_estate_leads
[16-Jun-2025 10:03:59 Europe/Berlin] getRecentNotifications - User ID: 8, Last Read: NULL
[16-Jun-2025 10:03:59 Europe/Berlin] No last_read timestamp, marking as unread: Lead Update
[16-Jun-2025 10:03:59 Europe/Berlin] No last_read timestamp, marking as unread: Lead Update
[16-Jun-2025 10:03:59 Europe/Berlin] No last_read timestamp, marking as unread: Downpayment Tracker
[16-Jun-2025 10:03:59 Europe/Berlin] No last_read timestamp, marking as unread: Downpayment Tracker
[16-Jun-2025 10:03:59 Europe/Berlin] No last_read timestamp, marking as unread: Lead Update
[16-Jun-2025 10:03:59 Europe/Berlin] No last_read timestamp, marking as unread: Lead Update
[16-Jun-2025 10:03:59 Europe/Berlin] No last_read timestamp, marking as unread: Lead Update
[16-Jun-2025 10:03:59 Europe/Berlin] Header loaded - Total notifications: 10, Unread count: 8
[16-Jun-2025 10:04:05 Europe/Berlin] Attempting database connection. DreamHost environment: false
[16-Jun-2025 10:04:05 Europe/Berlin] Database connection successful to localhost/real_estate_leads
[16-Jun-2025 10:04:05 Europe/Berlin] Database initialization error: Can't create table `real_estate_leads`.`projects` (errno: 150 "Foreign key constraint is incorrectly formed")
[16-Jun-2025 10:04:05 Europe/Berlin] Attempting database connection. DreamHost environment: false
[16-Jun-2025 10:04:05 Europe/Berlin] Database connection successful to localhost/real_estate_leads
[16-Jun-2025 10:04:05 Europe/Berlin] Attempting database connection. DreamHost environment: false
[16-Jun-2025 10:04:05 Europe/Berlin] Database connection successful to localhost/real_estate_leads
[16-Jun-2025 10:04:05 Europe/Berlin] Attempting database connection. DreamHost environment: false
[16-Jun-2025 10:04:05 Europe/Berlin] Database connection successful to localhost/real_estate_leads
[16-Jun-2025 10:04:05 Europe/Berlin] getRecentNotifications - User ID: 8, Last Read: NULL
[16-Jun-2025 10:04:05 Europe/Berlin] No last_read timestamp, marking as unread: Lead Update
[16-Jun-2025 10:04:05 Europe/Berlin] No last_read timestamp, marking as unread: Lead Update
[16-Jun-2025 10:04:05 Europe/Berlin] No last_read timestamp, marking as unread: Downpayment Tracker
[16-Jun-2025 10:04:05 Europe/Berlin] No last_read timestamp, marking as unread: Downpayment Tracker
[16-Jun-2025 10:04:05 Europe/Berlin] No last_read timestamp, marking as unread: Lead Update
[16-Jun-2025 10:04:05 Europe/Berlin] No last_read timestamp, marking as unread: Lead Update
[16-Jun-2025 10:04:05 Europe/Berlin] No last_read timestamp, marking as unread: Lead Update
[16-Jun-2025 10:04:05 Europe/Berlin] Header loaded - Total notifications: 10, Unread count: 8
[16-Jun-2025 10:05:04 Europe/Berlin] Attempting database connection. DreamHost environment: false
[16-Jun-2025 10:05:04 Europe/Berlin] Database connection successful to localhost/real_estate_leads
[16-Jun-2025 10:05:04 Europe/Berlin] Database initialization error: Can't create table `real_estate_leads`.`projects` (errno: 150 "Foreign key constraint is incorrectly formed")
[16-Jun-2025 10:05:04 Europe/Berlin] Attempting database connection. DreamHost environment: false
[16-Jun-2025 10:05:04 Europe/Berlin] Database connection successful to localhost/real_estate_leads
[16-Jun-2025 10:05:04 Europe/Berlin] Attempting database connection. DreamHost environment: false
[16-Jun-2025 10:05:04 Europe/Berlin] Database connection successful to localhost/real_estate_leads
[16-Jun-2025 10:05:04 Europe/Berlin] Attempting database connection. DreamHost environment: false
[16-Jun-2025 10:05:04 Europe/Berlin] Database connection successful to localhost/real_estate_leads
[16-Jun-2025 10:05:04 Europe/Berlin] Attempting database connection. DreamHost environment: false
[16-Jun-2025 10:05:04 Europe/Berlin] Database connection successful to localhost/real_estate_leads
[16-Jun-2025 10:05:04 Europe/Berlin] Attempting database connection. DreamHost environment: false
[16-Jun-2025 10:05:04 Europe/Berlin] Database connection successful to localhost/real_estate_leads
[16-Jun-2025 10:05:04 Europe/Berlin] getRecentNotifications - User ID: 8, Last Read: NULL
[16-Jun-2025 10:05:04 Europe/Berlin] No last_read timestamp, marking as unread: Lead Update
[16-Jun-2025 10:05:04 Europe/Berlin] No last_read timestamp, marking as unread: Lead Update
[16-Jun-2025 10:05:04 Europe/Berlin] No last_read timestamp, marking as unread: Downpayment Tracker
[16-Jun-2025 10:05:04 Europe/Berlin] No last_read timestamp, marking as unread: Downpayment Tracker
[16-Jun-2025 10:05:04 Europe/Berlin] No last_read timestamp, marking as unread: Lead Update
[16-Jun-2025 10:05:04 Europe/Berlin] No last_read timestamp, marking as unread: Lead Update
[16-Jun-2025 10:05:04 Europe/Berlin] No last_read timestamp, marking as unread: Lead Update
[16-Jun-2025 10:05:04 Europe/Berlin] Header loaded - Total notifications: 10, Unread count: 8
[16-Jun-2025 10:05:42 Europe/Berlin] Attempting database connection. DreamHost environment: false
[16-Jun-2025 10:05:42 Europe/Berlin] Database connection successful to localhost/real_estate_leads
[16-Jun-2025 10:05:42 Europe/Berlin] Database initialization error: Can't create table `real_estate_leads`.`projects` (errno: 150 "Foreign key constraint is incorrectly formed")
[16-Jun-2025 04:05:42 America/New_York] Attempting database connection. DreamHost environment: false
[16-Jun-2025 04:05:42 America/New_York] Database connection successful to localhost/real_estate_leads
[16-Jun-2025 04:05:42 America/New_York] Attempting database connection. DreamHost environment: false
[16-Jun-2025 04:05:42 America/New_York] Database connection successful to localhost/real_estate_leads
[16-Jun-2025 04:05:42 America/New_York] getRecentNotifications - User ID: 8, Last Read: NULL
[16-Jun-2025 04:05:42 America/New_York] No last_read timestamp, marking as unread: Lead Update
[16-Jun-2025 04:05:42 America/New_York] No last_read timestamp, marking as unread: Lead Update
[16-Jun-2025 04:05:42 America/New_York] No last_read timestamp, marking as unread: Downpayment Tracker
[16-Jun-2025 04:05:42 America/New_York] No last_read timestamp, marking as unread: Downpayment Tracker
[16-Jun-2025 04:05:42 America/New_York] No last_read timestamp, marking as unread: Lead Update
[16-Jun-2025 04:05:42 America/New_York] No last_read timestamp, marking as unread: Lead Update
[16-Jun-2025 04:05:42 America/New_York] No last_read timestamp, marking as unread: Lead Update
[16-Jun-2025 04:05:42 America/New_York] Header loaded - Total notifications: 10, Unread count: 8
[16-Jun-2025 10:12:11 Europe/Berlin] Attempting database connection. DreamHost environment: false
[16-Jun-2025 10:12:11 Europe/Berlin] Database connection successful to localhost/real_estate_leads
[16-Jun-2025 10:12:11 Europe/Berlin] Database initialization error: Can't create table `real_estate_leads`.`projects` (errno: 150 "Foreign key constraint is incorrectly formed")
[16-Jun-2025 10:12:11 Europe/Berlin] Attempting database connection. DreamHost environment: false
[16-Jun-2025 10:12:11 Europe/Berlin] Database connection successful to localhost/real_estate_leads
[16-Jun-2025 10:12:11 Europe/Berlin] Attempting database connection. DreamHost environment: false
[16-Jun-2025 10:12:11 Europe/Berlin] Database connection successful to localhost/real_estate_leads
[16-Jun-2025 10:12:11 Europe/Berlin] Attempting database connection. DreamHost environment: false
[16-Jun-2025 10:12:11 Europe/Berlin] Database connection successful to localhost/real_estate_leads
[16-Jun-2025 10:12:11 Europe/Berlin] getRecentNotifications - User ID: 8, Last Read: NULL
[16-Jun-2025 10:12:11 Europe/Berlin] No last_read timestamp, marking as unread: Lead Update
[16-Jun-2025 10:12:11 Europe/Berlin] No last_read timestamp, marking as unread: Lead Update
[16-Jun-2025 10:12:11 Europe/Berlin] No last_read timestamp, marking as unread: Downpayment Tracker
[16-Jun-2025 10:12:11 Europe/Berlin] No last_read timestamp, marking as unread: Downpayment Tracker
[16-Jun-2025 10:12:11 Europe/Berlin] No last_read timestamp, marking as unread: Lead Update
[16-Jun-2025 10:12:11 Europe/Berlin] No last_read timestamp, marking as unread: Lead Update
[16-Jun-2025 10:12:11 Europe/Berlin] No last_read timestamp, marking as unread: Lead Update
[16-Jun-2025 10:12:11 Europe/Berlin] Header loaded - Total notifications: 10, Unread count: 8
[16-Jun-2025 10:12:29 Europe/Berlin] Attempting database connection. DreamHost environment: false
[16-Jun-2025 10:12:29 Europe/Berlin] Database connection successful to localhost/real_estate_leads
[16-Jun-2025 10:12:29 Europe/Berlin] Database initialization error: Can't create table `real_estate_leads`.`projects` (errno: 150 "Foreign key constraint is incorrectly formed")
[16-Jun-2025 10:12:29 Europe/Berlin] Attempting database connection. DreamHost environment: false
[16-Jun-2025 10:12:29 Europe/Berlin] Database connection successful to localhost/real_estate_leads
[16-Jun-2025 10:12:29 Europe/Berlin] Attempting database connection. DreamHost environment: false
[16-Jun-2025 10:12:29 Europe/Berlin] Database connection successful to localhost/real_estate_leads
[16-Jun-2025 10:12:29 Europe/Berlin] Attempting database connection. DreamHost environment: false
[16-Jun-2025 10:12:29 Europe/Berlin] Database connection successful to localhost/real_estate_leads
[16-Jun-2025 10:12:29 Europe/Berlin] Database initialization error: Can't create table `real_estate_leads`.`projects` (errno: 150 "Foreign key constraint is incorrectly formed")
[16-Jun-2025 04:12:29 America/New_York] Attempting database connection. DreamHost environment: false
[16-Jun-2025 04:12:29 America/New_York] Database connection successful to localhost/real_estate_leads
[16-Jun-2025 04:12:29 America/New_York] Attempting database connection. DreamHost environment: false
[16-Jun-2025 04:12:29 America/New_York] Database connection successful to localhost/real_estate_leads
[16-Jun-2025 04:12:29 America/New_York] getRecentNotifications - User ID: 8, Last Read: NULL
[16-Jun-2025 04:12:29 America/New_York] No last_read timestamp, marking as unread: Lead Update
[16-Jun-2025 04:12:29 America/New_York] No last_read timestamp, marking as unread: Lead Update
[16-Jun-2025 04:12:29 America/New_York] No last_read timestamp, marking as unread: Downpayment Tracker
[16-Jun-2025 04:12:29 America/New_York] No last_read timestamp, marking as unread: Downpayment Tracker
[16-Jun-2025 04:12:29 America/New_York] No last_read timestamp, marking as unread: Lead Update
[16-Jun-2025 04:12:29 America/New_York] No last_read timestamp, marking as unread: Lead Update
[16-Jun-2025 04:12:29 America/New_York] No last_read timestamp, marking as unread: Lead Update
[16-Jun-2025 04:12:29 America/New_York] Header loaded - Total notifications: 10, Unread count: 8
[16-Jun-2025 10:12:51 Europe/Berlin] Attempting database connection. DreamHost environment: false
[16-Jun-2025 10:12:51 Europe/Berlin] Database connection successful to localhost/real_estate_leads
[16-Jun-2025 10:12:51 Europe/Berlin] Database initialization error: Can't create table `real_estate_leads`.`projects` (errno: 150 "Foreign key constraint is incorrectly formed")
[16-Jun-2025 04:12:51 America/New_York] Attempting database connection. DreamHost environment: false
[16-Jun-2025 04:12:51 America/New_York] Database connection successful to localhost/real_estate_leads
[16-Jun-2025 04:12:51 America/New_York] Attempting database connection. DreamHost environment: false
[16-Jun-2025 04:12:51 America/New_York] Database connection successful to localhost/real_estate_leads
[16-Jun-2025 04:12:51 America/New_York] getRecentNotifications - User ID: 8, Last Read: NULL
[16-Jun-2025 04:12:51 America/New_York] No last_read timestamp, marking as unread: Lead Update
[16-Jun-2025 04:12:51 America/New_York] No last_read timestamp, marking as unread: Lead Update
[16-Jun-2025 04:12:51 America/New_York] No last_read timestamp, marking as unread: Downpayment Tracker
[16-Jun-2025 04:12:51 America/New_York] No last_read timestamp, marking as unread: Downpayment Tracker
[16-Jun-2025 04:12:51 America/New_York] No last_read timestamp, marking as unread: Lead Update
[16-Jun-2025 04:12:51 America/New_York] No last_read timestamp, marking as unread: Lead Update
[16-Jun-2025 04:12:51 America/New_York] No last_read timestamp, marking as unread: Lead Update
[16-Jun-2025 04:12:51 America/New_York] Header loaded - Total notifications: 10, Unread count: 8
[16-Jun-2025 10:13:42 Europe/Berlin] Attempting database connection. DreamHost environment: false
[16-Jun-2025 10:13:42 Europe/Berlin] Database connection successful to localhost/real_estate_leads
[16-Jun-2025 10:13:42 Europe/Berlin] Database initialization error: Can't create table `real_estate_leads`.`projects` (errno: 150 "Foreign key constraint is incorrectly formed")
[16-Jun-2025 04:13:42 America/New_York] Attempting database connection. DreamHost environment: false
[16-Jun-2025 04:13:42 America/New_York] Database connection successful to localhost/real_estate_leads
[16-Jun-2025 10:13:42 Europe/Berlin] Attempting database connection. DreamHost environment: false
[16-Jun-2025 10:13:42 Europe/Berlin] Database connection successful to localhost/real_estate_leads
[16-Jun-2025 10:13:43 Europe/Berlin] Database initialization error: Can't create table `real_estate_leads`.`projects` (errno: 150 "Foreign key constraint is incorrectly formed")
[16-Jun-2025 04:13:43 America/New_York] Attempting database connection. DreamHost environment: false
[16-Jun-2025 04:13:43 America/New_York] Database connection successful to localhost/real_estate_leads
[16-Jun-2025 04:13:43 America/New_York] Attempting database connection. DreamHost environment: false
[16-Jun-2025 04:13:43 America/New_York] Database connection successful to localhost/real_estate_leads
[16-Jun-2025 04:13:43 America/New_York] getRecentNotifications - User ID: 8, Last Read: NULL
[16-Jun-2025 04:13:43 America/New_York] No last_read timestamp, marking as unread: Lead Update
[16-Jun-2025 04:13:43 America/New_York] No last_read timestamp, marking as unread: Lead Update
[16-Jun-2025 04:13:43 America/New_York] No last_read timestamp, marking as unread: Downpayment Tracker
[16-Jun-2025 04:13:43 America/New_York] No last_read timestamp, marking as unread: Downpayment Tracker
[16-Jun-2025 04:13:43 America/New_York] No last_read timestamp, marking as unread: Lead Update
[16-Jun-2025 04:13:43 America/New_York] No last_read timestamp, marking as unread: Lead Update
[16-Jun-2025 04:13:43 America/New_York] No last_read timestamp, marking as unread: Lead Update
[16-Jun-2025 04:13:43 America/New_York] Header loaded - Total notifications: 10, Unread count: 7
[16-Jun-2025 10:14:46 Europe/Berlin] Attempting database connection. DreamHost environment: false
[16-Jun-2025 10:14:46 Europe/Berlin] Database connection successful to localhost/real_estate_leads
[16-Jun-2025 10:14:46 Europe/Berlin] Database initialization error: Can't create table `real_estate_leads`.`projects` (errno: 150 "Foreign key constraint is incorrectly formed")
[16-Jun-2025 04:14:46 America/New_York] Attempting database connection. DreamHost environment: false
[16-Jun-2025 04:14:46 America/New_York] Database connection successful to localhost/real_estate_leads
[16-Jun-2025 04:14:46 America/New_York] Attempting database connection. DreamHost environment: false
[16-Jun-2025 04:14:46 America/New_York] Database connection successful to localhost/real_estate_leads
[16-Jun-2025 04:14:46 America/New_York] getRecentNotifications - User ID: 8, Last Read: NULL
[16-Jun-2025 04:14:46 America/New_York] No last_read timestamp, marking as unread: Lead Update
[16-Jun-2025 04:14:46 America/New_York] No last_read timestamp, marking as unread: Lead Update
[16-Jun-2025 04:14:46 America/New_York] No last_read timestamp, marking as unread: Downpayment Tracker
[16-Jun-2025 04:14:46 America/New_York] No last_read timestamp, marking as unread: Downpayment Tracker
[16-Jun-2025 04:14:46 America/New_York] No last_read timestamp, marking as unread: Lead Update
[16-Jun-2025 04:14:46 America/New_York] No last_read timestamp, marking as unread: Lead Update
[16-Jun-2025 04:14:46 America/New_York] No last_read timestamp, marking as unread: Lead Update
[16-Jun-2025 04:14:46 America/New_York] Header loaded - Total notifications: 10, Unread count: 7
[16-Jun-2025 10:14:52 Europe/Berlin] Attempting database connection. DreamHost environment: false
[16-Jun-2025 10:14:52 Europe/Berlin] Database connection successful to localhost/real_estate_leads
[16-Jun-2025 10:14:52 Europe/Berlin] Database initialization error: Can't create table `real_estate_leads`.`projects` (errno: 150 "Foreign key constraint is incorrectly formed")
[16-Jun-2025 04:14:52 America/New_York] Attempting database connection. DreamHost environment: false
[16-Jun-2025 04:14:52 America/New_York] Database connection successful to localhost/real_estate_leads
[16-Jun-2025 04:14:52 America/New_York] Attempting database connection. DreamHost environment: false
[16-Jun-2025 04:14:52 America/New_York] Database connection successful to localhost/real_estate_leads
[16-Jun-2025 04:14:52 America/New_York] getRecentNotifications - User ID: 8, Last Read: NULL
[16-Jun-2025 04:14:52 America/New_York] No last_read timestamp, marking as unread: Lead Update
[16-Jun-2025 04:14:52 America/New_York] No last_read timestamp, marking as unread: Lead Update
[16-Jun-2025 04:14:52 America/New_York] No last_read timestamp, marking as unread: Downpayment Tracker
[16-Jun-2025 04:14:52 America/New_York] No last_read timestamp, marking as unread: Downpayment Tracker
[16-Jun-2025 04:14:52 America/New_York] No last_read timestamp, marking as unread: Lead Update
[16-Jun-2025 04:14:52 America/New_York] No last_read timestamp, marking as unread: Lead Update
[16-Jun-2025 04:14:52 America/New_York] No last_read timestamp, marking as unread: Lead Update
[16-Jun-2025 04:14:52 America/New_York] Header loaded - Total notifications: 10, Unread count: 7
[16-Jun-2025 10:35:55 Europe/Berlin] Attempting database connection. DreamHost environment: false
[16-Jun-2025 10:35:55 Europe/Berlin] Database connection successful to localhost/real_estate_leads
[16-Jun-2025 10:35:55 Europe/Berlin] Database initialization error: Can't create table `real_estate_leads`.`projects` (errno: 150 "Foreign key constraint is incorrectly formed")
[16-Jun-2025 10:36:01 Europe/Berlin] Attempting database connection. DreamHost environment: false
[16-Jun-2025 10:36:01 Europe/Berlin] Database connection successful to localhost/real_estate_leads
[16-Jun-2025 10:36:01 Europe/Berlin] Database initialization error: Can't create table `real_estate_leads`.`projects` (errno: 150 "Foreign key constraint is incorrectly formed")
[16-Jun-2025 10:36:01 Europe/Berlin] Attempting database connection. DreamHost environment: false
[16-Jun-2025 10:36:01 Europe/Berlin] Database connection successful to localhost/real_estate_leads
[16-Jun-2025 10:36:01 Europe/Berlin] Attempting database connection. DreamHost environment: false
[16-Jun-2025 10:36:01 Europe/Berlin] Database connection successful to localhost/real_estate_leads
[16-Jun-2025 10:36:02 Europe/Berlin] Database initialization error: Can't create table `real_estate_leads`.`projects` (errno: 150 "Foreign key constraint is incorrectly formed")
[16-Jun-2025 10:36:02 Europe/Berlin] Attempting database connection. DreamHost environment: false
[16-Jun-2025 10:36:02 Europe/Berlin] Database connection successful to localhost/real_estate_leads
[16-Jun-2025 10:36:02 Europe/Berlin] Attempting database connection. DreamHost environment: false
[16-Jun-2025 10:36:02 Europe/Berlin] Database connection successful to localhost/real_estate_leads
[16-Jun-2025 10:36:02 Europe/Berlin] Attempting database connection. DreamHost environment: false
[16-Jun-2025 10:36:02 Europe/Berlin] Database connection successful to localhost/real_estate_leads
[16-Jun-2025 10:36:02 Europe/Berlin] getRecentNotifications - User ID: 15, Last Read: 2025-06-16 07:17:53
[16-Jun-2025 10:36:02 Europe/Berlin] Notification: Lead Update, Created: 2025-06-09 17:16:57 (1749482217), Last Read: 2025-06-16 07:17:53 (1750051073), Is Read: true
[16-Jun-2025 10:36:02 Europe/Berlin] Notification: Lead Update, Created: 2025-06-09 11:04:26 (1749459866), Last Read: 2025-06-16 07:17:53 (1750051073), Is Read: true
[16-Jun-2025 10:36:02 Europe/Berlin] Notification: Downpayment Tracker, Created: 2025-06-09 11:04:10 (1749459850), Last Read: 2025-06-16 07:17:53 (1750051073), Is Read: true
[16-Jun-2025 10:36:02 Europe/Berlin] Header loaded - Total notifications: 8, Unread count: 2
[16-Jun-2025 10:36:04 Europe/Berlin] Attempting database connection. DreamHost environment: false
[16-Jun-2025 10:36:04 Europe/Berlin] Database connection successful to localhost/real_estate_leads
[16-Jun-2025 10:36:04 Europe/Berlin] Database initialization error: Can't create table `real_estate_leads`.`projects` (errno: 150 "Foreign key constraint is incorrectly formed")
[16-Jun-2025 10:36:04 Europe/Berlin] Attempting database connection. DreamHost environment: false
[16-Jun-2025 10:36:04 Europe/Berlin] Database connection successful to localhost/real_estate_leads
[16-Jun-2025 10:36:04 Europe/Berlin] Attempting database connection. DreamHost environment: false
[16-Jun-2025 10:36:04 Europe/Berlin] Database connection successful to localhost/real_estate_leads
[16-Jun-2025 10:36:04 Europe/Berlin] Attempting database connection. DreamHost environment: false
[16-Jun-2025 10:36:04 Europe/Berlin] Database connection successful to localhost/real_estate_leads
[16-Jun-2025 10:36:04 Europe/Berlin] getRecentNotifications - User ID: 15, Last Read: 2025-06-16 07:17:53
[16-Jun-2025 10:36:04 Europe/Berlin] Notification: Lead Update, Created: 2025-06-09 17:16:57 (1749482217), Last Read: 2025-06-16 07:17:53 (1750051073), Is Read: true
[16-Jun-2025 10:36:04 Europe/Berlin] Notification: Lead Update, Created: 2025-06-09 11:04:26 (1749459866), Last Read: 2025-06-16 07:17:53 (1750051073), Is Read: true
[16-Jun-2025 10:36:04 Europe/Berlin] Notification: Downpayment Tracker, Created: 2025-06-09 11:04:10 (1749459850), Last Read: 2025-06-16 07:17:53 (1750051073), Is Read: true
[16-Jun-2025 10:36:04 Europe/Berlin] Header loaded - Total notifications: 8, Unread count: 2
[16-Jun-2025 10:40:37 Europe/Berlin] Attempting database connection. DreamHost environment: false
[16-Jun-2025 10:40:37 Europe/Berlin] Database connection successful to localhost/real_estate_leads
[16-Jun-2025 10:40:37 Europe/Berlin] Database initialization error: Can't create table `real_estate_leads`.`projects` (errno: 150 "Foreign key constraint is incorrectly formed")
[16-Jun-2025 10:40:37 Europe/Berlin] Attempting database connection. DreamHost environment: false
[16-Jun-2025 10:40:37 Europe/Berlin] Database connection successful to localhost/real_estate_leads
[16-Jun-2025 10:40:37 Europe/Berlin] Attempting database connection. DreamHost environment: false
[16-Jun-2025 10:40:37 Europe/Berlin] Database connection successful to localhost/real_estate_leads
[16-Jun-2025 10:40:37 Europe/Berlin] Attempting database connection. DreamHost environment: false
[16-Jun-2025 10:40:37 Europe/Berlin] Database connection successful to localhost/real_estate_leads
[16-Jun-2025 10:40:37 Europe/Berlin] Attempting database connection. DreamHost environment: false
[16-Jun-2025 10:40:37 Europe/Berlin] Database connection successful to localhost/real_estate_leads
[16-Jun-2025 10:40:37 Europe/Berlin] getRecentNotifications - User ID: 15, Last Read: 2025-06-16 07:17:53
[16-Jun-2025 10:40:37 Europe/Berlin] Notification: Lead Update, Created: 2025-06-09 17:16:57 (1749482217), Last Read: 2025-06-16 07:17:53 (1750051073), Is Read: true
[16-Jun-2025 10:40:37 Europe/Berlin] Notification: Lead Update, Created: 2025-06-09 11:04:26 (1749459866), Last Read: 2025-06-16 07:17:53 (1750051073), Is Read: true
[16-Jun-2025 10:40:37 Europe/Berlin] Notification: Downpayment Tracker, Created: 2025-06-09 11:04:10 (1749459850), Last Read: 2025-06-16 07:17:53 (1750051073), Is Read: true
[16-Jun-2025 10:40:37 Europe/Berlin] Header loaded - Total notifications: 8, Unread count: 2
[16-Jun-2025 10:40:39 Europe/Berlin] Attempting database connection. DreamHost environment: false
[16-Jun-2025 10:40:39 Europe/Berlin] Database connection successful to localhost/real_estate_leads
[16-Jun-2025 10:40:39 Europe/Berlin] Database initialization error: Can't create table `real_estate_leads`.`projects` (errno: 150 "Foreign key constraint is incorrectly formed")
[16-Jun-2025 10:40:39 Europe/Berlin] Attempting database connection. DreamHost environment: false
[16-Jun-2025 10:40:39 Europe/Berlin] Database connection successful to localhost/real_estate_leads
[16-Jun-2025 10:40:39 Europe/Berlin] Attempting database connection. DreamHost environment: false
[16-Jun-2025 10:40:39 Europe/Berlin] Database connection successful to localhost/real_estate_leads
[16-Jun-2025 10:40:39 Europe/Berlin] Attempting database connection. DreamHost environment: false
[16-Jun-2025 10:40:39 Europe/Berlin] Database connection successful to localhost/real_estate_leads
[16-Jun-2025 10:40:39 Europe/Berlin] Attempting database connection. DreamHost environment: false
[16-Jun-2025 10:40:39 Europe/Berlin] Database connection successful to localhost/real_estate_leads
[16-Jun-2025 10:40:39 Europe/Berlin] getRecentNotifications - User ID: 15, Last Read: 2025-06-16 07:17:53
[16-Jun-2025 10:40:40 Europe/Berlin] Notification: Lead Update, Created: 2025-06-09 17:16:57 (1749482217), Last Read: 2025-06-16 07:17:53 (1750051073), Is Read: true
[16-Jun-2025 10:40:40 Europe/Berlin] Notification: Lead Update, Created: 2025-06-09 11:04:26 (1749459866), Last Read: 2025-06-16 07:17:53 (1750051073), Is Read: true
[16-Jun-2025 10:40:40 Europe/Berlin] Notification: Downpayment Tracker, Created: 2025-06-09 11:04:10 (1749459850), Last Read: 2025-06-16 07:17:53 (1750051073), Is Read: true
[16-Jun-2025 10:40:40 Europe/Berlin] Header loaded - Total notifications: 8, Unread count: 2
[16-Jun-2025 10:40:43 Europe/Berlin] Attempting database connection. DreamHost environment: false
[16-Jun-2025 10:40:43 Europe/Berlin] Database connection successful to localhost/real_estate_leads
[16-Jun-2025 10:40:43 Europe/Berlin] Database initialization error: Can't create table `real_estate_leads`.`projects` (errno: 150 "Foreign key constraint is incorrectly formed")
[16-Jun-2025 10:40:43 Europe/Berlin] Attempting database connection. DreamHost environment: false
[16-Jun-2025 10:40:43 Europe/Berlin] Database connection successful to localhost/real_estate_leads
[16-Jun-2025 10:40:43 Europe/Berlin] Attempting database connection. DreamHost environment: false
[16-Jun-2025 10:40:43 Europe/Berlin] Database connection successful to localhost/real_estate_leads
[16-Jun-2025 10:40:43 Europe/Berlin] Attempting database connection. DreamHost environment: false
[16-Jun-2025 10:40:43 Europe/Berlin] Database connection successful to localhost/real_estate_leads
[16-Jun-2025 10:40:43 Europe/Berlin] Attempting database connection. DreamHost environment: false
[16-Jun-2025 10:40:43 Europe/Berlin] Database connection successful to localhost/real_estate_leads
[16-Jun-2025 10:40:43 Europe/Berlin] getRecentNotifications - User ID: 15, Last Read: 2025-06-16 07:17:53
[16-Jun-2025 10:40:43 Europe/Berlin] Notification: Lead Update, Created: 2025-06-09 17:16:57 (1749482217), Last Read: 2025-06-16 07:17:53 (1750051073), Is Read: true
[16-Jun-2025 10:40:43 Europe/Berlin] Notification: Lead Update, Created: 2025-06-09 11:04:26 (1749459866), Last Read: 2025-06-16 07:17:53 (1750051073), Is Read: true
[16-Jun-2025 10:40:43 Europe/Berlin] Notification: Downpayment Tracker, Created: 2025-06-09 11:04:10 (1749459850), Last Read: 2025-06-16 07:17:53 (1750051073), Is Read: true
[16-Jun-2025 10:40:43 Europe/Berlin] Header loaded - Total notifications: 8, Unread count: 2
[16-Jun-2025 10:40:45 Europe/Berlin] Attempting database connection. DreamHost environment: false
[16-Jun-2025 10:40:45 Europe/Berlin] Database connection successful to localhost/real_estate_leads
[16-Jun-2025 10:40:45 Europe/Berlin] Database initialization error: Can't create table `real_estate_leads`.`projects` (errno: 150 "Foreign key constraint is incorrectly formed")
[16-Jun-2025 10:40:45 Europe/Berlin] Attempting database connection. DreamHost environment: false
[16-Jun-2025 10:40:45 Europe/Berlin] Database connection successful to localhost/real_estate_leads
[16-Jun-2025 10:40:45 Europe/Berlin] Attempting database connection. DreamHost environment: false
[16-Jun-2025 10:40:45 Europe/Berlin] Database connection successful to localhost/real_estate_leads
[16-Jun-2025 10:40:45 Europe/Berlin] Attempting database connection. DreamHost environment: false
[16-Jun-2025 10:40:45 Europe/Berlin] Database connection successful to localhost/real_estate_leads
[16-Jun-2025 10:40:45 Europe/Berlin] getRecentNotifications - User ID: 15, Last Read: 2025-06-16 07:17:53
[16-Jun-2025 10:40:45 Europe/Berlin] Notification: Lead Update, Created: 2025-06-09 17:16:57 (1749482217), Last Read: 2025-06-16 07:17:53 (1750051073), Is Read: true
[16-Jun-2025 10:40:45 Europe/Berlin] Notification: Lead Update, Created: 2025-06-09 11:04:26 (1749459866), Last Read: 2025-06-16 07:17:53 (1750051073), Is Read: true
[16-Jun-2025 10:40:45 Europe/Berlin] Notification: Downpayment Tracker, Created: 2025-06-09 11:04:10 (1749459850), Last Read: 2025-06-16 07:17:53 (1750051073), Is Read: true
[16-Jun-2025 10:40:45 Europe/Berlin] Header loaded - Total notifications: 8, Unread count: 2
[16-Jun-2025 10:42:03 Europe/Berlin] Attempting database connection. DreamHost environment: false
[16-Jun-2025 10:42:03 Europe/Berlin] Database connection successful to localhost/real_estate_leads
[16-Jun-2025 10:42:03 Europe/Berlin] Database initialization error: Can't create table `real_estate_leads`.`projects` (errno: 150 "Foreign key constraint is incorrectly formed")
[16-Jun-2025 10:42:03 Europe/Berlin] Attempting database connection. DreamHost environment: false
[16-Jun-2025 10:42:03 Europe/Berlin] Database connection successful to localhost/real_estate_leads
[16-Jun-2025 10:42:03 Europe/Berlin] Attempting database connection. DreamHost environment: false
[16-Jun-2025 10:42:03 Europe/Berlin] Database connection successful to localhost/real_estate_leads
[16-Jun-2025 10:42:03 Europe/Berlin] getRecentNotifications - User ID: 15, Last Read: 2025-06-16 07:17:53
[16-Jun-2025 10:42:04 Europe/Berlin] Notification: Lead Update, Created: 2025-06-09 17:16:57 (1749482217), Last Read: 2025-06-16 07:17:53 (1750051073), Is Read: true
[16-Jun-2025 10:42:04 Europe/Berlin] Notification: Lead Update, Created: 2025-06-09 11:04:26 (1749459866), Last Read: 2025-06-16 07:17:53 (1750051073), Is Read: true
[16-Jun-2025 10:42:04 Europe/Berlin] Notification: Downpayment Tracker, Created: 2025-06-09 11:04:10 (1749459850), Last Read: 2025-06-16 07:17:53 (1750051073), Is Read: true
[16-Jun-2025 10:42:04 Europe/Berlin] Header loaded - Total notifications: 8, Unread count: 2
[16-Jun-2025 10:43:21 Europe/Berlin] Attempting database connection. DreamHost environment: false
[16-Jun-2025 10:43:21 Europe/Berlin] Database connection successful to localhost/real_estate_leads
[16-Jun-2025 10:43:21 Europe/Berlin] Database initialization error: Can't create table `real_estate_leads`.`projects` (errno: 150 "Foreign key constraint is incorrectly formed")
[16-Jun-2025 10:43:21 Europe/Berlin] Attempting database connection. DreamHost environment: false
[16-Jun-2025 10:43:22 Europe/Berlin] Database connection successful to localhost/real_estate_leads
[16-Jun-2025 10:43:22 Europe/Berlin] Attempting database connection. DreamHost environment: false
[16-Jun-2025 10:43:22 Europe/Berlin] Database connection successful to localhost/real_estate_leads
[16-Jun-2025 10:43:22 Europe/Berlin] Attempting database connection. DreamHost environment: false
[16-Jun-2025 10:43:22 Europe/Berlin] Database connection successful to localhost/real_estate_leads
[16-Jun-2025 10:43:22 Europe/Berlin] getRecentNotifications - User ID: 15, Last Read: 2025-06-16 07:17:53
[16-Jun-2025 10:43:22 Europe/Berlin] Notification: Lead Update, Created: 2025-06-09 17:16:57 (1749482217), Last Read: 2025-06-16 07:17:53 (1750051073), Is Read: true
[16-Jun-2025 10:43:22 Europe/Berlin] Notification: Lead Update, Created: 2025-06-09 11:04:26 (1749459866), Last Read: 2025-06-16 07:17:53 (1750051073), Is Read: true
[16-Jun-2025 10:43:22 Europe/Berlin] Notification: Downpayment Tracker, Created: 2025-06-09 11:04:10 (1749459850), Last Read: 2025-06-16 07:17:53 (1750051073), Is Read: true
[16-Jun-2025 10:43:22 Europe/Berlin] Header loaded - Total notifications: 8, Unread count: 2
[16-Jun-2025 10:43:25 Europe/Berlin] Attempting database connection. DreamHost environment: false
[16-Jun-2025 10:43:25 Europe/Berlin] Database connection successful to localhost/real_estate_leads
[16-Jun-2025 10:43:26 Europe/Berlin] Database initialization error: Can't create table `real_estate_leads`.`projects` (errno: 150 "Foreign key constraint is incorrectly formed")
[16-Jun-2025 10:43:26 Europe/Berlin] Attempting database connection. DreamHost environment: false
[16-Jun-2025 10:43:26 Europe/Berlin] Database connection successful to localhost/real_estate_leads
[16-Jun-2025 10:43:26 Europe/Berlin] Attempting database connection. DreamHost environment: false
[16-Jun-2025 10:43:26 Europe/Berlin] Database connection successful to localhost/real_estate_leads
[16-Jun-2025 10:43:26 Europe/Berlin] Attempting database connection. DreamHost environment: false
[16-Jun-2025 10:43:26 Europe/Berlin] Database connection successful to localhost/real_estate_leads
[16-Jun-2025 10:43:26 Europe/Berlin] getRecentNotifications - User ID: 15, Last Read: 2025-06-16 07:17:53
[16-Jun-2025 10:43:26 Europe/Berlin] Notification: Lead Update, Created: 2025-06-09 17:16:57 (1749482217), Last Read: 2025-06-16 07:17:53 (1750051073), Is Read: true
[16-Jun-2025 10:43:26 Europe/Berlin] Notification: Lead Update, Created: 2025-06-09 11:04:26 (1749459866), Last Read: 2025-06-16 07:17:53 (1750051073), Is Read: true
[16-Jun-2025 10:43:26 Europe/Berlin] Notification: Downpayment Tracker, Created: 2025-06-09 11:04:10 (1749459850), Last Read: 2025-06-16 07:17:53 (1750051073), Is Read: true
[16-Jun-2025 10:43:26 Europe/Berlin] Header loaded - Total notifications: 8, Unread count: 2
[16-Jun-2025 10:44:16 Europe/Berlin] Attempting database connection. DreamHost environment: false
[16-Jun-2025 10:44:16 Europe/Berlin] Database connection successful to localhost/real_estate_leads
[16-Jun-2025 10:44:16 Europe/Berlin] Database initialization error: Can't create table `real_estate_leads`.`projects` (errno: 150 "Foreign key constraint is incorrectly formed")
[16-Jun-2025 10:44:16 Europe/Berlin] Attempting database connection. DreamHost environment: false
[16-Jun-2025 10:44:16 Europe/Berlin] Database connection successful to localhost/real_estate_leads
[16-Jun-2025 10:44:16 Europe/Berlin] Attempting database connection. DreamHost environment: false
[16-Jun-2025 10:44:16 Europe/Berlin] Database connection successful to localhost/real_estate_leads
[16-Jun-2025 10:44:16 Europe/Berlin] getRecentNotifications - User ID: 15, Last Read: 2025-06-16 07:17:53
[16-Jun-2025 10:44:16 Europe/Berlin] Notification: Lead Update, Created: 2025-06-09 17:16:57 (1749482217), Last Read: 2025-06-16 07:17:53 (1750051073), Is Read: true
[16-Jun-2025 10:44:16 Europe/Berlin] Notification: Lead Update, Created: 2025-06-09 11:04:26 (1749459866), Last Read: 2025-06-16 07:17:53 (1750051073), Is Read: true
[16-Jun-2025 10:44:16 Europe/Berlin] Notification: Downpayment Tracker, Created: 2025-06-09 11:04:10 (1749459850), Last Read: 2025-06-16 07:17:53 (1750051073), Is Read: true
[16-Jun-2025 10:44:16 Europe/Berlin] Header loaded - Total notifications: 8, Unread count: 2
[16-Jun-2025 10:45:52 Europe/Berlin] Attempting database connection. DreamHost environment: false
[16-Jun-2025 10:45:52 Europe/Berlin] Database connection successful to localhost/real_estate_leads
[16-Jun-2025 10:45:52 Europe/Berlin] Database initialization error: Can't create table `real_estate_leads`.`projects` (errno: 150 "Foreign key constraint is incorrectly formed")
[16-Jun-2025 10:45:52 Europe/Berlin] Attempting database connection. DreamHost environment: false
[16-Jun-2025 10:45:52 Europe/Berlin] Database connection successful to localhost/real_estate_leads
[16-Jun-2025 10:45:52 Europe/Berlin] Attempting database connection. DreamHost environment: false
[16-Jun-2025 10:45:52 Europe/Berlin] Database connection successful to localhost/real_estate_leads
[16-Jun-2025 10:45:52 Europe/Berlin] Attempting database connection. DreamHost environment: false
[16-Jun-2025 10:45:52 Europe/Berlin] Database connection successful to localhost/real_estate_leads
[16-Jun-2025 10:45:52 Europe/Berlin] getRecentNotifications - User ID: 15, Last Read: 2025-06-16 07:17:53
[16-Jun-2025 10:45:52 Europe/Berlin] Notification: Lead Update, Created: 2025-06-09 17:16:57 (1749482217), Last Read: 2025-06-16 07:17:53 (1750051073), Is Read: true
[16-Jun-2025 10:45:52 Europe/Berlin] Notification: Lead Update, Created: 2025-06-09 11:04:26 (1749459866), Last Read: 2025-06-16 07:17:53 (1750051073), Is Read: true
[16-Jun-2025 10:45:52 Europe/Berlin] Notification: Downpayment Tracker, Created: 2025-06-09 11:04:10 (1749459850), Last Read: 2025-06-16 07:17:53 (1750051073), Is Read: true
[16-Jun-2025 10:45:52 Europe/Berlin] Header loaded - Total notifications: 8, Unread count: 2
[16-Jun-2025 10:47:29 Europe/Berlin] Attempting database connection. DreamHost environment: false
[16-Jun-2025 10:47:29 Europe/Berlin] Database connection successful to localhost/real_estate_leads
[16-Jun-2025 10:47:29 Europe/Berlin] Database initialization error: Can't create table `real_estate_leads`.`projects` (errno: 150 "Foreign key constraint is incorrectly formed")
[16-Jun-2025 10:47:29 Europe/Berlin] Attempting database connection. DreamHost environment: false
[16-Jun-2025 10:47:29 Europe/Berlin] Database connection successful to localhost/real_estate_leads
[16-Jun-2025 10:47:29 Europe/Berlin] Attempting database connection. DreamHost environment: false
[16-Jun-2025 10:47:29 Europe/Berlin] Database connection successful to localhost/real_estate_leads
[16-Jun-2025 10:47:29 Europe/Berlin] Attempting database connection. DreamHost environment: false
[16-Jun-2025 10:47:29 Europe/Berlin] Database connection successful to localhost/real_estate_leads
[16-Jun-2025 10:47:29 Europe/Berlin] Attempting database connection. DreamHost environment: false
[16-Jun-2025 10:47:29 Europe/Berlin] Database connection successful to localhost/real_estate_leads
[16-Jun-2025 10:47:29 Europe/Berlin] getRecentNotifications - User ID: 15, Last Read: 2025-06-16 07:17:53
[16-Jun-2025 10:47:29 Europe/Berlin] Notification: Lead Update, Created: 2025-06-09 17:16:57 (1749482217), Last Read: 2025-06-16 07:17:53 (1750051073), Is Read: true
[16-Jun-2025 10:47:29 Europe/Berlin] Notification: Lead Update, Created: 2025-06-09 11:04:26 (1749459866), Last Read: 2025-06-16 07:17:53 (1750051073), Is Read: true
[16-Jun-2025 10:47:29 Europe/Berlin] Notification: Downpayment Tracker, Created: 2025-06-09 11:04:10 (1749459850), Last Read: 2025-06-16 07:17:53 (1750051073), Is Read: true
[16-Jun-2025 10:47:29 Europe/Berlin] Header loaded - Total notifications: 8, Unread count: 2
[16-Jun-2025 10:47:31 Europe/Berlin] Attempting database connection. DreamHost environment: false
[16-Jun-2025 10:47:31 Europe/Berlin] Database connection successful to localhost/real_estate_leads
[16-Jun-2025 10:47:31 Europe/Berlin] Database initialization error: Can't create table `real_estate_leads`.`projects` (errno: 150 "Foreign key constraint is incorrectly formed")
[16-Jun-2025 10:47:31 Europe/Berlin] Attempting database connection. DreamHost environment: false
[16-Jun-2025 10:47:31 Europe/Berlin] Database connection successful to localhost/real_estate_leads
[16-Jun-2025 10:47:31 Europe/Berlin] Attempting database connection. DreamHost environment: false
[16-Jun-2025 10:47:31 Europe/Berlin] Database connection successful to localhost/real_estate_leads
[16-Jun-2025 10:47:31 Europe/Berlin] Attempting database connection. DreamHost environment: false
[16-Jun-2025 10:47:31 Europe/Berlin] Database connection successful to localhost/real_estate_leads
[16-Jun-2025 10:47:31 Europe/Berlin] Attempting database connection. DreamHost environment: false
[16-Jun-2025 10:47:31 Europe/Berlin] Database connection successful to localhost/real_estate_leads
[16-Jun-2025 10:47:31 Europe/Berlin] getRecentNotifications - User ID: 15, Last Read: 2025-06-16 07:17:53
[16-Jun-2025 10:47:31 Europe/Berlin] Notification: Lead Update, Created: 2025-06-09 17:16:57 (1749482217), Last Read: 2025-06-16 07:17:53 (1750051073), Is Read: true
[16-Jun-2025 10:47:31 Europe/Berlin] Notification: Lead Update, Created: 2025-06-09 11:04:26 (1749459866), Last Read: 2025-06-16 07:17:53 (1750051073), Is Read: true
[16-Jun-2025 10:47:31 Europe/Berlin] Notification: Downpayment Tracker, Created: 2025-06-09 11:04:10 (1749459850), Last Read: 2025-06-16 07:17:53 (1750051073), Is Read: true
[16-Jun-2025 10:47:31 Europe/Berlin] Header loaded - Total notifications: 8, Unread count: 2
[16-Jun-2025 10:50:58 Europe/Berlin] Attempting database connection. DreamHost environment: false
[16-Jun-2025 10:50:58 Europe/Berlin] Database connection successful to localhost/real_estate_leads
[16-Jun-2025 10:50:59 Europe/Berlin] Database initialization error: Can't create table `real_estate_leads`.`projects` (errno: 150 "Foreign key constraint is incorrectly formed")
[16-Jun-2025 10:50:59 Europe/Berlin] Attempting database connection. DreamHost environment: false
[16-Jun-2025 10:50:59 Europe/Berlin] Database connection successful to localhost/real_estate_leads
[16-Jun-2025 10:50:59 Europe/Berlin] Attempting database connection. DreamHost environment: false
[16-Jun-2025 10:50:59 Europe/Berlin] Database connection successful to localhost/real_estate_leads
[16-Jun-2025 10:50:59 Europe/Berlin] Attempting database connection. DreamHost environment: false
[16-Jun-2025 10:50:59 Europe/Berlin] Database connection successful to localhost/real_estate_leads
[16-Jun-2025 10:50:59 Europe/Berlin] getRecentNotifications - User ID: 15, Last Read: 2025-06-16 07:17:53
[16-Jun-2025 10:50:59 Europe/Berlin] Notification: Lead Update, Created: 2025-06-09 17:16:57 (1749482217), Last Read: 2025-06-16 07:17:53 (1750051073), Is Read: true
[16-Jun-2025 10:50:59 Europe/Berlin] Notification: Lead Update, Created: 2025-06-09 11:04:26 (1749459866), Last Read: 2025-06-16 07:17:53 (1750051073), Is Read: true
[16-Jun-2025 10:50:59 Europe/Berlin] Notification: Downpayment Tracker, Created: 2025-06-09 11:04:10 (1749459850), Last Read: 2025-06-16 07:17:53 (1750051073), Is Read: true
[16-Jun-2025 10:50:59 Europe/Berlin] Header loaded - Total notifications: 8, Unread count: 2
[16-Jun-2025 10:52:27 Europe/Berlin] Attempting database connection. DreamHost environment: false
[16-Jun-2025 10:52:27 Europe/Berlin] Database connection successful to localhost/real_estate_leads
[16-Jun-2025 10:52:27 Europe/Berlin] Database initialization error: Can't create table `real_estate_leads`.`projects` (errno: 150 "Foreign key constraint is incorrectly formed")
[16-Jun-2025 10:52:27 Europe/Berlin] Attempting database connection. DreamHost environment: false
[16-Jun-2025 10:52:27 Europe/Berlin] Database connection successful to localhost/real_estate_leads
[16-Jun-2025 10:52:27 Europe/Berlin] Attempting database connection. DreamHost environment: false
[16-Jun-2025 10:52:27 Europe/Berlin] Database connection successful to localhost/real_estate_leads
[16-Jun-2025 10:52:27 Europe/Berlin] Attempting database connection. DreamHost environment: false
[16-Jun-2025 10:52:27 Europe/Berlin] Database connection successful to localhost/real_estate_leads
[16-Jun-2025 10:52:27 Europe/Berlin] Attempting database connection. DreamHost environment: false
[16-Jun-2025 10:52:27 Europe/Berlin] Database connection successful to localhost/real_estate_leads
[16-Jun-2025 10:52:27 Europe/Berlin] getRecentNotifications - User ID: 15, Last Read: 2025-06-16 07:17:53
[16-Jun-2025 10:52:27 Europe/Berlin] Notification: Lead Update, Created: 2025-06-09 17:16:57 (1749482217), Last Read: 2025-06-16 07:17:53 (1750051073), Is Read: true
[16-Jun-2025 10:52:27 Europe/Berlin] Notification: Lead Update, Created: 2025-06-09 11:04:26 (1749459866), Last Read: 2025-06-16 07:17:53 (1750051073), Is Read: true
[16-Jun-2025 10:52:27 Europe/Berlin] Notification: Downpayment Tracker, Created: 2025-06-09 11:04:10 (1749459850), Last Read: 2025-06-16 07:17:53 (1750051073), Is Read: true
[16-Jun-2025 10:52:27 Europe/Berlin] Header loaded - Total notifications: 8, Unread count: 2
[16-Jun-2025 10:52:30 Europe/Berlin] Attempting database connection. DreamHost environment: false
[16-Jun-2025 10:52:30 Europe/Berlin] Database connection successful to localhost/real_estate_leads
[16-Jun-2025 10:52:31 Europe/Berlin] Database initialization error: Can't create table `real_estate_leads`.`projects` (errno: 150 "Foreign key constraint is incorrectly formed")
[16-Jun-2025 10:52:31 Europe/Berlin] Attempting database connection. DreamHost environment: false
[16-Jun-2025 10:52:31 Europe/Berlin] Database connection successful to localhost/real_estate_leads
[16-Jun-2025 10:52:31 Europe/Berlin] Attempting database connection. DreamHost environment: false
[16-Jun-2025 10:52:31 Europe/Berlin] Database connection successful to localhost/real_estate_leads
[16-Jun-2025 10:52:31 Europe/Berlin] Attempting database connection. DreamHost environment: false
[16-Jun-2025 10:52:31 Europe/Berlin] Database connection successful to localhost/real_estate_leads
[16-Jun-2025 10:52:31 Europe/Berlin] Attempting database connection. DreamHost environment: false
[16-Jun-2025 10:52:31 Europe/Berlin] Database connection successful to localhost/real_estate_leads
[16-Jun-2025 10:52:31 Europe/Berlin] getRecentNotifications - User ID: 15, Last Read: 2025-06-16 07:17:53
[16-Jun-2025 10:52:31 Europe/Berlin] Notification: Lead Update, Created: 2025-06-09 17:16:57 (1749482217), Last Read: 2025-06-16 07:17:53 (1750051073), Is Read: true
[16-Jun-2025 10:52:31 Europe/Berlin] Notification: Lead Update, Created: 2025-06-09 11:04:26 (1749459866), Last Read: 2025-06-16 07:17:53 (1750051073), Is Read: true
[16-Jun-2025 10:52:31 Europe/Berlin] Notification: Downpayment Tracker, Created: 2025-06-09 11:04:10 (1749459850), Last Read: 2025-06-16 07:17:53 (1750051073), Is Read: true
[16-Jun-2025 10:52:31 Europe/Berlin] Header loaded - Total notifications: 8, Unread count: 2
